ano;mes;regime;folha_total;num_registros;num_matriculas;percentual
2022;1;PROF/HOR/ESTAT - LEI 8336/2007;16254126.06;3671;1850;23.13
2022;1;ESTATUTARIOS MEN/ LEI 8336/07;14666853.32;5246;3454;20.87
2022;1;ESTATUTARIO                  E;7775759.73;1232;976;11.06
2022;1;PROF/HORISTAS/ESTATUTARIOS   E;6097989.91;883;453;8.68
2022;1;ESTAT. HORISTAS/NOVOS 8336/07;5563234.93;873;767;7.92
2022;1;ESTATUTARIO/HORISTAS         E;5493665.83;578;514;7.82
2022;1;COMIS.ESTAT/MENSAL NOVOS (INC);3534696.24;469;394;5.03
2022;1;MED.PLANT.ESTAT -LEI 8336/2007;2090448.6;131;111;2.97
2022;1;PROF/EVENT/SUBST/AUTONOMOS   A;1393613.43;1443;1424;1.98
2022;1;MEDICOS PLANTONISTAS/ESTATUT.;1370252.89;60;52;1.95
2022;1;C.L.T./TEMP/HORISTA;962836.35;104;101;1.37
2022;1;COMIS ESTAT/MENSAL(INCORPORAN);704294.55;68;60;1.0
2022;1;COMISSAO/EXTERNO             S;652346.49;60;55;0.93
2022;1;ACUMULO DE GRATIF-ESTAT NOVOS;581869.03;51;42;0.83
2022;1;APOS/PENS-CLT/COMPL.INSS     P;581692.33;184;184;0.83
2022;1;APOS/INAT-CLT/COMPL.INSS     P;512868.52;103;103;0.73
2022;1;COMIS.ESTAT/HOR(INCORP)NOVOS;357497.07;15;11;0.51
2022;1;C.L.T.                     C;325169.48;199;191;0.46
2022;1;AGENTE POLITICO              S;319884.49;23;16;0.46
2022;1;ESTAGIARIOS;315260.19;746;456;0.45
2022;1;COMIS.ESTAT/HOR(INCORPORANDO);169480.34;5;5;0.24
2022;1;AGENTE HONORIFICO;150461.58;38;32;0.21
2022;1;ACUMULO DE GRATTIFICACAO-ESTAT;127986.69;9;9;0.18
2022;1;COMIS ESTAT MENS(CARGO ORIGEM);79699.38;6;6;0.11
2022;1;COMIS. ESTAT. INT. NOVO;42420.229999999996;11;10;0.06
2022;1;AGENTE POLITICO RPPS NOVOS;38171.9;2;2;0.05
2022;1;C.L.T./PROF/TMP/HORISTA;31347.37;10;7;0.04
2022;1;COMIS ESTAT MENS(ORIGEM) NOVOS;27801.21;4;2;0.04
2022;1;PREFEITO                     S;20554.1;1;1;0.03
2022;1;VICE PREFEITO                S;17617.8;1;1;0.03
2022;1;ACUM FG-ANT.COM.EST.HR.C.ORIG;14792.3;2;1;0.02
2022;2;ESTATUTARIOS MEN/ LEI 8336/07;11930474.3;3370;3192;20.09
2022;2;PROF/HOR/ESTAT - LEI 8336/2007;10726427.2;1842;1832;18.06
2022;2;ESTATUTARIO                  E;6881805.81;1018;934;11.59
2022;2;ESTAT. HORISTAS/NOVOS 8336/07;5576491.66;856;746;9.39
2022;2;ESTATUTARIO/HORISTAS         E;5378561.22;581;496;9.06
2022;2;COMIS.ESTAT/MENSAL NOVOS (INC);4186090.78;577;462;7.05
2022;2;PROF/HORISTAS/ESTATUTARIOS   E;4004814.63;447;446;6.74
2022;2;MED.PLANT.ESTAT -LEI 8336/2007;1872111.04;124;107;3.15
2022;2;MEDICOS PLANTONISTAS/ESTATUT.;1243039.58;61;51;2.09
2022;2;C.L.T./TEMP/HORISTA;1008028.36;98;96;1.7
2022;2;ACUMULO DE GRATIF-ESTAT NOVOS;978433.17;95;61;1.65
2022;2;COMISSAO/EXTERNO             S;828565.95;82;68;1.4
2022;2;COMIS ESTAT/MENSAL(INCORPORAN);817185.54;71;62;1.38
2022;2;APOS/PENS-CLT/COMPL.INSS     P;571319.19;183;183;0.96
2022;2;ACUMULO DE GRATTIFICACAO-ESTAT;559119.27;49;27;0.94
2022;2;APOS/INAT-CLT/COMPL.INSS     P;502648.85;103;103;0.85
2022;2;ESTAGIARIOS;465344.16000000003;525;507;0.78
2022;2;COMIS.ESTAT/HOR(INCORP)NOVOS;402886.0;15;13;0.68
2022;2;C.L.T.                     C;392498.6;247;222;0.66
2022;2;COMIS.ESTAT/HOR(INCORPORANDO);305700.88;13;8;0.51
2022;2;AGENTE POLITICO              S;291868.22;17;16;0.49
2022;2;AGENTE HONORIFICO;157755.84;38;32;0.27
2022;2;COMIS ESTAT MENS(CARGO ORIGEM);93634.74;6;5;0.16
2022;2;COMIS. ESTAT. INT. NOVO;49648.15;9;6;0.08
2022;2;AGENTE POLITICO RPPS NOVOS;39150.67;3;2;0.07
2022;2;PREFEITO                     S;29363.01;1;1;0.05
2022;2;C.L.T./PROF/TMP/HORISTA;28450.300000000003;11;11;0.05
2022;2;COMIS ESTAT MENS(ORIGEM) NOVOS;18661.15;2;2;0.03
2022;2;VICE PREFEITO                S;17617.8;1;1;0.03
2022;2;ACUM FG-ANT.COM.EST.HR.C.ORIG;11392.08;2;1;0.02
2022;2;PROF/EVENT/SUBST/AUTONOMOS   A;8827.01;45;36;0.01
2022;3;ESTATUTARIOS MEN/ LEI 8336/07;13842905.66;3454;3178;20.1
2022;3;PROF/HOR/ESTAT - LEI 8336/2007;13369263.77;1873;1858;19.41
2022;3;ESTATUTARIO                  E;7898894.58;1051;928;11.47
2022;3;ESTATUTARIO/HORISTAS         E;5973839.22;589;494;8.67
2022;3;ESTAT. HORISTAS/NOVOS 8336/07;5955957.79;897;748;8.65
2022;3;PROF/HORISTAS/ESTATUTARIOS   E;5037307.46;444;441;7.31
2022;3;COMIS.ESTAT/MENSAL NOVOS (INC);4546255.53;551;476;6.6
2022;3;MED.PLANT.ESTAT -LEI 8336/2007;1950143.57;123;105;2.83
2022;3;PROF/EVENT/SUBST/AUTONOMOS   A;1379758.35;1505;1497;2.0
2022;3;MEDICOS PLANTONISTAS/ESTATUT.;1192586.86;61;51;1.73
2022;3;C.L.T./TEMP/HORISTA;983281.48;96;94;1.43
2022;3;ACUMULO DE GRATIF-ESTAT NOVOS;964386.46;76;65;1.4
2022;3;COMISSAO/EXTERNO             S;798548.6499999999;74;69;1.16
2022;3;ESTAGIARIOS;726518.4;695;643;1.05
2022;3;COMIS ESTAT/MENSAL(INCORPORAN);710426.57;71;61;1.03
2022;3;APOS/PENS-CLT/COMPL.INSS     P;565786.2;181;181;0.82
2022;3;ACUMULO DE GRATTIFICACAO-ESTAT;540288.75;36;27;0.78
2022;3;APOS/INAT-CLT/COMPL.INSS     P;500821.52;102;102;0.73
2022;3;COMIS.ESTAT/HOR(INCORP)NOVOS;469029.77;17;14;0.68
2022;3;C.L.T.                     C;396540.61;246;221;0.58
2022;3;AGENTE POLITICO              S;310269.02;17;17;0.45
2022;3;COMIS.ESTAT/HOR(INCORPORANDO);188254.0;6;5;0.27
2022;3;AGENTE HONORIFICO;145421.38;35;32;0.21
2022;3;ACUM FG-ANT.COM.EST.HR.C.ORIG;128815.73999999999;7;4;0.19
2022;3;COMIS ESTAT MENS(CARGO ORIGEM);116010.15;9;6;0.17
2022;3;COMIS. ESTAT. INT. NOVO;44476.47;7;6;0.06
2022;3;AGENTE POLITICO RPPS NOVOS;35235.6;2;2;0.05
2022;3;PREFEITO                     S;29363.01;1;1;0.04
2022;3;C.L.T./PROF/TMP/HORISTA;28591.67;8;8;0.04
2022;3;COMIS ESTAT MENS(ORIGEM) NOVOS;18726.8;2;2;0.03
2022;3;VICE PREFEITO                S;17617.8;1;1;0.03
2022;4;ESTATUTARIOS MEN/ LEI 8336/07;13885517.1;3418;3179;19.16
2022;4;PROF/HOR/ESTAT - LEI 8336/2007;13514870.8;1879;1849;18.65
2022;4;ESTATUTARIO                  E;8018498.83;1001;921;11.07
2022;4;ESTATUTARIO/HORISTAS         E;6629848.5;590;494;9.15
2022;4;ESTAT. HORISTAS/NOVOS 8336/07;6539711.09;873;744;9.03
2022;4;PROF/HORISTAS/ESTATUTARIOS   E;4935612.33;445;439;6.81
2022;4;COMIS.ESTAT/MENSAL NOVOS (INC);4587602.4;546;473;6.33
2022;4;PROF/EVENT/SUBST/AUTONOMOS   A;2270788.83;1745;1712;3.13
2022;4;MED.PLANT.ESTAT -LEI 8336/2007;2228498.09;133;104;3.08
2022;4;MEDICOS PLANTONISTAS/ESTATUT.;1500248.1;70;51;2.07
2022;4;C.L.T./TEMP/HORISTA;1156432.24;96;90;1.6
2022;4;ACUMULO DE GRATIF-ESTAT NOVOS;1020619.89;77;70;1.41
2022;4;COMISSAO/EXTERNO             S;908969.31;76;70;1.25
2022;4;COMIS ESTAT/MENSAL(INCORPORAN);781723.71;68;60;1.08
2022;4;ESTAGIARIOS;742121.6;707;694;1.02
2022;4;APOS/PENS-CLT/COMPL.INSS     P;620211.54;179;179;0.86
2022;4;APOS/INAT-CLT/COMPL.INSS     P;544752.21;99;99;0.75
2022;4;ACUMULO DE GRATTIFICACAO-ESTAT;515756.77999999997;29;26;0.71
2022;4;COMIS.ESTAT/HOR(INCORP)NOVOS;489887.43;15;14;0.68
2022;4;C.L.T.                     C;455240.34;239;218;0.63
2022;4;AGENTE POLITICO              S;320937.58;18;17;0.44
2022;4;AGENTE HONORIFICO;191937.81999999998;39;32;0.26
2022;4;COMIS.ESTAT/HOR(INCORPORANDO);186152.25;5;5;0.26
2022;4;COMIS ESTAT MENS(CARGO ORIGEM);107156.95;6;6;0.15
2022;4;ACUM FG-ANT.COM.EST.HR.C.ORIG;79756.35;4;4;0.11
2022;4;AGENTE POLITICO RPPS NOVOS;58805.81999999999;2;2;0.08
2022;4;COMIS. ESTAT. INT. NOVO;56604.03;7;7;0.08
2022;4;C.L.T./PROF/TMP/HORISTA;44813.7;16;16;0.06
2022;4;PREFEITO                     S;28384.24;1;1;0.04
2022;4;COMIS ESTAT MENS(ORIGEM) NOVOS;21052.36;3;2;0.03
2022;4;VICE PREFEITO                S;17617.8;1;1;0.02
2022;5;ESTATUTARIOS MEN/ LEI 8336/07;14987768.18;3495;3281;19.93
2022;5;PROF/HOR/ESTAT - LEI 8336/2007;14126464.76;1973;1947;18.79
2022;5;ESTATUTARIO                  E;8302270.21;991;913;11.04
2022;5;ESTAT. HORISTAS/NOVOS 8336/07;6827278.31;822;742;9.08
2022;5;ESTATUTARIO/HORISTAS         E;6559665.9;537;489;8.72
2022;5;PROF/HORISTAS/ESTATUTARIOS   E;4975463.08;439;434;6.62
2022;5;COMIS.ESTAT/MENSAL NOVOS (INC);4947567.39;555;470;6.58
2022;5;MED.PLANT.ESTAT -LEI 8336/2007;2273850.93;114;103;3.02
2022;5;PROF/EVENT/SUBST/AUTONOMOS   A;2076217.36;1753;1658;2.76
2022;5;MEDICOS PLANTONISTAS/ESTATUT.;1565388.17;60;51;2.08
2022;5;C.L.T./TEMP/HORISTA;1195203.23;89;88;1.59
2022;5;ACUMULO DE GRATIF-ESTAT NOVOS;1104949.6;88;73;1.47
2022;5;COMISSAO/EXTERNO             S;917321.5;72;69;1.22
2022;5;COMIS ESTAT/MENSAL(INCORPORAN);848648.9;74;59;1.13
2022;5;ESTAGIARIOS;799432.65;783;768;1.06
2022;5;APOS/PENS-CLT/COMPL.INSS     P;620008.03;182;182;0.82
2022;5;COMIS.ESTAT/HOR(INCORP)NOVOS;547767.16;17;16;0.73
2022;5;APOS/INAT-CLT/COMPL.INSS     P;541966.72;105;105;0.72
2022;5;ACUMULO DE GRATTIFICACAO-ESTAT;496922.57;29;25;0.66
2022;5;C.L.T.                     C;445014.97000000003;219;205;0.59
2022;5;AGENTE POLITICO              S;281884.8;16;16;0.37
2022;5;AGENTE HONORIFICO;173809.00999999998;35;31;0.23
2022;5;COMIS.ESTAT/HOR(INCORPORANDO);161161.84;4;4;0.21
2022;5;COMIS ESTAT MENS(CARGO ORIGEM);100459.54000000001;6;6;0.13
2022;5;ACUM FG-ANT.COM.EST.HR.C.ORIG;82009.17;4;4;0.11
2022;5;COMIS. ESTAT. INT. NOVO;58026.62;7;7;0.08
2022;5;C.L.T./PROF/TMP/HORISTA;55079.119999999995;15;15;0.07
2022;5;COMIS ESTAT MENS(ORIGEM) NOVOS;44458.85;2;2;0.06
2022;5;AGENTE POLITICO RPPS NOVOS;35235.6;2;2;0.05
2022;5;PREFEITO                     S;29363.01;1;1;0.04
2022;5;VICE PREFEITO                S;17617.8;1;1;0.02
2022;6;ESTATUTARIOS MEN/ LEI 8336/07;14920598.71;3514;3288;19.93
2022;6;PROF/HOR/ESTAT - LEI 8336/2007;14112620.91;1962;1942;18.85
2022;6;ESTATUTARIO                  E;8265088.64;1006;910;11.04
2022;6;ESTATUTARIO/HORISTAS         E;6804200.68;568;486;9.09
2022;6;ESTAT. HORISTAS/NOVOS 8336/07;6776685.42;852;739;9.05
2022;6;COMIS.ESTAT/MENSAL NOVOS (INC);4719276.29;520;460;6.3
2022;6;PROF/HORISTAS/ESTATUTARIOS   E;4676624.06;427;425;6.25
2022;6;MED.PLANT.ESTAT -LEI 8336/2007;2192389.66;120;104;2.93
2022;6;PROF/EVENT/SUBST/AUTONOMOS   A;2026671.22;1754;1631;2.71
2022;6;MEDICOS PLANTONISTAS/ESTATUT.;1277167.83;54;50;1.71
2022;6;C.L.T./TEMP/HORISTA;1181602.8;87;82;1.58
2022;6;ACUMULO DE GRATIF-ESTAT NOVOS;1061038.65;84;77;1.42
2022;6;ESTAGIARIOS;863257.0399999999;829;825;1.15
2022;6;COMISSAO/EXTERNO             S;855472.31;73;69;1.14
2022;6;COMIS ESTAT/MENSAL(INCORPORAN);770740.45;61;59;1.03
2022;6;APOS/PENS-CLT/COMPL.INSS     P;616252.57;179;179;0.82
2022;6;C.L.T.                     C;596351.96;277;251;0.8
2022;6;COMIS.ESTAT/HOR(INCORP)NOVOS;540164.4400000001;17;15;0.72
2022;6;APOS/INAT-CLT/COMPL.INSS     P;536672.83;98;98;0.72
2022;6;ACUMULO DE GRATTIFICACAO-ESTAT;534271.22;30;27;0.71
2022;6;C.L.T./PROF/TMP/HORISTA;507906.69;124;124;0.68
2022;6;AGENTE POLITICO              S;282863.57;17;16;0.38
2022;6;COMIS.ESTAT/HOR(INCORPORANDO);171485.8;5;4;0.23
2022;6;AGENTE HONORIFICO;159145.5;32;31;0.21
2022;6;ACUM FG-ANT.COM.EST.HR.C.ORIG;148358.59;5;4;0.2
2022;6;COMIS ESTAT MENS(CARGO ORIGEM);109574.67;7;6;0.15
2022;6;COMIS. ESTAT. INT. NOVO;58836.44;7;7;0.08
2022;6;AGENTE POLITICO RPPS NOVOS;35235.6;2;2;0.05
2022;6;COMIS ESTAT MENS(ORIGEM) NOVOS;20610.72;2;2;0.03
2022;6;PREFEITO                     S;20554.1;1;1;0.03
2022;6;VICE PREFEITO                S;17617.8;1;1;0.02
2022;7;ESTATUTARIOS MEN/ LEI 8336/07;15008988.6;3610;3314;19.76
2022;7;PROF/HOR/ESTAT - LEI 8336/2007;14303685.21;1982;1958;18.83
2022;7;ESTATUTARIO                  E;7795577.24;1008;903;10.26
2022;7;ESTAT. HORISTAS/NOVOS 8336/07;7089762.84;927;736;9.34
2022;7;ESTATUTARIO/HORISTAS         E;6875127.35;606;480;9.05
2022;7;COMIS.ESTAT/MENSAL NOVOS (INC);5036152.51;586;476;6.63
2022;7;PROF/HORISTAS/ESTATUTARIOS   E;4797796.87;428;423;6.32
2022;7;MED.PLANT.ESTAT -LEI 8336/2007;2190345.4;134;104;2.88
2022;7;PROF/EVENT/SUBST/AUTONOMOS   A;1531486.21;1436;1424;2.02
2022;7;MEDICOS PLANTONISTAS/ESTATUT.;1346340.32;65;50;1.77
2022;7;ACUMULO DE GRATIF-ESTAT NOVOS;1137701.88;103;82;1.5
2022;7;C.L.T.                     C;1101193.85;279;249;1.45
2022;7;C.L.T./TEMP/HORISTA;1069282.59;82;78;1.41
2022;7;COMISSAO/EXTERNO             S;948456.88;85;69;1.25
2022;7;ESTAGIARIOS;888666.48;879;869;1.17
2022;7;COMIS ESTAT/MENSAL(INCORPORAN);792364.08;77;59;1.04
2022;7;C.L.T./PROF/TMP/HORISTA;650841.4299999999;127;124;0.86
2022;7;ACUMULO DE GRATTIFICACAO-ESTAT;617111.98;33;29;0.81
2022;7;APOS/PENS-CLT/COMPL.INSS     P;616252.57;179;179;0.81
2022;7;APOS/INAT-CLT/COMPL.INSS     P;545420.05;97;97;0.72
2022;7;COMIS.ESTAT/HOR(INCORP)NOVOS;491212.82;18;14;0.65
2022;7;AGENTE POLITICO              S;349028.18;20;16;0.46
2022;7;COMIS.ESTAT/HOR(INCORPORANDO);179975.97;6;5;0.24
2022;7;AGENTE HONORIFICO;167183.72;35;30;0.22
2022;7;ACUM FG-ANT.COM.EST.HR.C.ORIG;149996.46;8;6;0.2
2022;7;COMIS ESTAT MENS(CARGO ORIGEM);101542.34;7;6;0.13
2022;7;COMIS. ESTAT. INT. NOVO;58765.04;7;7;0.08
2022;7;AGENTE POLITICO RPPS NOVOS;35235.6;2;2;0.05
2022;7;PREFEITO                     S;29363.01;1;1;0.04
2022;7;COMIS ESTAT MENS(ORIGEM) NOVOS;23604.17;4;2;0.03
2022;7;VICE PREFEITO                S;17617.8;1;1;0.02
2022;8;ESTATUTARIOS MEN/ LEI 8336/07;14880760.26;3520;3338;20.35
2022;8;PROF/HOR/ESTAT - LEI 8336/2007;14237173.48;1961;1948;19.47
2022;8;ESTATUTARIO                  E;7699520.46;947;892;10.53
2022;8;ESTAT. HORISTAS/NOVOS 8336/07;6306637.6;811;731;8.62
2022;8;ESTATUTARIO/HORISTAS         E;6271433.99;525;476;8.58
2022;8;COMIS.ESTAT/MENSAL NOVOS (INC);4763705.1;548;476;6.51
2022;8;PROF/HORISTAS/ESTATUTARIOS   E;4721119.38;420;413;6.46
2022;8;MED.PLANT.ESTAT -LEI 8336/2007;2099044.15;113;104;2.87
2022;8;MEDICOS PLANTONISTAS/ESTATUT.;1508457.65;60;49;2.06
2022;8;ACUMULO DE GRATIF-ESTAT NOVOS;1354393.16;98;84;1.85
2022;8;C.L.T./TEMP/HORISTA;1080984.84;77;77;1.48
2022;8;PROF/EVENT/SUBST/AUTONOMOS   A;1064649.22;1448;1423;1.46
2022;8;ESTAGIARIOS;978058.7999999999;959;937;1.34
2022;8;COMISSAO/EXTERNO             S;915576.41;75;70;1.25
2022;8;C.L.T./PROF/TMP/HORISTA;743771.72;143;142;1.02
2022;8;COMIS ESTAT/MENSAL(INCORPORAN);686907.33;63;57;0.94
2022;8;C.L.T.                     C;652135.51;221;202;0.89
2022;8;APOS/PENS-CLT/COMPL.INSS     P;602059.83;177;177;0.82
2022;8;ACUMULO DE GRATTIFICACAO-ESTAT;518818.05;32;29;0.71
2022;8;APOS/INAT-CLT/COMPL.INSS     P;489222.33999999997;96;96;0.67
2022;8;COMIS.ESTAT/HOR(INCORP)NOVOS;446533.14;14;14;0.61
2022;8;AGENTE POLITICO              S;287072.26;16;15;0.39
2022;8;COMIS.ESTAT/HOR(INCORPORANDO);199546.93;6;5;0.27
2022;8;AGENTE HONORIFICO;158939.82;33;30;0.22
2022;8;ACUM FG-ANT.COM.EST.HR.C.ORIG;103697.2;7;6;0.14
2022;8;COMIS ESTAT MENS(CARGO ORIGEM);101869.41;7;6;0.14
2022;8;COMIS. ESTAT. INT. NOVO;93349.97;12;8;0.13
2022;8;C.L.T. MENSAL/TEMP;66216.52;26;26;0.09
2022;8;AGENTE POLITICO RPPS NOVOS;35235.6;2;2;0.05
2022;8;PREFEITO                     S;29363.01;1;1;0.04
2022;8;VICE PREFEITO                S;17617.8;1;1;0.02
2022;8;COMIS ESTAT MENS(ORIGEM) NOVOS;7949.38;1;1;0.01
2022;9;ESTATUTARIOS MEN/ LEI 8336/07;15126868.13;3746;3345;19.94
2022;9;PROF/HOR/ESTAT - LEI 8336/2007;14762364.76;2094;1943;19.46
2022;9;ESTATUTARIO                  E;7689888.3;1067;888;10.14
2022;9;ESTATUTARIO/HORISTAS         E;6625210.16;556;473;8.73
2022;9;ESTAT. HORISTAS/NOVOS 8336/07;6337992.71;851;727;8.35
2022;9;COMIS.ESTAT/MENSAL NOVOS (INC);4998115.65;583;481;6.59
2022;9;PROF/HORISTAS/ESTATUTARIOS   E;4685563.15;441;409;6.18
2022;9;MED.PLANT.ESTAT -LEI 8336/2007;2400128.1;119;104;3.16
2022;9;PROF/EVENT/SUBST/AUTONOMOS   A;1776179.83;1533;1524;2.34
2022;9;MEDICOS PLANTONISTAS/ESTATUT.;1491273.76;57;48;1.97
2022;9;ACUMULO DE GRATIF-ESTAT NOVOS;1272467.34;100;83;1.68
2022;9;C.L.T./TEMP/HORISTA;1065720.5;81;77;1.4
2022;9;COMISSAO/EXTERNO             S;981776.1000000001;81;69;1.29
2022;9;ESTAGIARIOS;965830.1599999999;946;942;1.27
2022;9;COMIS ESTAT/MENSAL(INCORPORAN);794475.2;71;56;1.05
2022;9;C.L.T./PROF/TMP/HORISTA;744785.15;141;140;0.98
2022;9;C.L.T.                     C;651018.37;243;201;0.86
2022;9;APOS/PENS-CLT/COMPL.INSS     P;598589.36;181;176;0.79
2022;9;ACUMULO DE GRATTIFICACAO-ESTAT;512268.45;33;28;0.68
2022;9;COMIS.ESTAT/HOR(INCORP)NOVOS;496891.33;15;14;0.65
2022;9;APOS/INAT-CLT/COMPL.INSS     P;491065.19;97;96;0.65
2022;9;C.L.T. MENSAL/TEMP;317648.07;126;126;0.42
2022;9;AGENTE POLITICO              S;303026.14999999997;17;16;0.4
2022;9;COMIS.ESTAT/HOR(INCORPORANDO);229342.63;7;5;0.3
2022;9;AGENTE HONORIFICO;146879.25999999998;32;30;0.19
2022;9;COMIS ESTAT MENS(CARGO ORIGEM);117076.32;7;7;0.15
2022;9;ACUM FG-ANT.COM.EST.HR.C.ORIG;94040.72;5;5;0.12
2022;9;COMIS. ESTAT. INT. NOVO;79936.56;9;9;0.11
2022;9;AGENTE POLITICO RPPS NOVOS;35235.6;2;2;0.05
2022;9;COMIS ESTAT MENS(ORIGEM) NOVOS;33551.54;4;2;0.04
2022;9;PREFEITO                     S;28384.24;1;1;0.04
2022;9;VICE PREFEITO                S;17617.8;1;1;0.02
2022;10;ESTATUTARIOS MEN/ LEI 8336/07;18027628.08;5037;3379;22.98
2022;10;PROF/HOR/ESTAT - LEI 8336/2007;15081363.37;2012;1973;19.22
2022;10;ESTATUTARIO                  E;7775708.75;945;881;9.91
2022;10;ESTAT. HORISTAS/NOVOS 8336/07;6728771.26;841;727;8.58
2022;10;ESTATUTARIO/HORISTAS         E;6360600.65;521;469;8.11
2022;10;COMIS.ESTAT/MENSAL NOVOS (INC);4802556.08;547;478;6.12
2022;10;PROF/HORISTAS/ESTATUTARIOS   E;4692438.35;410;408;5.98
2022;10;MED.PLANT.ESTAT -LEI 8336/2007;2182179.47;115;105;2.78
2022;10;PROF/EVENT/SUBST/AUTONOMOS   A;1671993.98;1437;1398;2.13
2022;10;ACUMULO DE GRATIF-ESTAT NOVOS;1222934.58;97;85;1.56
2022;10;MEDICOS PLANTONISTAS/ESTATUT.;1197619.62;50;48;1.53
2022;10;C.L.T./TEMP/HORISTA;1049146.69;78;77;1.34
2022;10;ESTAGIARIOS;988071.0399999999;956;941;1.26
2022;10;COMISSAO/EXTERNO             S;839564.06;71;66;1.07
2022;10;COMIS ESTAT/MENSAL(INCORPORAN);759058.21;65;57;0.97
2022;10;C.L.T./PROF/TMP/HORISTA;754910.71;142;142;0.96
2022;10;APOS/PENS-CLT/COMPL.INSS     P;707734.21;225;176;0.9
2022;10;C.L.T.                     C;675113.08;193;181;0.86
2022;10;COMIS.ESTAT/HOR(INCORP)NOVOS;524484.46;17;13;0.67
2022;10;APOS/INAT-CLT/COMPL.INSS     P;520215.21;108;94;0.66
2022;10;ACUMULO DE GRATTIFICACAO-ESTAT;484187.46;29;28;0.62
2022;10;C.L.T. MENSAL/TEMP;357564.7;145;145;0.46
2022;10;AGENTE POLITICO              S;298621.7;16;15;0.38
2022;10;COMIS.ESTAT/HOR(INCORPORANDO);202375.53;6;5;0.26
2022;10;AGENTE HONORIFICO;166434.97999999998;35;30;0.21
2022;10;ACUM FG-ANT.COM.EST.HR.C.ORIG;111868.39;7;5;0.14
2022;10;COMIS ESTAT MENS(CARGO ORIGEM);98464.16;6;6;0.13
2022;10;COMIS. ESTAT. INT. NOVO;71301.76;8;8;0.09
2022;10;AGENTE POLITICO RPPS NOVOS;58122.06;2;2;0.07
2022;10;PREFEITO                     S;29363.01;1;1;0.04
2022;10;VICE PREFEITO                S;17617.8;1;1;0.02
2022;10;COMIS ESTAT MENS(ORIGEM) NOVOS;7949.38;1;1;0.01
2022;11;PROF/HOR/ESTAT - LEI 8336/2007;21614827.97;1995;1966;20.93
2022;11;ESTATUTARIOS MEN/ LEI 8336/07;21381006.42;3542;3358;20.7
2022;11;ESTATUTARIO                  E;10624188.29;929;879;10.29
2022;11;ESTAT. HORISTAS/NOVOS 8336/07;8465009.12;844;729;8.2
2022;11;ESTATUTARIO/HORISTAS         E;8201623.83;524;466;7.94
2022;11;COMIS.ESTAT/MENSAL NOVOS (INC);7189786.21;556;481;6.96
2022;11;PROF/HORISTAS/ESTATUTARIOS   E;6791296.19;408;407;6.58
2022;11;MED.PLANT.ESTAT -LEI 8336/2007;2656268.05;119;104;2.57
2022;11;PROF/EVENT/SUBST/AUTONOMOS   A;1683175.8699999999;1417;1399;1.63
2022;11;ACUMULO DE GRATIF-ESTAT NOVOS;1652742.55;102;87;1.6
2022;11;MEDICOS PLANTONISTAS/ESTATUT.;1635302.95;54;48;1.58
2022;11;C.L.T./TEMP/HORISTA;1415958.38;78;76;1.37
2022;11;COMISSAO/EXTERNO             S;1157704.84;68;63;1.12
2022;11;ESTAGIARIOS;1011714.7999999999;965;959;0.98
2022;11;COMIS ESTAT/MENSAL(INCORPORAN);932070.22;54;54;0.9
2022;11;APOS/PENS-CLT/COMPL.INSS     P;910847.51;173;173;0.88
2022;11;C.L.T.                     C;884696.6;208;180;0.86
2022;11;C.L.T./PROF/TMP/HORISTA;857457.37;128;128;0.83
2022;11;ACUMULO DE GRATTIFICACAO-ESTAT;744485.7;33;27;0.72
2022;11;APOS/INAT-CLT/COMPL.INSS     P;741605.26;94;94;0.72
2022;11;COMIS.ESTAT/HOR(INCORP)NOVOS;647275.15;16;13;0.63
2022;11;C.L.T. MENSAL/TEMP;410891.19;131;131;0.4
2022;11;AGENTE POLITICO              S;364101.22;15;15;0.35
2022;11;COMIS.ESTAT/HOR(INCORPORANDO);301317.29;6;5;0.29
2022;11;AGENTE HONORIFICO;256125.78;37;31;0.25
2022;11;ACUM FG-ANT.COM.EST.HR.C.ORIG;244600.24;8;7;0.24
2022;11;COMIS ESTAT MENS(CARGO ORIGEM);241158.19999999998;6;6;0.23
2022;11;AGENTE POLITICO RPPS NOVOS;105706.8;2;2;0.1
2022;11;COMIS. ESTAT. INT. NOVO;93415.58;8;7;0.09
2022;11;PREFEITO                     S;29363.01;1;1;0.03
2022;11;VICE PREFEITO                S;17617.8;1;1;0.02
2022;11;COMIS ESTAT MENS(ORIGEM) NOVOS;11924.07;1;1;0.01
2022;12;PROF/HOR/ESTAT - LEI 8336/2007;29464961.86;3943;1964;20.87
2022;12;ESTATUTARIOS MEN/ LEI 8336/07;28817833.06;6907;3343;20.42
2022;12;ESTATUTARIO                  E;14715018.44;1819;868;10.42
2022;12;ESTAT. HORISTAS/NOVOS 8336/07;12093110.21;1592;725;8.57
2022;12;ESTATUTARIO/HORISTAS         E;11694740.56;1050;463;8.29
2022;12;COMIS.ESTAT/MENSAL NOVOS (INC);9499937.14;1072;481;6.73
2022;12;PROF/HORISTAS/ESTATUTARIOS   E;9206041.88;810;405;6.52
2022;12;MED.PLANT.ESTAT -LEI 8336/2007;3930540.62;225;104;2.78
2022;12;MEDICOS PLANTONISTAS/ESTATUT.;2621484.88;101;48;1.86
2022;12;ACUMULO DE GRATIF-ESTAT NOVOS;2244508.47;190;87;1.59
2022;12;C.L.T./TEMP/HORISTA;2110957.02;157;74;1.5
2022;12;PROF/EVENT/SUBST/AUTONOMOS   A;1617356.56;1305;1276;1.15
2022;12;COMISSAO/EXTERNO             S;1584998.85;141;65;1.12
2022;12;COMIS ESTAT/MENSAL(INCORPORAN);1478672.73;129;56;1.05
2022;12;C.L.T./PROF/TMP/HORISTA;1386835.38;255;128;0.98
2022;12;APOS/PENS-CLT/COMPL.INSS     P;1211775.62;328;172;0.86
2022;12;C.L.T.                     C;1186356.49;386;179;0.84
2022;12;ACUMULO DE GRATTIFICACAO-ESTAT;1008820.07;63;27;0.71
2022;12;APOS/INAT-CLT/COMPL.INSS     P;987668.11;183;94;0.7
2022;12;ESTAGIARIOS;870178.08;944;939;0.62
2022;12;COMIS.ESTAT/HOR(INCORP)NOVOS;843102.49;29;13;0.6
2022;12;C.L.T. MENSAL/TEMP;535604.7;246;125;0.38
2022;12;AGENTE POLITICO              S;477701.83;32;16;0.34
2022;12;COMIS.ESTAT/HOR(INCORPORANDO);408295.99;11;5;0.29
2022;12;AGENTE HONORIFICO;393579.81;59;30;0.28
2022;12;ACUM FG-ANT.COM.EST.HR.C.ORIG;272169.73;14;7;0.19
2022;12;COMIS ESTAT MENS(CARGO ORIGEM);209426.36;13;6;0.15
2022;12;COMIS. ESTAT. INT. NOVO;147662.69;16;7;0.1
2022;12;AGENTE POLITICO RPPS NOVOS;70871.2;4;2;0.05
2022;12;PREFEITO                     S;29563.01;1;1;0.02
2022;12;VICE PREFEITO                S;17817.8;1;1;0.01
2022;12;COMIS ESTAT MENS(ORIGEM) NOVOS;16098.76;2;1;0.01
2023;1;PROF/HOR/ESTAT - LEI 8336/2007;19529809.61;3898;1967;24.07
2023;1;ESTATUTARIOS MEN/ LEI 8336/07;17508433.18;4936;3344;21.58
2023;1;ESTATUTARIO                  E;7921133.26;1075;864;9.76
2023;1;ESTAT. HORISTAS/NOVOS 8336/07;6499151.72;801;725;8.01
2023;1;ESTATUTARIO/HORISTAS         E;6098576.56;518;460;7.52
2023;1;PROF/HORISTAS/ESTATUTARIOS   E;5968781.65;783;405;7.36
2023;1;COMIS.ESTAT/MENSAL NOVOS (INC);5021473.25;537;479;6.19
2023;1;MED.PLANT.ESTAT -LEI 8336/2007;2081065.99;119;105;2.56
2023;1;ACUMULO DE GRATIF-ESTAT NOVOS;1372662.03;112;89;1.69
2023;1;MEDICOS PLANTONISTAS/ESTATUT.;1191794.29;52;46;1.47
2023;1;C.L.T./TEMP/HORISTA;1150085.76;84;74;1.42
2023;1;COMISSAO/EXTERNO             S;826737.12;77;66;1.02
2023;1;ESTAGIARIOS;799457.04;952;896;0.99
2023;1;PROF/EVENT/SUBST/AUTONOMOS   A;799219.99;874;864;0.98
2023;1;COMIS ESTAT/MENSAL(INCORPORAN);679038.61;58;55;0.84
2023;1;C.L.T.                     C;614483.14;185;179;0.76
2023;1;APOS/PENS-CLT/COMPL.INSS     P;582751.88;171;171;0.72
2023;1;APOS/INAT-CLT/COMPL.INSS     P;491657.20999999996;94;94;0.61
2023;1;COMIS.ESTAT/HOR(INCORP)NOVOS;445304.28;13;12;0.55
2023;1;ACUMULO DE GRATTIFICACAO-ESTAT;444937.33;27;26;0.55
2023;1;AGENTE POLITICO              S;302243.13;19;16;0.37
2023;1;COMIS.ESTAT/HOR(INCORPORANDO);230389.58;6;6;0.28
2023;1;AGENTE HONORIFICO;147663.5;33;29;0.18
2023;1;ACUM FG-ANT.COM.EST.HR.C.ORIG;109482.23000000001;6;6;0.13
2023;1;COMIS ESTAT MENS(CARGO ORIGEM);99011.77;6;6;0.12
2023;1;AGENTE POLITICO RPPS NOVOS;60487.78;4;2;0.07
2023;1;C.L.T. MENSAL/TEMP;54732.05;21;20;0.07
2023;1;COMIS. ESTAT. INT. NOVO;51167.86;7;7;0.06
2023;1;PREFEITO                     S;22511.64;1;1;0.03
2023;1;C.L.T./PROF/TMP/HORISTA;22119.35;7;7;0.03
2023;1;VICE PREFEITO                S;17617.8;1;1;0.02
2023;2;ESTATUTARIOS MEN/ LEI 8336/07;17240355.09;3575;3349;20.73
2023;2;PROF/HOR/ESTAT - LEI 8336/2007;16765110.5;2117;1968;20.16
2023;2;ESTATUTARIO                  E;8856588.25;930;849;10.65
2023;2;ESTATUTARIO/HORISTAS         E;7261851.78;552;455;8.73
2023;2;ESTAT. HORISTAS/NOVOS 8336/07;6940778.86;847;723;8.35
2023;2;COMIS.ESTAT/MENSAL NOVOS (INC);6046161.36;551;480;7.27
2023;2;PROF/HORISTAS/ESTATUTARIOS   E;5629514.88;403;402;6.77
2023;2;MED.PLANT.ESTAT -LEI 8336/2007;2613612.75;125;104;3.14
2023;2;ACUMULO DE GRATIF-ESTAT NOVOS;1730859.17;111;96;2.08
2023;2;MEDICOS PLANTONISTAS/ESTATUT.;1592567.25;56;46;1.92
2023;2;C.L.T./TEMP/HORISTA;1339690.25;89;74;1.61
2023;2;COMISSAO/EXTERNO             S;1045315.88;78;67;1.26
2023;2;ESTAGIARIOS;885855.44;992;936;1.07
2023;2;COMIS ESTAT/MENSAL(INCORPORAN);869107.59;62;55;1.05
2023;2;C.L.T.                     C;678734.72;210;179;0.82
2023;2;COMIS.ESTAT/HOR(INCORP)NOVOS;643584.72;16;13;0.77
2023;2;ACUMULO DE GRATTIFICACAO-ESTAT;609338.6;31;26;0.73
2023;2;APOS/PENS-CLT/COMPL.INSS     P;572657.62;169;169;0.69
2023;2;APOS/INAT-CLT/COMPL.INSS     P;478996.13;93;93;0.58
2023;2;COMIS.ESTAT/HOR(INCORPORANDO);318254.31;8;6;0.38
2023;2;AGENTE POLITICO              S;256045.36;15;14;0.31
2023;2;AGENTE HONORIFICO;190253.69;34;29;0.23
2023;2;ACUM FG-ANT.COM.EST.HR.C.ORIG;160782.26;8;6;0.19
2023;2;COMIS ESTAT MENS(CARGO ORIGEM);152833.86000000002;8;6;0.18
2023;2;COMIS. ESTAT. INT. NOVO;76752.98;9;6;0.09
2023;2;AGENTE POLITICO RPPS NOVOS;58726.0;3;2;0.07
2023;2;C.L.T. MENSAL/TEMP;47115.33;18;18;0.06
2023;2;PREFEITO                     S;29363.01;1;1;0.04
2023;2;PROF/EVENT/SUBST/AUTONOMOS   A;22762.48;40;26;0.03
2023;2;C.L.T./PROF/TMP/HORISTA;21385.7;6;6;0.03
2023;2;VICE PREFEITO                S;17617.8;1;1;0.02
2023;3;ESTATUTARIOS MEN/ LEI 8336/07;21719444.46;4087;3627;23.62
2023;3;PROF/HOR/ESTAT - LEI 8336/2007;18572076.88;1987;1979;20.2
2023;3;ESTATUTARIO                  E;9398487.51;931;845;10.22
2023;3;ESTAT. HORISTAS/NOVOS 8336/07;7836063.13;861;723;8.52
2023;3;ESTATUTARIO/HORISTAS         E;7164024.36;523;451;7.79
2023;3;COMIS.ESTAT/MENSAL NOVOS (INC);5821302.19;557;478;6.33
2023;3;PROF/HORISTAS/ESTATUTARIOS   E;5725077.01;405;405;6.23
2023;3;MED.PLANT.ESTAT -LEI 8336/2007;2376469.56;116;104;2.58
2023;3;ACUMULO DE GRATIF-ESTAT NOVOS;1664892.18;116;97;1.81
2023;3;MEDICOS PLANTONISTAS/ESTATUT.;1533006.93;54;46;1.67
2023;3;PROF/EVENT/SUBST/AUTONOMOS   A;1371671.1;1186;1183;1.49
2023;3;C.L.T./TEMP/HORISTA;1219345.45;78;72;1.33
2023;3;COMISSAO/EXTERNO             S;1059572.61;78;71;1.15
2023;3;ESTAGIARIOS;1055827.04;1063;1000;1.15
2023;3;COMIS ESTAT/MENSAL(INCORPORAN);835605.54;63;56;0.91
2023;3;APOS/PENS-CLT/COMPL.INSS     P;701191.18;169;168;0.76
2023;3;COMIS.ESTAT/HOR(INCORP)NOVOS;673805.66;15;13;0.73
2023;3;C.L.T.                     C;648633.4400000001;196;177;0.71
2023;3;ACUMULO DE GRATTIFICACAO-ESTAT;638070.57;30;25;0.69
2023;3;APOS/INAT-CLT/COMPL.INSS     P;622961.31;96;93;0.68
2023;3;COMIS.ESTAT/HOR(INCORPORANDO);286413.89;8;6;0.31
2023;3;AGENTE POLITICO              S;286387.12;17;15;0.31
2023;3;AGENTE HONORIFICO;172475.6;32;29;0.19
2023;3;COMIS ESTAT MENS(CARGO ORIGEM);165524.46;8;6;0.18
2023;3;ACUM FG-ANT.COM.EST.HR.C.ORIG;134072.14;7;6;0.15
2023;3;C.L.T. MENSAL/TEMP;85708.34;67;66;0.09
2023;3;COMIS. ESTAT. INT. NOVO;69495.74;7;7;0.08
2023;3;AGENTE POLITICO RPPS NOVOS;29479.73;2;2;0.03
2023;3;PREFEITO                     S;29363.01;1;1;0.03
2023;3;C.L.T./PROF/TMP/HORISTA;25099.07;6;6;0.03
2023;3;VICE PREFEITO                S;17617.8;1;1;0.02
2023;4;ESTATUTARIOS MEN/ LEI 8336/07;18215972.53;6713;3611;22.66
2023;4;PROF/HOR/ESTAT - LEI 8336/2007;15268233.21;2112;1966;18.99
2023;4;ESTATUTARIO                  E;7977251.5;1529;839;9.92
2023;4;ESTAT. HORISTAS/NOVOS 8336/07;6878265.49;1268;720;8.56
2023;4;ESTATUTARIO/HORISTAS         E;6086847.37;715;450;7.57
2023;4;COMIS.ESTAT/MENSAL NOVOS (INC);5137250.67;675;472;6.39
2023;4;PROF/HORISTAS/ESTATUTARIOS   E;4584654.61;408;385;5.7
2023;4;PROF/EVENT/SUBST/AUTONOMOS   A;2456175.31;1707;1683;3.06
2023;4;MED.PLANT.ESTAT -LEI 8336/2007;2279959.58;121;104;2.84
2023;4;ACUMULO DE GRATIF-ESTAT NOVOS;1410107.09;144;99;1.75
2023;4;MEDICOS PLANTONISTAS/ESTATUT.;1234595.03;49;46;1.54
2023;4;C.L.T./TEMP/HORISTA;1171604.14;75;73;1.46
2023;4;ESTAGIARIOS;1066835.76;1074;1062;1.33
2023;4;COMISSAO/EXTERNO             S;1055198.1;85;81;1.31
2023;4;COMIS ESTAT/MENSAL(INCORPORAN);819426.13;75;56;1.02
2023;4;C.L.T.                     C;667114.34;358;175;0.83
2023;4;C.L.T./PROF/TMP/HORISTA;622329.64;117;117;0.77
2023;4;APOS/PENS-CLT/COMPL.INSS     P;600534.18;167;167;0.75
2023;4;ACUMULO DE GRATTIFICACAO-ESTAT;562412.9;42;25;0.7
2023;4;APOS/INAT-CLT/COMPL.INSS     P;500914.75;92;92;0.62
2023;4;COMIS.ESTAT/HOR(INCORP)NOVOS;488507.78;16;14;0.61
2023;4;COMIS.ESTAT/HOR(INCORPORANDO);277155.08;8;6;0.34
2023;4;AGENTE POLITICO              S;269748.08999999997;18;17;0.34
2023;4;C.L.T. MENSAL/TEMP;222532.63;112;107;0.28
2023;4;AGENTE HONORIFICO;175709.31999999998;29;27;0.22
2023;4;ACUM FG-ANT.COM.EST.HR.C.ORIG;115136.26;6;6;0.14
2023;4;COMIS ESTAT MENS(CARGO ORIGEM);107027.37;7;6;0.13
2023;4;COMIS. ESTAT. INT. NOVO;60094.67;6;6;0.07
2023;4;AGENTE POLITICO RPPS NOVOS;35235.6;2;2;0.04
2023;4;PREFEITO                     S;29363.01;1;1;0.04
2023;4;VICE PREFEITO                S;17617.8;1;1;0.02
2023;5;ESTATUTARIOS MEN/ LEI 8336/07;17982331.41;3951;3709;22.31
2023;5;PROF/HOR/ESTAT - LEI 8336/2007;15131303.73;1975;1962;18.78
2023;5;ESTATUTARIO                  E;7819651.69;905;828;9.7
2023;5;ESTAT. HORISTAS/NOVOS 8336/07;6937715.28;819;718;8.61
2023;5;ESTATUTARIO/HORISTAS         E;6019768.25;504;446;7.47
2023;5;COMIS.ESTAT/MENSAL NOVOS (INC);5004485.28;538;474;6.21
2023;5;PROF/HORISTAS/ESTATUTARIOS   E;4637324.62;387;382;5.75
2023;5;MED.PLANT.ESTAT -LEI 8336/2007;2498846.35;121;104;3.1
2023;5;PROF/EVENT/SUBST/AUTONOMOS   A;1677866.94;1463;1431;2.08
2023;5;C.L.T./PROF/TMP/HORISTA;1486435.22;307;228;1.84
2023;5;ACUMULO DE GRATIF-ESTAT NOVOS;1438452.52;122;103;1.78
2023;5;MEDICOS PLANTONISTAS/ESTATUT.;1294915.47;53;46;1.61
2023;5;COMISSAO/EXTERNO             S;1285362.7;99;93;1.59
2023;5;ESTAGIARIOS;1167764.8;1172;1160;1.45
2023;5;C.L.T./TEMP/HORISTA;1127459.81;73;68;1.4
2023;5;COMIS ESTAT/MENSAL(INCORPORAN);832410.72;63;55;1.03
2023;5;C.L.T.                     C;676728.49;190;174;0.84
2023;5;APOS/PENS-CLT/COMPL.INSS     P;606735.81;167;167;0.75
2023;5;ACUMULO DE GRATTIFICACAO-ESTAT;538586.98;30;25;0.67
2023;5;APOS/INAT-CLT/COMPL.INSS     P;498776.33;92;92;0.62
2023;5;COMIS.ESTAT/HOR(INCORP)NOVOS;471052.1;15;14;0.58
2023;5;AGENTE POLITICO              S;328759.19;18;18;0.41
2023;5;C.L.T. MENSAL/TEMP;303531.89;132;106;0.38
2023;5;COMIS.ESTAT/HOR(INCORPORANDO);252444.68;7;6;0.31
2023;5;AGENTE HONORIFICO;202616.69;31;27;0.25
2023;5;ACUM FG-ANT.COM.EST.HR.C.ORIG;115136.26;6;6;0.14
2023;5;COMIS ESTAT MENS(CARGO ORIGEM);107989.52;7;6;0.13
2023;5;COMIS. ESTAT. INT. NOVO;62089.39;6;6;0.08
2023;5;AGENTE POLITICO RPPS NOVOS;35235.6;2;2;0.04
2023;5;PREFEITO                     S;29363.01;1;1;0.04
2023;5;VICE PREFEITO                S;17617.8;1;1;0.02
2023;6;ESTATUTARIOS MEN/ LEI 8336/07;18900167.87;3977;3784;22.54
2023;6;PROF/HOR/ESTAT - LEI 8336/2007;16256915.24;2034;2019;19.39
2023;6;ESTATUTARIO                  E;7935168.46;904;816;9.47
2023;6;ESTAT. HORISTAS/NOVOS 8336/07;7294916.5;819;717;8.7
2023;6;ESTATUTARIO/HORISTAS         E;6327002.65;500;444;7.55
2023;6;COMIS.ESTAT/MENSAL NOVOS (INC);5205397.95;541;473;6.21
2023;6;PROF/HORISTAS/ESTATUTARIOS   E;4691078.36;382;377;5.6
2023;6;MED.PLANT.ESTAT -LEI 8336/2007;2254611.95;117;103;2.69
2023;6;PROF/EVENT/SUBST/AUTONOMOS   A;2073384.15;1558;1517;2.47
2023;6;ACUMULO DE GRATIF-ESTAT NOVOS;1679515.08;134;118;2.0
2023;6;MEDICOS PLANTONISTAS/ESTATUT.;1400761.29;53;46;1.67
2023;6;C.L.T./PROF/TMP/HORISTA;1267751.71;222;221;1.51
2023;6;ESTAGIARIOS;1235420.4;1208;1198;1.47
2023;6;COMISSAO/EXTERNO             S;1224804.45;96;92;1.46
2023;6;C.L.T./TEMP/HORISTA;1077627.62;70;67;1.29
2023;6;COMIS ESTAT/MENSAL(INCORPORAN);793598.32;58;55;0.95
2023;6;C.L.T.                     C;699537.22;209;183;0.83
2023;6;APOS/PENS-CLT/COMPL.INSS     P;598384.53;166;166;0.71
2023;6;APOS/INAT-CLT/COMPL.INSS     P;500318.46;92;92;0.6
2023;6;ACUMULO DE GRATTIFICACAO-ESTAT;489956.92;28;26;0.58
2023;6;COMIS.ESTAT/HOR(INCORP)NOVOS;469264.17;16;14;0.56
2023;6;AGENTE POLITICO              S;308311.5;18;17;0.37
2023;6;C.L.T. MENSAL/TEMP;303122.66;107;105;0.36
2023;6;COMIS.ESTAT/HOR(INCORPORANDO);271551.3;7;6;0.32
2023;6;AGENTE HONORIFICO;174510.63;28;27;0.21
2023;6;ACUM FG-ANT.COM.EST.HR.C.ORIG;145225.47;8;7;0.17
2023;6;COMIS ESTAT MENS(CARGO ORIGEM);110887.14;6;5;0.13
2023;6;COMIS. ESTAT. INT. NOVO;62814.72;6;6;0.07
2023;6;AGENTE POLITICO RPPS NOVOS;35235.6;2;2;0.04
2023;6;PREFEITO                     S;29363.01;1;1;0.04
2023;6;VICE PREFEITO                S;17617.8;1;1;0.02
2023;7;ESTATUTARIOS MEN/ LEI 8336/07;20169143.88;4107;3756;23.1
2023;7;PROF/HOR/ESTAT - LEI 8336/2007;16255907.26;2031;2015;18.62
2023;7;ESTATUTARIO                  E;8274885.5;923;811;9.48
2023;7;ESTAT. HORISTAS/NOVOS 8336/07;7606328.91;927;737;8.71
2023;7;ESTATUTARIO/HORISTAS         E;6540425.6;556;441;7.49
2023;7;COMIS.ESTAT/MENSAL NOVOS (INC);5732936.86;586;466;6.57
2023;7;PROF/HORISTAS/ESTATUTARIOS   E;4704601.05;375;374;5.39
2023;7;MED.PLANT.ESTAT -LEI 8336/2007;2449504.09;137;102;2.81
2023;7;PROF/EVENT/SUBST/AUTONOMOS   A;1896827.64;1435;1405;2.17
2023;7;ACUMULO DE GRATIF-ESTAT NOVOS;1831513.07;156;125;2.1
2023;7;COMISSAO/EXTERNO             S;1351423.7;113;95;1.55
2023;7;MEDICOS PLANTONISTAS/ESTATUT.;1294994.51;52;46;1.48
2023;7;C.L.T./PROF/TMP/HORISTA;1290641.24;220;220;1.48
2023;7;C.L.T./TEMP/HORISTA;1236963.99;77;67;1.42
2023;7;ESTAGIARIOS;1235995.3599999999;1199;1170;1.42
2023;7;COMIS ESTAT/MENSAL(INCORPORAN);785824.04;70;53;0.9
2023;7;C.L.T.                     C;785455.62;219;183;0.9
2023;7;APOS/PENS-CLT/COMPL.INSS     P;629922.47;164;164;0.72
2023;7;ACUMULO DE GRATTIFICACAO-ESTAT;615601.06;34;27;0.71
2023;7;COMIS.ESTAT/HOR(INCORP)NOVOS;585304.39;20;14;0.67
2023;7;APOS/INAT-CLT/COMPL.INSS     P;522352.21;91;91;0.6
2023;7;C.L.T. MENSAL/TEMP;329828.9;105;104;0.38
2023;7;AGENTE POLITICO              S;312966.95999999996;17;17;0.36
2023;7;COMIS.ESTAT/HOR(INCORPORANDO);250603.81;6;6;0.29
2023;7;AGENTE HONORIFICO;185311.09;33;29;0.21
2023;7;ACUM FG-ANT.COM.EST.HR.C.ORIG;147793.44;8;7;0.17
2023;7;COMIS ESTAT MENS(CARGO ORIGEM);94680.18;5;5;0.11
2023;7;COMIS. ESTAT. INT. NOVO;93480.85;9;6;0.11
2023;7;AGENTE POLITICO RPPS NOVOS;35235.6;2;2;0.04
2023;7;PREFEITO                     S;29363.01;1;1;0.03
2023;7;VICE PREFEITO                S;17617.8;1;1;0.02
2023;8;ESTATUTARIOS MEN/ LEI 8336/07;21034421.15;4217;3822;23.44
2023;8;PROF/HOR/ESTAT - LEI 8336/2007;17667096.2;2065;2026;19.69
2023;8;ESTATUTARIO                  E;8742270.79;920;813;9.74
2023;8;ESTAT. HORISTAS/NOVOS 8336/07;7689339.31;861;738;8.57
2023;8;ESTATUTARIO/HORISTAS         E;6627095.36;501;438;7.39
2023;8;PROF/HORISTAS/ESTATUTARIOS   E;4909476.07;377;369;5.47
2023;8;COMIS.ESTAT/MENSAL NOVOS (INC);4673739.61;481;403;5.21
2023;8;MED.PLANT.ESTAT -LEI 8336/2007;2495456.56;123;102;2.78
2023;8;C.L.T./PROF/TMP/HORISTA;1774157.19;278;278;1.98
2023;8;ACUMULO DE GRATIF-ESTAT NOVOS;1749699.43;146;126;1.95
2023;8;MEDICOS PLANTONISTAS/ESTATUT.;1431928.92;61;46;1.6
2023;8;COMISSAO/EXTERNO             S;1418147.01;107;100;1.58
2023;8;C.L.T./TEMP/HORISTA;1290558.8699999999;70;66;1.44
2023;8;ESTAGIARIOS;1266076.4;1271;1268;1.41
2023;8;COMIS.ESTAT/HOR(INCORP)NOVOS;1195981.69;79;68;1.33
2023;8;PROF/EVENT/SUBST/AUTONOMOS   A;930186.14;1105;1094;1.04
2023;8;C.L.T.                     C;754041.78;192;181;0.84
2023;8;COMIS ESTAT/MENSAL(INCORPORAN);688638.98;49;44;0.77
2023;8;APOS/PENS-CLT/COMPL.INSS     P;640437.01;164;164;0.71
2023;8;APOS/INAT-CLT/COMPL.INSS     P;521501.55;90;90;0.58
2023;8;ACUMULO DE GRATTIFICACAO-ESTAT;516343.84;28;26;0.58
2023;8;COMIS.ESTAT/HOR(INCORPORANDO);400852.96;19;15;0.45
2023;8;AGENTE POLITICO              S;337282.99;19;17;0.38
2023;8;C.L.T. MENSAL/TEMP;324105.76;107;101;0.36
2023;8;AGENTE HONORIFICO;230111.55;35;29;0.26
2023;8;ACUM FG-ANT.COM.EST.HR.C.ORIG;180326.34;10;9;0.2
2023;8;COMIS ESTAT MENS(CARGO ORIGEM);96378.18;5;5;0.11
2023;8;COMIS. ESTAT. INT. NOVO;64819.64;7;6;0.07
2023;8;AGENTE POLITICO RPPS NOVOS;35235.6;2;2;0.04
2023;8;PREFEITO                     S;24469.17;1;1;0.03
2023;8;VICE PREFEITO                S;17617.8;1;1;0.02
2023;9;ESTATUTARIOS MEN/ LEI 8336/07;21179816.51;4187;3812;23.63
2023;9;PROF/HOR/ESTAT - LEI 8336/2007;17498737.63;2034;2021;19.53
2023;9;ESTATUTARIO                  E;8505442.58;853;806;9.49
2023;9;ESTAT. HORISTAS/NOVOS 8336/07;7786048.46;879;743;8.69
2023;9;ESTATUTARIO/HORISTAS         E;6402048.08;504;434;7.14
2023;9;PROF/HORISTAS/ESTATUTARIOS   E;4775686.75;367;366;5.33
2023;9;COMIS.ESTAT/MENSAL NOVOS (INC);4651826.97;456;403;5.19
2023;9;MED.PLANT.ESTAT -LEI 8336/2007;2148584.54;113;101;2.4
2023;9;PROF/EVENT/SUBST/AUTONOMOS   A;1875146.65;1387;1375;2.09
2023;9;ACUMULO DE GRATIF-ESTAT NOVOS;1756375.21;143;126;1.96
2023;9;C.L.T./PROF/TMP/HORISTA;1745870.84;272;270;1.95
2023;9;COMIS.ESTAT/HOR(INCORP)NOVOS;1410520.5;83;72;1.57
2023;9;COMISSAO/EXTERNO             S;1379911.92;105;98;1.54
2023;9;ESTAGIARIOS;1296550.64;1268;1250;1.45
2023;9;MEDICOS PLANTONISTAS/ESTATUT.;1288620.81;48;46;1.44
2023;9;C.L.T./TEMP/HORISTA;1183738.97;72;62;1.32
2023;9;C.L.T.                     C;764739.4400000001;203;180;0.85
2023;9;COMIS ESTAT/MENSAL(INCORPORAN);647956.02;47;43;0.72
2023;9;APOS/PENS-CLT/COMPL.INSS     P;624335.13;162;162;0.7
2023;9;ACUMULO DE GRATTIFICACAO-ESTAT;525683.85;29;26;0.59
2023;9;APOS/INAT-CLT/COMPL.INSS     P;512839.89;90;89;0.57
2023;9;COMIS.ESTAT/HOR(INCORPORANDO);429776.62;19;16;0.48
2023;9;C.L.T. MENSAL/TEMP;326622.25;107;98;0.36
2023;9;AGENTE POLITICO              S;275424.94;16;16;0.31
2023;9;AGENTE HONORIFICO;216769.44999999998;33;29;0.24
2023;9;ACUM FG-ANT.COM.EST.HR.C.ORIG;157162.63;8;8;0.18
2023;9;COMIS ESTAT MENS(CARGO ORIGEM);98197.79000000001;6;5;0.11
2023;9;COMIS. ESTAT. INT. NOVO;75041.11;8;6;0.08
2023;9;AGENTE POLITICO RPPS NOVOS;35235.6;2;2;0.04
2023;9;PREFEITO                     S;29363.01;1;1;0.03
2023;9;VICE PREFEITO                S;17617.8;1;1;0.02
2023;10;ESTATUTARIOS MEN/ LEI 8336/07;20708980.23;4060;3800;23.14
2023;10;PROF/HOR/ESTAT - LEI 8336/2007;17498937.38;2038;2021;19.56
2023;10;ESTATUTARIO                  E;8583362.04;860;799;9.59
2023;10;ESTAT. HORISTAS/NOVOS 8336/07;7431971.6;851;741;8.31
2023;10;ESTATUTARIO/HORISTAS         E;6353335.45;477;431;7.1
2023;10;PROF/HORISTAS/ESTATUTARIOS   E;4820425.66;367;365;5.39
2023;10;COMIS.ESTAT/MENSAL NOVOS (INC);4600188.42;457;405;5.14
2023;10;MED.PLANT.ESTAT -LEI 8336/2007;2655697.54;113;99;2.97
2023;10;PROF/EVENT/SUBST/AUTONOMOS   A;1893759.31;1427;1407;2.12
2023;10;ACUMULO DE GRATIF-ESTAT NOVOS;1806898.35;143;130;2.02
2023;10;C.L.T./PROF/TMP/HORISTA;1739237.35;269;269;1.94
2023;10;COMISSAO/EXTERNO             S;1453240.5;104;100;1.62
2023;10;MEDICOS PLANTONISTAS/ESTATUT.;1409458.3699999999;48;46;1.58
2023;10;COMIS.ESTAT/HOR(INCORP)NOVOS;1309909.96;84;71;1.46
2023;10;ESTAGIARIOS;1257747.1199999999;1210;1203;1.41
2023;10;C.L.T./TEMP/HORISTA;1162483.38;69;59;1.3
2023;10;C.L.T.                     C;748720.52;195;180;0.84
2023;10;COMIS ESTAT/MENSAL(INCORPORAN);729312.63;50;44;0.82
2023;10;APOS/PENS-CLT/COMPL.INSS     P;620932.93;161;161;0.69
2023;10;ACUMULO DE GRATTIFICACAO-ESTAT;528621.45;28;28;0.59
2023;10;APOS/INAT-CLT/COMPL.INSS     P;503344.88;90;88;0.56
2023;10;COMIS.ESTAT/HOR(INCORPORANDO);393477.17;16;15;0.44
2023;10;C.L.T. MENSAL/TEMP;311300.68;99;98;0.35
2023;10;AGENTE POLITICO              S;281884.8;16;16;0.32
2023;10;AGENTE HONORIFICO;242974.31;37;29;0.27
2023;10;ACUM FG-ANT.COM.EST.HR.C.ORIG;188893.71;12;9;0.21
2023;10;COMIS ESTAT MENS(CARGO ORIGEM);100268.76;6;5;0.11
2023;10;COMIS. ESTAT. INT. NOVO;67930.83;6;6;0.08
2023;10;AGENTE POLITICO RPPS NOVOS;35235.6;2;2;0.04
2023;10;PREFEITO                     S;29363.01;1;1;0.03
2023;10;VICE PREFEITO                S;17617.8;1;1;0.02
2023;11;ESTATUTARIOS MEN/ LEI 8336/07;27833423.49;4184;3781;23.15
2023;11;PROF/HOR/ESTAT - LEI 8336/2007;24684933.13;2072;2021;20.53
2023;11;ESTATUTARIO                  E;10499642.6;883;794;8.73
2023;11;ESTAT. HORISTAS/NOVOS 8336/07;9470156.2;957;857;7.88
2023;11;ESTATUTARIO/HORISTAS         E;7521370.07;474;425;6.26
2023;11;PROF/HORISTAS/ESTATUTARIOS   E;6892353.88;378;362;5.73
2023;11;COMIS.ESTAT/MENSAL NOVOS (INC);6456903.45;466;401;5.37
2023;11;C.L.T./TEMP/HORISTA;3737573.2600000002;59;59;3.11
2023;11;ACUMULO DE GRATIF-ESTAT NOVOS;2765230.62;163;138;2.3
2023;11;MED.PLANT.ESTAT -LEI 8336/2007;2543078.74;108;100;2.12
2023;11;C.L.T./PROF/TMP/HORISTA;2213948.72;266;266;1.84
2023;11;PROF/EVENT/SUBST/AUTONOMOS   A;2126464.26;1475;1443;1.77
2023;11;COMISSAO/EXTERNO             S;1948000.1099999999;103;98;1.62
2023;11;COMIS.ESTAT/HOR(INCORP)NOVOS;1777829.78;82;70;1.48
2023;11;MEDICOS PLANTONISTAS/ESTATUT.;1757326.45;52;46;1.46
2023;11;ESTAGIARIOS;1217260.0799999998;1155;1146;1.01
2023;11;C.L.T.                     C;1032679.15;205;180;0.86
2023;11;APOS/PENS-CLT/COMPL.INSS     P;918709.58;162;161;0.76
2023;11;COMIS ESTAT/MENSAL(INCORPORAN);912085.13;49;43;0.76
2023;11;ACUMULO DE GRATTIFICACAO-ESTAT;845226.63;37;28;0.7
2023;11;APOS/INAT-CLT/COMPL.INSS     P;737934.4;87;87;0.61
2023;11;COMIS.ESTAT/HOR(INCORPORANDO);562719.02;17;15;0.47
2023;11;AGENTE POLITICO              S;425629.44;18;17;0.35
2023;11;C.L.T. MENSAL/TEMP;391701.92;97;94;0.33
2023;11;AGENTE HONORIFICO;321857.66;35;29;0.27
2023;11;ACUM FG-ANT.COM.EST.HR.C.ORIG;303814.05;13;9;0.25
2023;11;COMIS ESTAT MENS(CARGO ORIGEM);143606.66;5;5;0.12
2023;11;COMIS. ESTAT. INT. NOVO;100724.68;7;6;0.08
2023;11;AGENTE POLITICO RPPS NOVOS;52853.4;2;2;0.04
2023;11;PREFEITO                     S;27405.47;1;1;0.02
2023;11;VICE PREFEITO                S;17617.8;1;1;0.01
2023;12;ESTATUTARIOS MEN/ LEI 8336/07;39208805.23;11543;3775;23.15
2023;12;PROF/HOR/ESTAT - LEI 8336/2007;33947810.23;5976;2021;20.05
2023;12;ESTAT. HORISTAS/NOVOS 8336/07;16206223.38;2659;864;9.57
2023;12;ESTATUTARIO                  E;16049200.97;2434;786;9.48
2023;12;ESTATUTARIO/HORISTAS         E;12587171.99;1364;422;7.43
2023;12;PROF/HORISTAS/ESTATUTARIOS   E;9706041.99;1037;359;5.73
2023;12;COMIS.ESTAT/MENSAL NOVOS (INC);8975338.63;1290;400;5.3
2023;12;MED.PLANT.ESTAT -LEI 8336/2007;4402048.6;300;99;2.6
2023;12;ACUMULO DE GRATIF-ESTAT NOVOS;3910467.36;447;141;2.31
2023;12;C.L.T./PROF/TMP/HORISTA;3637640.3;533;263;2.15
2023;12;MEDICOS PLANTONISTAS/ESTATUT.;2644521.32;137;45;1.56
2023;12;COMIS.ESTAT/HOR(INCORP)NOVOS;2584219.99;229;70;1.53
2023;12;COMISSAO/EXTERNO             S;2535218.54;310;97;1.5
2023;12;PROF/EVENT/SUBST/AUTONOMOS   A;2069931.32;1459;1448;1.22
2023;12;C.L.T.                     C;1392951.01;563;179;0.82
2023;12;COMIS ESTAT/MENSAL(INCORPORAN);1310615.25;143;44;0.77
2023;12;APOS/PENS-CLT/COMPL.INSS     P;1309214.7;449;164;0.77
2023;12;ESTAGIARIOS;1133474.0;1112;1108;0.67
2023;12;ACUMULO DE GRATTIFICACAO-ESTAT;1126652.4;89;28;0.67
2023;12;APOS/INAT-CLT/COMPL.INSS     P;1029492.9400000001;245;90;0.61
2023;12;COMIS.ESTAT/HOR(INCORPORANDO);803538.97;50;16;0.47
2023;12;C.L.T. MENSAL/TEMP;639243.74;185;92;0.38
2023;12;AGENTE POLITICO              S;562692.95;36;17;0.33
2023;12;ACUM FG-ANT.COM.EST.HR.C.ORIG;418049.1;33;10;0.25
2023;12;AGENTE HONORIFICO;408219.63;60;28;0.24
2023;12;C.L.T./TEMP/HORISTA;294150.92;17;10;0.17
2023;12;COMIS ESTAT MENS(CARGO ORIGEM);197462.9;16;5;0.12
2023;12;COMIS. ESTAT. INT. NOVO;144177.45;19;6;0.09
2023;12;AGENTE POLITICO RPPS NOVOS;67347.64;5;2;0.04
2023;12;PREFEITO                     S;29363.01;1;1;0.02
2023;12;VICE PREFEITO                S;17617.8;1;1;0.01
2024;1;ESTATUTARIOS MEN/ LEI 8336/07;23318467.58;5647;3774;24.18
2024;1;PROF/HOR/ESTAT - LEI 8336/2007;22323218.68;3976;2022;23.15
2024;1;ESTAT. HORISTAS/NOVOS 8336/07;8645503.13;975;859;8.96
2024;1;ESTATUTARIO                  E;8391490.68;985;781;8.7
2024;1;PROF/HORISTAS/ESTATUTARIOS   E;6317238.35;681;359;6.55
2024;1;ESTATUTARIO/HORISTAS         E;5803026.32;471;421;6.02
2024;1;COMIS.ESTAT/MENSAL NOVOS (INC);4932408.69;450;402;5.11
2024;1;MED.PLANT.ESTAT -LEI 8336/2007;2653058.97;114;99;2.75
2024;1;ACUMULO DE GRATIF-ESTAT NOVOS;2069536.92;165;139;2.15
2024;1;MEDICOS PLANTONISTAS/ESTATUT.;1427033.98;50;45;1.48
2024;1;COMISSAO/EXTERNO             S;1365859.49;103;97;1.42
2024;1;COMIS.ESTAT/HOR(INCORP)NOVOS;1334650.87;91;71;1.38
2024;1;PROF/EVENT/SUBST/AUTONOMOS   A;1293721.42;1202;1174;1.34
2024;1;ESTAGIARIOS;988724.16;1027;1020;1.03
2024;1;C.L.T.                     C;809003.76;186;177;0.84
2024;1;COMIS.ESTAT/HOR(INCORPORANDO);749153.13;15;14;0.78
2024;1;COMIS ESTAT/MENSAL(INCORPORAN);674686.87;48;45;0.7
2024;1;ACUMULO DE GRATTIFICACAO-ESTAT;635964.99;32;29;0.66
2024;1;AGENTE HONORIFICO;634948.73;68;42;0.66
2024;1;APOS/PENS-CLT/COMPL.INSS     P;631028.1;162;162;0.65
2024;1;APOS/INAT-CLT/COMPL.INSS     P;489111.14;83;83;0.51
2024;1;AGENTE POLITICO              S;312598.49;18;16;0.32
2024;1;ACUM FG-ANT.COM.EST.HR.C.ORIG;191569.72;10;9;0.2
2024;1;COMIS ESTAT MENS(CARGO ORIGEM);112134.59;5;5;0.12
2024;1;AGENTE POLITICO RPPS NOVOS;83547.39;3;2;0.09
2024;1;COMIS. ESTAT. INT. NOVO;77558.4;6;6;0.08
2024;1;C.L.T./PROF/TMP/HORISTA;61974.56;15;10;0.06
2024;1;C.L.T./TEMP/HORISTA;50537.71;4;4;0.05
2024;1;PREFEITO                     S;22511.64;1;1;0.02
2024;1;VICE PREFEITO                S;17617.8;1;1;0.02
2024;1;COMISSIONADO SPPREV;13691.17;1;1;0.01
2024;1;C.L.T. MENSAL/TEMP;5004.42;3;3;0.01
2024;2;ESTATUTARIOS MEN/ LEI 8336/07;21473481.83;4038;3823;24.51
2024;2;PROF/HOR/ESTAT - LEI 8336/2007;17056695.99;2054;2046;19.47
2024;2;ESTAT. HORISTAS/NOVOS 8336/07;9437729.32;1124;998;10.77
2024;2;ESTATUTARIO                  E;8604506.42;867;779;9.82
2024;2;ESTATUTARIO/HORISTAS         E;6006811.91;495;420;6.86
2024;2;COMIS.ESTAT/MENSAL NOVOS (INC);5078283.25;459;399;5.8
2024;2;PROF/HORISTAS/ESTATUTARIOS   E;4761948.22;349;349;5.44
2024;2;MED.PLANT.ESTAT -LEI 8336/2007;2437712.29;120;98;2.78
2024;2;ACUMULO DE GRATIF-ESTAT NOVOS;2091649.85;166;144;2.39
2024;2;MEDICOS PLANTONISTAS/ESTATUT.;1793652.67;60;45;2.05
2024;2;COMIS.ESTAT/HOR(INCORP)NOVOS;1507590.76;82;70;1.72
2024;2;COMISSAO/EXTERNO             S;1463777.84;115;103;1.67
2024;2;ESTAGIARIOS;926694.48;1002;993;1.06
2024;2;C.L.T.                     C;876474.8200000001;205;176;1.0
2024;2;COMIS ESTAT/MENSAL(INCORPORAN);737901.55;52;45;0.84
2024;2;ACUMULO DE GRATTIFICACAO-ESTAT;653541.37;33;28;0.75
2024;2;APOS/PENS-CLT/COMPL.INSS     P;628950.33;161;161;0.72
2024;2;APOS/INAT-CLT/COMPL.INSS     P;483064.41000000003;87;87;0.55
2024;2;COMIS.ESTAT/HOR(INCORPORANDO);358638.07;17;13;0.41
2024;2;AGENTE POLITICO              S;287170.14;17;16;0.33
2024;2;COMIS ESTAT MENS(CARGO ORIGEM);214916.66999999998;6;5;0.25
2024;2;ACUM FG-ANT.COM.EST.HR.C.ORIG;203848.4;11;9;0.23
2024;2;AGENTE HONORIFICO;187928.62;29;28;0.21
2024;2;COMIS. ESTAT. INT. NOVO;98123.48;9;8;0.11
2024;2;C.L.T./TEMP/HORISTA;43417.79;4;3;0.05
2024;2;C.L.T./PROF/TMP/HORISTA;43220.6;10;10;0.05
2024;2;PROF/EVENT/SUBST/AUTONOMOS   A;42075.83;61;35;0.05
2024;2;PREFEITO                     S;29363.01;1;1;0.03
2024;2;AGENTE POLITICO RPPS NOVOS;17617.8;1;1;0.02
2024;2;VICE PREFEITO                S;17617.8;1;1;0.02
2024;2;CONS.TUTELAR RPPS;13777.599999999999;2;2;0.02
2024;2;COMISSIONADO SPPREV;13691.17;1;1;0.02
2024;2;C.L.T. MENSAL/TEMP;11593.24;80;80;0.01
2024;3;ESTATUTARIOS MEN/ LEI 8336/07;27019007.14;4118;3822;24.71
2024;3;PROF/HOR/ESTAT - LEI 8336/2007;22822837.15;2061;2045;20.88
2024;3;ESTAT. HORISTAS/NOVOS 8336/07;11483067.81;1150;1046;10.5
2024;3;ESTATUTARIO                  E;10854309.82;865;775;9.93
2024;3;ESTATUTARIO/HORISTAS         E;7214715.85;474;419;6.6
2024;3;PROF/HORISTAS/ESTATUTARIOS   E;6000740.34;348;344;5.49
2024;3;COMIS.ESTAT/MENSAL NOVOS (INC);5604262.96;456;401;5.13
2024;3;MED.PLANT.ESTAT -LEI 8336/2007;2584736.47;105;98;2.36
2024;3;ACUMULO DE GRATIF-ESTAT NOVOS;2356262.77;160;143;2.16
2024;3;PROF/EVENT/SUBST/AUTONOMOS   A;1935533.42;1501;1500;1.77
2024;3;COMIS.ESTAT/HOR(INCORP)NOVOS;1731164.08;84;72;1.58
2024;3;COMISSAO/EXTERNO             S;1663745.15;107;105;1.52
2024;3;MEDICOS PLANTONISTAS/ESTATUT.;1647205.19;49;45;1.51
2024;3;ESTAGIARIOS;949189.9199999999;966;945;0.87
2024;3;COMIS ESTAT/MENSAL(INCORPORAN);909897.38;50;46;0.83
2024;3;C.L.T.                     C;863722.01;199;176;0.79
2024;3;APOS/PENS-CLT/COMPL.INSS     P;715402.16;162;162;0.65
2024;3;ACUMULO DE GRATTIFICACAO-ESTAT;708034.94;33;29;0.65
2024;3;APOS/INAT-CLT/COMPL.INSS     P;534140.99;85;85;0.49
2024;3;COMIS.ESTAT/HOR(INCORPORANDO);464260.16000000003;14;13;0.42
2024;3;AGENTE POLITICO              S;307724.24;19;17;0.28
2024;3;AGENTE HONORIFICO;234233.56;29;28;0.21
2024;3;ACUM FG-ANT.COM.EST.HR.C.ORIG;224498.16;9;9;0.21
2024;3;COMIS ESTAT MENS(CARGO ORIGEM);153970.40000000002;6;5;0.14
2024;3;COMIS. ESTAT. INT. NOVO;121263.20999999999;9;8;0.11
2024;3;C.L.T./TEMP/HORISTA;67953.2;4;3;0.06
2024;3;C.L.T./PROF/TMP/HORISTA;52064.16;10;9;0.05
2024;3;PREFEITO                     S;29363.01;1;1;0.03
2024;3;CONS.TUTELAR RPPS;18233.9;4;2;0.02
2024;3;AGENTE POLITICO RPPS NOVOS;17617.8;1;1;0.02
2024;3;VICE PREFEITO                S;17617.8;1;1;0.02
2024;3;COMISSIONADO SPPREV;15588.76;1;1;0.01
2024;3;C.L.T. MENSAL/TEMP;3656.3;1;1;0.0
2024;4;ESTATUTARIOS MEN/ LEI 8336/07;19893181.48;3323;3036;19.69
2024;4;PROF/HOR/ESTAT - LEI 8336/2007;18730277.13;1961;1924;18.54
2024;4;ESTATUTARIO                  E;8728661.82;834;763;8.64
2024;4;ESTAT. HORISTAS/NOVOS 8336/07;7214342.21;889;692;7.14
2024;4;ESTATUTARIO/HORISTAS         E;6399542.07;509;418;6.34
2024;4;PROF/HORISTAS/ESTATUTARIOS   E;5205109.39;350;343;5.15
2024;4;COMIS.ESTAT/MENSAL NOVOS (INC);5157630.53;460;393;5.11
2024;4;COMISSAO/EXTERNO             S;4464372.41;207;204;4.42
2024;4;EST MENS RPC;3919325.32;866;809;3.88
2024;4;EST HOR RPC;3669374.5;377;359;3.63
2024;4;PROF/EVENT/SUBST/AUTONOMOS   A;3030267.03;2138;2083;3.0
2024;4;MED.PLANT.ESTAT -LEI 8336/2007;2331458.31;111;98;2.31
2024;4;ACUMULO DE GRATIF-ESTAT NOVOS;2167225.1;167;142;2.15
2024;4;MEDICOS PLANTONISTAS/ESTATUT.;1532584.6199999999;51;45;1.52
2024;4;COMIS.ESTAT/HOR(INCORP)NOVOS;1486410.04;84;73;1.47
2024;4;ESTAGIARIOS;941664.3999999999;923;909;0.93
2024;4;C.L.T.                     C;868124.12;225;176;0.86
2024;4;EST HOR PEB RPC;805676.08;119;117;0.8
2024;4;COMIS ESTAT/MENSAL(INCORPORAN);761108.87;50;46;0.75
2024;4;ACUMULO DE GRATTIFICACAO-ESTAT;659550.73;34;29;0.65
2024;4;COMIS.ESTAT/HOR(INCORPORANDO);656064.81;18;13;0.65
2024;4;APOS/PENS-CLT/COMPL.INSS     P;653922.91;169;161;0.65
2024;4;APOS/INAT-CLT/COMPL.INSS     P;493671.88;89;85;0.49
2024;4;AGENTE POLITICO              S;357945.55;20;20;0.35
2024;4;AGENTE HONORIFICO;216140.92;30;29;0.21
2024;4;ACUM FG-ANT.COM.EST.HR.C.ORIG;213459.12;10;9;0.21
2024;4;COMIS ESTAT MENS(CARGO ORIGEM);132508.04;5;5;0.13
2024;4;COMIS. ESTAT. INT. NOVO;106842.84;8;8;0.11
2024;4;C.L.T./PROF/TMP/HORISTA;43226.92;8;8;0.04
2024;4;COMISSIONADO SPPREV;42552.25;2;2;0.04
2024;4;PREFEITO                     S;29363.01;1;1;0.03
2024;4;EST MEN COMISS RPC;18538.32;2;2;0.02
2024;4;CONS.TUTELAR RPPS;18375.86;4;2;0.02
2024;4;C.L.T./TEMP/HORISTA;17723.32;2;2;0.02
2024;4;AGENTE POLITICO RPPS NOVOS;17617.8;1;1;0.02
2024;4;VICE PREFEITO                S;17617.8;1;1;0.02
2024;4;EST MEN FG RPC;5867.37;1;1;0.01
2024;4;C.L.T. MENSAL/TEMP;5765.47;1;1;0.01
2024;5;ESTATUTARIOS MEN/ LEI 8336/07;19515201.64;3253;3023;19.74
2024;5;PROF/HOR/ESTAT - LEI 8336/2007;18485079.63;1938;1920;18.7
2024;5;ESTATUTARIO                  E;9269251.07;828;752;9.38
2024;5;ESTAT. HORISTAS/NOVOS 8336/07;7024430.01;769;687;7.1
2024;5;ESTATUTARIO/HORISTAS         E;6460236.82;483;416;6.53
2024;5;PROF/HORISTAS/ESTATUTARIOS   E;5252299.07;343;336;5.31
2024;5;COMIS.ESTAT/MENSAL NOVOS (INC);5005207.29;435;388;5.06
2024;5;EST MENS RPC;4100320.73;888;851;4.15
2024;5;PROF/EVENT/SUBST/AUTONOMOS   A;3901038.75;2235;2159;3.95
2024;5;EST HOR RPC;3622420.43;378;362;3.66
2024;5;MED.PLANT.ESTAT -LEI 8336/2007;2535483.96;130;98;2.56
2024;5;ACUMULO DE GRATIF-ESTAT NOVOS;2198841.1;171;145;2.22
2024;5;COMISSAO/EXTERNO             S;1634149.71;120;115;1.65
2024;5;MEDICOS PLANTONISTAS/ESTATUT.;1484828.95;55;45;1.5
2024;5;COMIS.ESTAT/HOR(INCORP)NOVOS;1403915.37;81;72;1.42
2024;5;ESTAGIARIOS;963566.2799999999;997;990;0.97
2024;5;C.L.T.                     C;899685.3;188;176;0.91
2024;5;EST HOR PEB RPC;810874.39;117;117;0.82
2024;5;COMIS ESTAT/MENSAL(INCORPORAN);734816.3;50;43;0.74
2024;5;APOS/PENS-CLT/COMPL.INSS     P;645422.82;163;159;0.65
2024;5;ACUMULO DE GRATTIFICACAO-ESTAT;640448.55;36;29;0.65
2024;5;APOS/INAT-CLT/COMPL.INSS     P;481642.33;82;82;0.49
2024;5;AGENTE POLITICO              S;359308.01;18;16;0.36
2024;5;COMIS.ESTAT/HOR(INCORPORANDO);358912.71;12;12;0.36
2024;5;AGENTE HONORIFICO;232212.63999999998;44;28;0.23
2024;5;ACUM FG-ANT.COM.EST.HR.C.ORIG;211650.54;10;9;0.21
2024;5;C.L.T. MENSAL/TEMP;176721.46000000002;55;55;0.18
2024;5;COMIS. ESTAT. INT. NOVO;160235.45;8;8;0.16
2024;5;COMIS ESTAT MENS(CARGO ORIGEM);110136.42;6;5;0.11
2024;5;C.L.T./PROF/TMP/HORISTA;44723.45;7;7;0.05
2024;5;EST MEN COMISS RPC;34255.12;4;3;0.03
2024;5;PREFEITO                     S;29363.01;1;1;0.03
2024;5;AGENTE POLITICO RPPS NOVOS;17617.8;1;1;0.02
2024;5;VICE PREFEITO                S;17617.8;1;1;0.02
2024;5;CONS.TUTELAR RPPS;16362.42;2;2;0.02
2024;5;COMISSIONADO SPPREV;14855.98;1;1;0.02
2024;5;C.L.T./TEMP/HORISTA;11462.9;2;1;0.01
2024;5;EST MEN FG RPC;6188.92;2;1;0.01
2024;6;ESTATUTARIOS MEN/ LEI 8336/07;19434726.25;3246;3008;19.87
2024;6;PROF/HOR/ESTAT - LEI 8336/2007;18426174.01;1929;1920;18.84
2024;6;ESTATUTARIO                  E;8584229.86;815;737;8.78
2024;6;ESTAT. HORISTAS/NOVOS 8336/07;6953692.61;784;683;7.11
2024;6;ESTATUTARIO/HORISTAS         E;6383827.75;483;414;6.53
2024;6;COMIS.ESTAT/MENSAL NOVOS (INC);5219775.62;458;394;5.34
2024;6;PROF/HORISTAS/ESTATUTARIOS   E;4902209.21;333;330;5.01
2024;6;EST MENS RPC;4216493.51;951;908;4.31
2024;6;EST HOR RPC;3666899.59;372;366;3.75
2024;6;PROF/EVENT/SUBST/AUTONOMOS   A;3638990.92;2155;2120;3.72
2024;6;MED.PLANT.ESTAT -LEI 8336/2007;2423515.36;112;97;2.48
2024;6;ACUMULO DE GRATIF-ESTAT NOVOS;2204830.26;160;148;2.25
2024;6;COMISSAO/EXTERNO             S;1601340.69;116;114;1.64
2024;6;MEDICOS PLANTONISTAS/ESTATUT.;1530274.76;53;45;1.56
2024;6;COMIS.ESTAT/HOR(INCORP)NOVOS;1520937.29;88;78;1.55
2024;6;ESTAGIARIOS;1008803.2;1010;996;1.03
2024;6;EST HOR PEB RPC;940491.46;147;147;0.96
2024;6;C.L.T.                     C;901441.98;191;175;0.92
2024;6;COMIS ESTAT/MENSAL(INCORPORAN);872909.1;46;43;0.89
2024;6;APOS/PENS-CLT/COMPL.INSS     P;644900.82;159;159;0.66
2024;6;ACUMULO DE GRATTIFICACAO-ESTAT;633779.53;30;29;0.65
2024;6;APOS/INAT-CLT/COMPL.INSS     P;481222.3;82;82;0.49
2024;6;COMIS.ESTAT/HOR(INCORPORANDO);285834.05;11;9;0.29
2024;6;AGENTE POLITICO              S;278103.22;16;15;0.28
2024;6;AGENTE HONORIFICO;216912.64;28;28;0.22
2024;6;ACUM FG-ANT.COM.EST.HR.C.ORIG;200604.15;9;9;0.21
2024;6;COMIS ESTAT MENS(CARGO ORIGEM);185523.38;6;5;0.19
2024;6;C.L.T. MENSAL/TEMP;183552.1;61;55;0.19
2024;6;COMIS. ESTAT. INT. NOVO;98001.22;8;8;0.1
2024;6;PREFEITO                     S;29363.01;1;1;0.03
2024;6;EST MEN COMISS RPC;28531.21;3;3;0.03
2024;6;C.L.T./PROF/TMP/HORISTA;26372.3;6;6;0.03
2024;6;AGENTE POLITICO RPPS NOVOS;17617.8;1;1;0.02
2024;6;VICE PREFEITO                S;17617.8;1;1;0.02
2024;6;CONS.TUTELAR RPPS;16412.42;2;2;0.02
2024;6;COMISSIONADO SPPREV;14880.98;1;1;0.02
2024;6;EST HOR COMISS/FG RPC;11960.18;1;1;0.01
2024;6;C.L.T./TEMP/HORISTA;9932.53;1;1;0.01
2024;6;EST MEN FG RPC;8124.53;2;1;0.01
2024;7;ESTATUTARIOS MEN/ LEI 8336/07;19588289.11;3429;2999;19.61
2024;7;PROF/HOR/ESTAT - LEI 8336/2007;18627568.29;1929;1919;18.65
2024;7;ESTATUTARIO                  E;8589781.61;841;730;8.6
2024;7;ESTAT. HORISTAS/NOVOS 8336/07;7419215.11;1007;685;7.43
2024;7;ESTATUTARIO/HORISTAS         E;6462075.74;578;409;6.47
2024;7;COMIS.ESTAT/MENSAL NOVOS (INC);5199776.88;501;394;5.21
2024;7;PROF/HORISTAS/ESTATUTARIOS   E;4950673.31;330;328;4.96
2024;7;EST MENS RPC;4426912.69;1024;918;4.43
2024;7;EST HOR RPC;3685718.44;447;367;3.69
2024;7;PROF/EVENT/SUBST/AUTONOMOS   A;3530132.93;2086;2062;3.53
2024;7;MED.PLANT.ESTAT -LEI 8336/2007;2571627.28;175;96;2.58
2024;7;ACUMULO DE GRATIF-ESTAT NOVOS;2350618.16;187;146;2.35
2024;7;COMIS.ESTAT/HOR(INCORP)NOVOS;1701810.88;101;76;1.7
2024;7;COMISSAO/EXTERNO             S;1667239.31;124;122;1.67
2024;7;MEDICOS PLANTONISTAS/ESTATUT.;1644613.41;80;45;1.65
2024;7;EST HOR PEB RPC;1015840.38;147;147;1.02
2024;7;ESTAGIARIOS;998493.44;998;983;1.0
2024;7;C.L.T.                     C;896972.52;238;174;0.9
2024;7;ACUMULO DE GRATTIFICACAO-ESTAT;742927.55;34;30;0.74
2024;7;COMIS ESTAT/MENSAL(INCORPORAN);735979.09;53;42;0.74
2024;7;APOS/PENS-CLT/COMPL.INSS     P;635678.68;157;157;0.64
2024;7;C.L.T. MENSAL/TEMP;506447.79000000004;156;148;0.51
2024;7;APOS/INAT-CLT/COMPL.INSS     P;475254.74;80;80;0.48
2024;7;AGENTE POLITICO              S;339153.25;17;16;0.34
2024;7;COMIS.ESTAT/HOR(INCORPORANDO);295830.52999999997;13;8;0.3
2024;7;AGENTE HONORIFICO;210431.7;28;28;0.21
2024;7;ACUM FG-ANT.COM.EST.HR.C.ORIG;185927.16999999998;10;8;0.19
2024;7;COMIS ESTAT MENS(CARGO ORIGEM);138848.42;6;6;0.14
2024;7;COMIS. ESTAT. INT. NOVO;103624.29999999999;9;7;0.1
2024;7;C.L.T./PROF/TMP/HORISTA;30490.34;6;6;0.03
2024;7;PREFEITO                     S;29363.01;1;1;0.03
2024;7;EST MEN COMISS RPC;26614.61;3;3;0.03
2024;7;CONS.TUTELAR RPPS;24967.83;2;2;0.03
2024;7;AGENTE POLITICO RPPS NOVOS;17617.8;1;1;0.02
2024;7;VICE PREFEITO                S;17617.8;1;1;0.02
2024;7;COMISSIONADO SPPREV;14855.98;1;1;0.01
2024;7;EST MEN FG RPC;5786.4;1;1;0.01
2024;8;ESTATUTARIOS MEN/ LEI 8336/07;19013799.09;3264;2980;19.95
2024;8;PROF/HOR/ESTAT - LEI 8336/2007;18512737.49;1931;1914;19.42
2024;8;ESTATUTARIO                  E;8493131.51;769;723;8.91
2024;8;ESTAT. HORISTAS/NOVOS 8336/07;6730157.36;812;680;7.06
2024;8;ESTATUTARIO/HORISTAS         E;6361680.96;463;407;6.67
2024;8;COMIS.ESTAT/MENSAL NOVOS (INC);4972064.12;465;395;5.22
2024;8;PROF/HORISTAS/ESTATUTARIOS   E;4779462.53;329;327;5.01
2024;8;EST MENS RPC;4760945.7;1100;988;4.99
2024;8;EST HOR RPC;3663588.67;387;369;3.84
2024;8;MED.PLANT.ESTAT -LEI 8336/2007;2215796.2;108;96;2.32
2024;8;ACUMULO DE GRATIF-ESTAT NOVOS;2101553.52;163;146;2.2
2024;8;PROF/EVENT/SUBST/AUTONOMOS   A;1717924.75;1699;1609;1.8
2024;8;COMISSAO/EXTERNO             S;1671466.06;118;116;1.75
2024;8;COMIS.ESTAT/HOR(INCORP)NOVOS;1554462.77;91;77;1.63
2024;8;MEDICOS PLANTONISTAS/ESTATUT.;1388689.92;51;44;1.46
2024;8;EST HOR PEB RPC;1107915.56;163;161;1.16
2024;8;ESTAGIARIOS;1050428.82;1044;1028;1.1
2024;8;C.L.T.                     C;825720.6;196;174;0.87
2024;8;ACUMULO DE GRATTIFICACAO-ESTAT;804647.88;37;32;0.84
2024;8;COMIS ESTAT/MENSAL(INCORPORAN);719756.24;49;40;0.76
2024;8;APOS/PENS-CLT/COMPL.INSS     P;635678.68;157;157;0.67
2024;8;C.L.T. MENSAL/TEMP;513888.63;150;148;0.54
2024;8;APOS/INAT-CLT/COMPL.INSS     P;465972.63;78;78;0.49
2024;8;AGENTE POLITICO              S;294119.36;16;14;0.31
2024;8;AGENTE HONORIFICO;222874.36;35;29;0.23
2024;8;ACUM FG-ANT.COM.EST.HR.C.ORIG;189899.62;8;7;0.2
2024;8;COMIS.ESTAT/HOR(INCORPORANDO);180789.76;8;8;0.19
2024;8;COMIS ESTAT MENS(CARGO ORIGEM);100247.84;5;5;0.11
2024;8;COMIS. ESTAT. INT. NOVO;89618.64;8;6;0.09
2024;8;EST MEN COMISS RPC;38800.46;4;4;0.04
2024;8;C.L.T./PROF/TMP/HORISTA;32882.54;6;6;0.03
2024;8;PREFEITO                     S;29363.01;1;1;0.03
2024;8;AGENTE POLITICO RPPS NOVOS;17617.8;1;1;0.02
2024;8;VICE PREFEITO                S;17617.8;1;1;0.02
2024;8;CONS.TUTELAR RPPS;16287.42;2;2;0.02
2024;8;COMISSIONADO SPPREV;14880.98;1;1;0.02
2024;8;EST MEN FG RPC;11347.8;2;2;0.01
2024;9;ESTATUTARIOS MEN/ LEI 8336/07;19383559.53;3225;2963;19.81
2024;9;PROF/HOR/ESTAT - LEI 8336/2007;18838137.74;1947;1911;19.25
2024;9;ESTATUTARIO                  E;8073381.97;764;718;8.25
2024;9;ESTAT. HORISTAS/NOVOS 8336/07;6849927.21;781;679;7.0
2024;9;ESTATUTARIO/HORISTAS         E;6228748.37;470;403;6.37
2024;9;COMIS.ESTAT/MENSAL NOVOS (INC);5034742.19;455;393;5.15
2024;9;PROF/HORISTAS/ESTATUTARIOS   E;4874763.37;328;326;4.98
2024;9;EST MENS RPC;4846933.94;1093;1024;4.95
2024;9;EST HOR RPC;3667993.29;400;370;3.75
2024;9;PROF/EVENT/SUBST/AUTONOMOS   A;3525162.23;2098;2067;3.6
2024;9;ACUMULO DE GRATIF-ESTAT NOVOS;2321901.95;169;148;2.37
2024;9;MED.PLANT.ESTAT -LEI 8336/2007;2305205.66;113;96;2.36
2024;9;COMIS.ESTAT/HOR(INCORP)NOVOS;1608200.88;91;77;1.64
2024;9;MEDICOS PLANTONISTAS/ESTATUT.;1460428.75;51;44;1.49
2024;9;COMISSAO/EXTERNO             S;1389699.58;99;95;1.42
2024;9;EST HOR PEB RPC;1167628.16;173;171;1.19
2024;9;ESTAGIARIOS;1038138.84;1013;1007;1.06
2024;9;C.L.T.                     C;850683.67;202;174;0.87
2024;9;COMIS ESTAT/MENSAL(INCORPORAN);768502.91;45;40;0.79
2024;9;ACUMULO DE GRATTIFICACAO-ESTAT;650949.61;33;31;0.67
2024;9;APOS/PENS-CLT/COMPL.INSS     P;630381.66;155;155;0.64
2024;9;C.L.T. MENSAL/TEMP;500278.4;155;147;0.51
2024;9;APOS/INAT-CLT/COMPL.INSS     P;491953.98;79;79;0.5
2024;9;AGENTE POLITICO              S;280710.26999999996;15;15;0.29
2024;9;AGENTE HONORIFICO;220472.6;30;29;0.23
2024;9;ACUM FG-ANT.COM.EST.HR.C.ORIG;186195.15;7;7;0.19
2024;9;COMIS.ESTAT/HOR(INCORPORANDO);184182.75;9;8;0.19
2024;9;COMIS ESTAT MENS(CARGO ORIGEM);145519.11000000002;6;6;0.15
2024;9;COMIS. ESTAT. INT. NOVO;100299.97;8;7;0.1
2024;9;EST MEN COMISS RPC;57839.49;7;5;0.06
2024;9;AGENTE POLITICO RPPS NOVOS;35235.6;2;2;0.04
2024;9;PREFEITO                     S;28384.24;1;1;0.03
2024;9;C.L.T./PROF/TMP/HORISTA;25234.989999999998;5;5;0.03
2024;9;CONS.TUTELAR RPPS;21054.47;4;2;0.02
2024;9;VICE PREFEITO                S;17617.8;1;1;0.02
2024;9;COMISSIONADO SPPREV;14905.98;1;1;0.02
2024;9;EST MEN FG RPC;12443.8;3;2;0.01
2024;10;ESTATUTARIOS MEN/ LEI 8336/07;19599477.45;3174;2955;19.89
2024;10;PROF/HOR/ESTAT - LEI 8336/2007;18684105.39;1913;1907;18.97
2024;10;ESTATUTARIO                  E;8030664.32;766;711;8.15
2024;10;ESTAT. HORISTAS/NOVOS 8336/07;6956325.07;790;681;7.06
2024;10;ESTATUTARIO/HORISTAS         E;6082578.67;461;402;6.17
2024;10;PROF/HORISTAS/ESTATUTARIOS   E;4981647.06;325;323;5.06
2024;10;COMIS.ESTAT/MENSAL NOVOS (INC);4964863.61;436;391;5.04
2024;10;EST MENS RPC;4920126.75;1102;1027;4.99
2024;10;PROF/EVENT/SUBST/AUTONOMOS   A;3992584.95;2242;2210;4.05
2024;10;EST HOR RPC;3680025.35;387;373;3.74
2024;10;ACUMULO DE GRATIF-ESTAT NOVOS;2576722.43;167;147;2.62
2024;10;MED.PLANT.ESTAT -LEI 8336/2007;2251921.38;111;96;2.29
2024;10;MEDICOS PLANTONISTAS/ESTATUT.;1560237.94;51;44;1.58
2024;10;COMIS.ESTAT/HOR(INCORP)NOVOS;1515707.94;85;76;1.54
2024;10;COMISSAO/EXTERNO             S;1471087.39;108;108;1.49
2024;10;EST HOR PEB RPC;1184275.54;171;171;1.2
2024;10;ESTAGIARIOS;1003035.36;950;949;1.02
2024;10;C.L.T.                     C;783313.13;190;173;0.8
2024;10;ACUMULO DE GRATTIFICACAO-ESTAT;763686.5;34;32;0.78
2024;10;COMIS ESTAT/MENSAL(INCORPORAN);683574.91;44;39;0.69
2024;10;APOS/PENS-CLT/COMPL.INSS     P;625301.13;154;154;0.63
2024;10;APOS/INAT-CLT/COMPL.INSS     P;491149.4;78;78;0.5
2024;10;C.L.T. MENSAL/TEMP;488980.21;155;146;0.5
2024;10;AGENTE POLITICO              S;248117.34999999998;18;18;0.25
2024;10;AGENTE HONORIFICO;216172.6;29;29;0.22
2024;10;ACUM FG-ANT.COM.EST.HR.C.ORIG;197110.61;9;7;0.2
2024;10;COMIS.ESTAT/HOR(INCORPORANDO);183469.77;8;8;0.19
2024;10;COMIS ESTAT MENS(CARGO ORIGEM);100248.68;5;5;0.1
2024;10;COMIS. ESTAT. INT. NOVO;89042.86;7;7;0.09
2024;10;EST MEN COMISS RPC;50668.3;6;5;0.05
2024;10;AGENTE POLITICO RPPS NOVOS;35235.6;2;2;0.04
2024;10;PREFEITO                     S;21532.87;1;1;0.02
2024;10;C.L.T./PROF/TMP/HORISTA;19382.37;6;6;0.02
2024;10;CONS.TUTELAR RPPS;18343.98;3;2;0.02
2024;10;VICE PREFEITO                S;17617.8;1;1;0.02
2024;10;COMISSIONADO SPPREV;14830.97;1;1;0.02
2024;10;EST MEN FG RPC;11615.89;2;2;0.01
2024;10;COMIS.ESTAT.INT.             S;1424.57;1;1;0.0
2024;11;PROF/HOR/ESTAT - LEI 8336/2007;34095081.99;3810;1905;20.68
2024;11;ESTATUTARIOS MEN/ LEI 8336/07;33017329.35;6023;2941;20.03
2024;11;ESTATUTARIO                  E;13892785.97;1447;708;8.43
2024;11;ESTAT. HORISTAS/NOVOS 8336/07;11218303.46;1439;682;6.81
2024;11;ESTATUTARIO/HORISTAS         E;10070274.68;850;401;6.11
2024;11;COMIS.ESTAT/MENSAL NOVOS (INC);9002904.27;833;394;5.46
2024;11;PROF/HORISTAS/ESTATUTARIOS   E;8949899.34;640;321;5.43
2024;11;EST MENS RPC;8003809.03;2087;1025;4.86
2024;11;EST HOR RPC;5918065.2;777;380;3.59
2024;11;ACUMULO DE GRATIF-ESTAT NOVOS;4439922.59;317;150;2.69
2024;11;PROF/EVENT/SUBST/AUTONOMOS   A;3736928.27;2143;2127;2.27
2024;11;MED.PLANT.ESTAT -LEI 8336/2007;3307935.7;200;96;2.01
2024;11;COMIS.ESTAT/HOR(INCORP)NOVOS;2648809.94;158;73;1.61
2024;11;COMISSAO/EXTERNO             S;2325483.58;210;109;1.41
2024;11;MEDICOS PLANTONISTAS/ESTATUT.;2232563.27;88;43;1.35
2024;11;EST HOR PEB RPC;2054786.83;342;171;1.25
2024;11;C.L.T.                     C;1353354.06;364;173;0.82
2024;11;ACUMULO DE GRATTIFICACAO-ESTAT;1341692.3900000001;66;32;0.81
2024;11;COMIS ESTAT/MENSAL(INCORPORAN);1297755.42;81;39;0.79
2024;11;APOS/PENS-CLT/COMPL.INSS     P;1106941.85;291;154;0.67
2024;11;ESTAGIARIOS;981079.2799999999;930;922;0.6
2024;11;APOS/INAT-CLT/COMPL.INSS     P;844622.05;145;77;0.51
2024;11;C.L.T. MENSAL/TEMP;693158.73;280;142;0.42
2024;11;AGENTE POLITICO              S;485321.5;34;18;0.29
2024;11;AGENTE HONORIFICO;406849.84;58;29;0.25
2024;11;ACUM FG-ANT.COM.EST.HR.C.ORIG;387779.58;17;7;0.24
2024;11;COMIS.ESTAT/HOR(INCORPORANDO);326737.26;17;8;0.2
2024;11;COMIS ESTAT MENS(CARGO ORIGEM);212855.11;12;5;0.13
2024;11;COMIS. ESTAT. INT. NOVO;183736.04;16;7;0.11
2024;11;EST MEN COMISS RPC;90397.92;10;5;0.05
2024;11;AGENTE POLITICO RPPS NOVOS;68709.42;4;2;0.04
2024;11;C.L.T./PROF/TMP/HORISTA;32415.13;6;4;0.02
2024;11;CONS.TUTELAR RPPS;29993.95;4;2;0.02
2024;11;COMISSIONADO SPPREV;25102.96;2;1;0.02
2024;11;EST MEN FG RPC;20775.6;4;2;0.01
2024;11;PREFEITO                     S;20554.1;1;1;0.01
2024;11;VICE PREFEITO                S;17617.8;1;1;0.01
2024;12;PROF/HOR/ESTAT - LEI 8336/2007;34587108.28;3839;1906;19.8
2024;12;ESTATUTARIOS MEN/ LEI 8336/07;34051467.02;6167;2934;19.49
2024;12;ESTATUTARIO                  E;14514998.26;1468;699;8.31
2024;12;ESTAT. HORISTAS/NOVOS 8336/07;12986111.44;1507;677;7.43
2024;12;ESTATUTARIO/HORISTAS         E;11727371.75;902;397;6.71
2024;12;COMIS.ESTAT/MENSAL NOVOS (INC);9324443.85;882;395;5.34
2024;12;PROF/HORISTAS/ESTATUTARIOS   E;9094678.62;637;319;5.21
2024;12;EST MENS RPC;8257700.66;2144;1026;4.73
2024;12;EST HOR RPC;7084209.62;802;384;4.06
2024;12;ACUMULO DE GRATIF-ESTAT NOVOS;4642372.72;330;150;2.66
2024;12;MED.PLANT.ESTAT -LEI 8336/2007;4422278.86;209;96;2.53
2024;12;PROF/EVENT/SUBST/AUTONOMOS   A;3674418.16;2112;2081;2.1
2024;12;COMIS.ESTAT/HOR(INCORP)NOVOS;2905530.32;172;75;1.66
2024;12;MEDICOS PLANTONISTAS/ESTATUT.;2623453.12;92;43;1.5
2024;12;COMISSAO/EXTERNO             S;2206613.82;210;106;1.26
2024;12;EST HOR PEB RPC;2069239.88;343;171;1.18
2024;12;ACUMULO DE GRATTIFICACAO-ESTAT;1443016.78;73;32;0.83
2024;12;C.L.T.                     C;1414206.9;379;171;0.81
2024;12;COMIS ESTAT/MENSAL(INCORPORAN);1310451.6;84;39;0.75
2024;12;APOS/PENS-CLT/COMPL.INSS     P;1227427.95;286;152;0.7
2024;12;APOS/INAT-CLT/COMPL.INSS     P;937004.91;143;76;0.54
2024;12;ESTAGIARIOS;929049.76;896;891;0.53
2024;12;C.L.T. MENSAL/TEMP;836748.99;149;139;0.48
2024;12;AGENTE POLITICO              S;489774.83999999997;35;17;0.28
2024;12;AGENTE HONORIFICO;461127.97000000003;87;29;0.26
2024;12;COMIS.ESTAT/HOR(INCORPORANDO);412895.24;19;8;0.24
2024;12;ACUM FG-ANT.COM.EST.HR.C.ORIG;353253.27999999997;17;7;0.2
2024;12;COMIS ESTAT MENS(CARGO ORIGEM);200547.31;11;5;0.11
2024;12;COMIS. ESTAT. INT. NOVO;174248.41999999998;15;8;0.1
2024;12;EST MEN COMISS RPC;117841.16;14;6;0.07
2024;12;AGENTE POLITICO RPPS NOVOS;70471.2;4;2;0.04
2024;12;CONS.TUTELAR RPPS;30286.08;4;2;0.02
2024;12;PREFEITO                     S;29363.01;1;1;0.02
2024;12;COMISSIONADO SPPREV;25177.949999999997;2;1;0.01
2024;12;EST MEN FG RPC;21391.089999999997;5;2;0.01
2024;12;VICE PREFEITO                S;17617.8;1;1;0.01
2024;12;C.L.T./PROF/TMP/HORISTA;13413.82;3;3;0.01
2025;1;PROF/HOR/ESTAT - LEI 8336/2007;23562532.54;3750;1904;22.46
2025;1;ESTATUTARIOS MEN/ LEI 8336/07;21348360.96;4661;2939;20.35
2025;1;ESTATUTARIO                  E;8171184.85;887;695;7.79
2025;1;ESTAT. HORISTAS/NOVOS 8336/07;6789287.62;756;677;6.47
2025;1;PROF/HORISTAS/ESTATUTARIOS   E;6073957.2700000005;608;316;5.79
2025;1;ESTATUTARIO/HORISTAS         E;5814130.09;449;393;5.54
2025;1;EST MENS RPC;5197353.64;1376;1025;4.95
2025;1;COMIS.ESTAT/MENSAL NOVOS (INC);4881959.63;443;393;4.65
2025;1;EST HOR RPC;3910676.38;427;384;3.73
2025;1;ACUMULO DE GRATIF-ESTAT NOVOS;2707677.14;183;149;2.58
2025;1;EST HOR PEB RPC;2493983.67;343;171;2.38
2025;1;MED.PLANT.ESTAT -LEI 8336/2007;2182047.21;112;95;2.08
2025;1;PROF/EVENT/SUBST/AUTONOMOS   A;2117807.41;1745;1724;2.02
2025;1;COMISSAO/EXTERNO             S;1553655.13;109;109;1.48
2025;1;COMIS.ESTAT/HOR(INCORP)NOVOS;1489508.1;89;76;1.42
2025;1;MEDICOS PLANTONISTAS/ESTATUT.;1366063.1;49;41;1.3
2025;1;ESTAGIARIOS;791132.08;832;830;0.75
2025;1;C.L.T.                     C;780453.19;176;171;0.74
2025;1;ACUMULO DE GRATTIFICACAO-ESTAT;739805.54;38;33;0.71
2025;1;APOS/PENS-CLT/COMPL.INSS     P;609802.64;151;151;0.58
2025;1;COMIS ESTAT/MENSAL(INCORPORAN);607375.65;38;37;0.58
2025;1;APOS/INAT-CLT/COMPL.INSS     P;465351.7;74;74;0.44
2025;1;AGENTE POLITICO              S;292455.48;19;19;0.28
2025;1;AGENTE HONORIFICO;218153.6;29;29;0.21
2025;1;COMIS.ESTAT/HOR(INCORPORANDO);182367.4;10;8;0.17
2025;1;ACUM FG-ANT.COM.EST.HR.C.ORIG;173865.98;7;7;0.17
2025;1;COMIS. ESTAT. INT. NOVO;105078.32;8;8;0.1
2025;1;COMIS ESTAT MENS(CARGO ORIGEM);86870.48;4;4;0.08
2025;1;EST MEN COMISS RPC;60000.22;7;6;0.06
2025;1;AGENTE POLITICO RPPS NOVOS;35235.6;2;2;0.03
2025;1;PREFEITO                     S;26426.7;1;1;0.03
2025;1;CONS.TUTELAR RPPS;21108.83;3;2;0.02
2025;1;VICE PREFEITO                S;17617.8;1;1;0.02
2025;1;C.L.T. MENSAL/TEMP;14879.8;5;5;0.01
2025;1;COMISSIONADO SPPREV;14855.97;1;1;0.01
2025;1;EST MEN FG RPC;13167.71;2;2;0.01
2025;2;ESTATUTARIOS MEN/ LEI 8336/07;19860311.02;3138;2938;20.39
2025;2;PROF/HOR/ESTAT - LEI 8336/2007;18878699.01;1912;1903;19.38
2025;2;ESTATUTARIO                  E;8091332.7;751;691;8.31
2025;2;ESTAT. HORISTAS/NOVOS 8336/07;7397677.82;802;677;7.6
2025;2;ESTATUTARIO/HORISTAS         E;6178136.06;464;392;6.34
2025;2;EST MENS RPC;5483714.9;1164;1104;5.63
2025;2;COMIS.ESTAT/MENSAL NOVOS (INC);5247536.83;450;393;5.39
2025;2;PROF/HORISTAS/ESTATUTARIOS   E;4904400.98;315;312;5.04
2025;2;EST HOR RPC;4087046.84;425;383;4.2
2025;2;ACUMULO DE GRATIF-ESTAT NOVOS;2570201.89;172;150;2.64
2025;2;MED.PLANT.ESTAT -LEI 8336/2007;2524198.07;123;94;2.59
2025;2;COMISSAO/EXTERNO             S;1931557.07;141;141;1.98
2025;2;COMIS.ESTAT/HOR(INCORP)NOVOS;1787154.81;90;77;1.83
2025;2;MEDICOS PLANTONISTAS/ESTATUT.;1384823.96;50;41;1.42
2025;2;EST HOR PEB RPC;1345916.96;185;185;1.38
2025;2;C.L.T.                     C;908690.5599999999;213;196;0.93
2025;2;ESTAGIARIOS;759869.44;816;811;0.78
2025;2;COMIS ESTAT/MENSAL(INCORPORAN);689762.76;45;37;0.71
2025;2;ACUMULO DE GRATTIFICACAO-ESTAT;667637.3099999999;34;30;0.69
2025;2;APOS/PENS-CLT/COMPL.INSS     P;646343.5599999999;153;153;0.66
2025;2;APOS/INAT-CLT/COMPL.INSS     P;475628.14;74;74;0.49
2025;2;AGENTE POLITICO              S;408928.70999999996;25;25;0.42
2025;2;AGENTE HONORIFICO;269002.05;33;29;0.28
2025;2;COMIS.ESTAT/HOR(INCORPORANDO);228799.82;12;9;0.23
2025;2;ACUM FG-ANT.COM.EST.HR.C.ORIG;199798.12;8;7;0.21
2025;2;COMIS. ESTAT. INT. NOVO;104215.72;9;8;0.11
2025;2;COMIS ESTAT MENS(CARGO ORIGEM);90341.72;5;4;0.09
2025;2;EST MEN COMISS RPC;75205.16;9;7;0.08
2025;2;PROF/EVENT/SUBST/AUTONOMOS   A;67871.38;110;89;0.07
2025;2;PREFEITO                     S;29363.01;1;1;0.03
2025;2;AGENTE POLITICO RPPS NOVOS;17617.8;1;1;0.02
2025;2;VICE PREFEITO                S;17617.8;1;1;0.02
2025;2;EST MEN FG RPC;17539.33;4;3;0.02
2025;2;CONS.TUTELAR RPPS;17169.21;2;2;0.02
2025;2;COMISSIONADO SPPREV;15547.37;1;1;0.02
2025;2;C.L.T. MENSAL/TEMP;14381.93;101;101;0.01
2025;3;PROF/HOR/ESTAT - LEI 8336/2007;24763417.77;3788;1897;20.23
2025;3;ESTATUTARIOS MEN/ LEI 8336/07;24528546.72;5980;2898;20.04
2025;3;ESTATUTARIO                  E;9819289.58;1426;688;8.02
2025;3;ESTAT. HORISTAS/NOVOS 8336/07;8385556.45;1468;677;6.85
2025;3;ESTATUTARIO/HORISTAS         E;7297408.19;836;390;5.96
2025;3;EST MENS RPC;7100358.92;2246;1152;5.8
2025;3;PROF/HORISTAS/ESTATUTARIOS   E;6199203.49;613;306;5.06
2025;3;COMIS.ESTAT/MENSAL NOVOS (INC);6001241.65;849;401;4.9
2025;3;EST HOR RPC;4669864.9;822;383;3.81
2025;3;PROF/EVENT/SUBST/AUTONOMOS   A;3410100.61;2361;2361;2.79
2025;3;ACUMULO DE GRATIF-ESTAT NOVOS;2832265.7;333;157;2.31
2025;3;MED.PLANT.ESTAT -LEI 8336/2007;2535674.31;195;95;2.07
2025;3;COMISSAO/EXTERNO             S;2286240.7;281;147;1.87
2025;3;EST HOR PEB RPC;1887783.66;413;245;1.54
2025;3;MEDICOS PLANTONISTAS/ESTATUT.;1848044.31;89;40;1.51
2025;3;COMIS.ESTAT/HOR(INCORP)NOVOS;1723216.77;157;74;1.41
2025;3;C.L.T.                     C;1009034.36;399;201;0.82
2025;3;ACUMULO DE GRATTIFICACAO-ESTAT;843430.37;63;29;0.69
2025;3;COMIS ESTAT/MENSAL(INCORPORAN);795346.59;82;38;0.65
2025;3;ESTAGIARIOS;698230.5599999999;742;741;0.57
2025;3;APOS/PENS-CLT/COMPL.INSS     P;690000.86;282;150;0.56
2025;3;AGENTE POLITICO              S;532307.2100000001;24;23;0.43
2025;3;APOS/INAT-CLT/COMPL.INSS     P;506756.56;137;73;0.41
2025;3;C.L.T./PROF/TMP/HORISTA;491700.56;87;87;0.4
2025;3;C.L.T. MENSAL/TEMP;272458.45999999996;86;86;0.22
2025;3;AGENTE HONORIFICO;269935.75;58;29;0.22
2025;3;COMIS.ESTAT/HOR(INCORPORANDO);238323.86;18;9;0.19
2025;3;ACUM FG-ANT.COM.EST.HR.C.ORIG;205894.56;14;7;0.17
2025;3;EST MEN COMISS RPC;185974.8;31;15;0.15
2025;3;COMIS ESTAT MENS(CARGO ORIGEM);133183.36;9;4;0.11
2025;3;COMIS. ESTAT. INT. NOVO;113804.63;14;7;0.09
2025;3;EST MEN FG RPC;30379.3;9;4;0.02
2025;3;PREFEITO                     S;27405.47;1;1;0.02
2025;3;AGENTE POLITICO RPPS NOVOS;22460.22;1;1;0.02
2025;3;VICE PREFEITO                S;22460.22;1;1;0.02
2025;3;CONS.TUTELAR RPPS;21154.050000000003;4;2;0.02
2025;3;COMISSIONADO SPPREV;15659.53;2;1;0.01
2025;4;PROF/HOR/ESTAT - LEI 8336/2007;21030344.0;1922;1894;19.65
2025;4;ESTATUTARIOS MEN/ LEI 8336/07;20453282.26;3190;2891;19.11
2025;4;ESTATUTARIO                  E;8298322.09;728;677;7.75
2025;4;ESTAT. HORISTAS/NOVOS 8336/07;7403863.58;801;672;6.92
2025;4;ESTATUTARIO/HORISTAS         E;6244394.89;448;385;5.83
2025;4;EST MENS RPC;6073917.28;1250;1149;5.68
2025;4;COMIS.ESTAT/MENSAL NOVOS (INC);5769817.0;466;402;5.39
2025;4;PROF/HORISTAS/ESTATUTARIOS   E;5142707.82;308;305;4.81
2025;4;EST HOR RPC;4216974.16;464;381;3.94
2025;4;PROF/EVENT/SUBST/AUTONOMOS   A;3434329.64;2054;2030;3.21
2025;4;ACUMULO DE GRATIF-ESTAT NOVOS;2671600.2;186;158;2.5
2025;4;COMISSAO/EXTERNO             S;2236361.53;156;145;2.09
2025;4;MED.PLANT.ESTAT -LEI 8336/2007;2228608.87;109;94;2.08
2025;4;EST HOR PEB RPC;1784229.69;250;243;1.67
2025;4;COMIS.ESTAT/HOR(INCORP)NOVOS;1719715.82;91;78;1.61
2025;4;MEDICOS PLANTONISTAS/ESTATUT.;1491083.01;43;39;1.39
2025;4;C.L.T.                     C;980514.29;226;199;0.92
2025;4;ESTAGIARIOS;738704.72;752;737;0.69
2025;4;ACUMULO DE GRATTIFICACAO-ESTAT;666457.0599999999;33;29;0.62
2025;4;COMIS ESTAT/MENSAL(INCORPORAN);666187.35;41;38;0.62
2025;4;APOS/PENS-CLT/COMPL.INSS     P;635185.49;150;150;0.59
2025;4;C.L.T./PROF/TMP/HORISTA;602074.28;87;87;0.56
2025;4;AGENTE POLITICO              S;505354.95;23;23;0.47
2025;4;APOS/INAT-CLT/COMPL.INSS     P;468216.69;73;73;0.44
2025;4;C.L.T. MENSAL/TEMP;310242.42;86;86;0.29
2025;4;AGENTE HONORIFICO;243818.96;31;29;0.23
2025;4;ACUM FG-ANT.COM.EST.HR.C.ORIG;221659.72999999998;8;7;0.21
2025;4;COMIS.ESTAT/HOR(INCORPORANDO);219321.54;12;9;0.2
2025;4;EST MEN COMISS RPC;187646.0;21;16;0.18
2025;4;COMIS ESTAT MENS(CARGO ORIGEM);123808.51;4;4;0.12
2025;4;COMIS. ESTAT. INT. NOVO;122700.70999999999;11;8;0.11
2025;4;PREFEITO                     S;29363.01;1;1;0.03
2025;4;EST MEN FG RPC;25352.93;4;4;0.02
2025;4;CONS.TUTELAR RPPS;25294.98;4;2;0.02
2025;4;AGENTE POLITICO RPPS NOVOS;22460.22;1;1;0.02
2025;4;VICE PREFEITO                S;17617.8;1;1;0.02
2025;4;COMISSIONADO SPPREV;15573.58;1;1;0.01
2025;5;PROF/HOR/ESTAT - LEI 8336/2007;21197804.13;1927;1890;19.62
2025;5;ESTATUTARIOS MEN/ LEI 8336/07;20436618.44;3234;2867;18.92
2025;5;ESTATUTARIO                  E;8215354.26;743;669;7.6
2025;5;ESTAT. HORISTAS/NOVOS 8336/07;7308515.5200000005;779;673;6.77
2025;5;EST MENS RPC;6511875.26;1358;1264;6.03
2025;5;ESTATUTARIO/HORISTAS         E;6275434.87;457;380;5.81
2025;5;COMIS.ESTAT/MENSAL NOVOS (INC);5783838.66;508;400;5.35
2025;5;PROF/HORISTAS/ESTATUTARIOS   E;4976119.14;308;302;4.61
2025;5;EST HOR RPC;4347391.81;474;439;4.02
2025;5;PROF/EVENT/SUBST/AUTONOMOS   A;3872481.56;2152;2108;3.58
2025;5;ACUMULO DE GRATIF-ESTAT NOVOS;2754949.63;206;163;2.55
2025;5;MED.PLANT.ESTAT -LEI 8336/2007;2331606.05;110;94;2.16
2025;5;COMISSAO/EXTERNO             S;2088119.8900000001;149;138;1.93
2025;5;EST HOR PEB RPC;1818929.17;252;242;1.68
2025;5;COMIS.ESTAT/HOR(INCORP)NOVOS;1627924.56;93;75;1.51
2025;5;MEDICOS PLANTONISTAS/ESTATUT.;1344765.81;46;39;1.24
2025;5;C.L.T.                     C;973167.7;214;197;0.9
2025;5;ESTAGIARIOS;762770.7999999999;747;739;0.71
2025;5;ACUMULO DE GRATTIFICACAO-ESTAT;735005.78;33;28;0.68
2025;5;COMIS ESTAT/MENSAL(INCORPORAN);694151.57;43;38;0.64
2025;5;APOS/PENS-CLT/COMPL.INSS     P;635185.49;145;145;0.59
2025;5;C.L.T./PROF/TMP/HORISTA;599611.23;87;87;0.56
2025;5;AGENTE POLITICO              S;492876.96;23;22;0.46
2025;5;APOS/INAT-CLT/COMPL.INSS     P;465193.18;72;72;0.43
2025;5;C.L.T. MENSAL/TEMP;311202.57;86;86;0.29
2025;5;AGENTE HONORIFICO;270354.79;57;29;0.25
2025;5;COMIS.ESTAT/HOR(INCORPORANDO);252892.45;10;9;0.23
2025;5;ACUM FG-ANT.COM.EST.HR.C.ORIG;190246.32;8;7;0.18
2025;5;EST MEN COMISS RPC;175920.58000000002;17;16;0.16
2025;5;COMIS. ESTAT. INT. NOVO;122454.43;12;8;0.11
2025;5;COMIS ESTAT MENS(CARGO ORIGEM);112421.22;6;4;0.1
2025;5;COMISSAO/EXTERNO - EDUCACAO  S;95918.28;8;6;0.09
2025;5;EST HOR COMISS/FG RPC;66381.23;2;2;0.06
2025;5;AGENTE POLITICO RPPS NOVOS;44920.44;2;2;0.04
2025;5;EST MEN FG RPC;32607.31;5;5;0.03
2025;5;PREFEITO                     S;29363.01;1;1;0.03
2025;5;AGENTE POLITICO - EDUCACAO   S;22460.22;1;1;0.02
2025;5;VICE PREFEITO                S;17617.8;1;1;0.02
2025;5;CONS.TUTELAR RPPS;17237.989999999998;2;2;0.02
2025;5;COMISSIONADO SPPREV;15547.37;1;1;0.01
2025;6;ESTATUTARIOS MEN/ LEI 8336/07;21833054.84;3133;2853;19.4
2025;6;PROF/HOR/ESTAT - LEI 8336/2007;21502465.45;1932;1887;19.11
2025;6;ESTATUTARIO                  E;8760677.4;726;667;7.79
2025;6;ESTAT. HORISTAS/NOVOS 8336/07;7842213.88;753;672;6.97
2025;6;EST MENS RPC;6683712.25;1341;1269;5.94
2025;6;ESTATUTARIO/HORISTAS         E;6392808.69;421;377;5.68
2025;6;COMIS.ESTAT/MENSAL NOVOS (INC);5884263.17;465;399;5.23
2025;6;PROF/HORISTAS/ESTATUTARIOS   E;5133190.85;308;303;4.56
2025;6;EST HOR RPC;4501646.52;507;439;4.0
2025;6;PROF/EVENT/SUBST/AUTONOMOS   A;4427959.89;2349;2298;3.94
2025;6;ACUMULO DE GRATIF-ESTAT NOVOS;2943777.24;184;164;2.62
2025;6;MED.PLANT.ESTAT -LEI 8336/2007;2457919.38;111;94;2.18
2025;6;COMISSAO/EXTERNO             S;2185809.32;141;138;1.94
2025;6;EST HOR PEB RPC;1854809.91;255;242;1.65
2025;6;COMIS.ESTAT/HOR(INCORP)NOVOS;1731564.88;84;77;1.54
2025;6;MEDICOS PLANTONISTAS/ESTATUT.;1315510.52;46;39;1.17
2025;6;C.L.T.                     C;984579.78;213;197;0.88
2025;6;ESTAGIARIOS;728632.32;705;690;0.65
2025;6;ACUMULO DE GRATTIFICACAO-ESTAT;700914.36;33;28;0.62
2025;6;COMIS ESTAT/MENSAL(INCORPORAN);667439.34;41;36;0.59
2025;6;APOS/PENS-CLT/COMPL.INSS     P;638726.66;143;143;0.57
2025;6;C.L.T./PROF/TMP/HORISTA;614912.18;95;86;0.55
2025;6;AGENTE POLITICO              S;481272.57;21;21;0.43
2025;6;APOS/INAT-CLT/COMPL.INSS     P;467763.01;71;71;0.42
2025;6;C.L.T. MENSAL/TEMP;306602.67;88;85;0.27
2025;6;COMIS.ESTAT/HOR(INCORPORANDO);259113.96;13;10;0.23
2025;6;AGENTE HONORIFICO;246478.24;33;29;0.22
2025;6;EST MEN COMISS RPC;209436.51;20;19;0.19
2025;6;ACUM FG-ANT.COM.EST.HR.C.ORIG;141834.81;5;5;0.13
2025;6;COMIS ESTAT MENS(CARGO ORIGEM);130465.93;4;4;0.12
2025;6;COMIS. ESTAT. INT. NOVO;104452.53;7;7;0.09
2025;6;EST HOR COMISS/FG RPC;102795.45;4;3;0.09
2025;6;COMISSAO/EXTERNO - EDUCACAO  S;98282.27;7;6;0.09
2025;6;AGENTE POLITICO RPPS NOVOS;44920.44;2;2;0.04
2025;6;EST MEN FG RPC;35604.76;5;5;0.03
2025;6;PREFEITO                     S;25447.94;1;1;0.02
2025;6;AGENTE POLITICO - EDUCACAO   S;22460.22;1;1;0.02
2025;6;VICE PREFEITO                S;17617.8;1;1;0.02
2025;6;CONS.TUTELAR RPPS;17440.71;2;2;0.02
2025;6;COMISSIONADO SPPREV;15661.1;1;1;0.01
2025;7;ESTATUTARIOS MEN/ LEI 8336/07;21335535.92;3272;2848;18.96
2025;7;PROF/HOR/ESTAT - LEI 8336/2007;21327948.41;1941;1885;18.95
2025;7;ESTATUTARIO                  E;8754258.98;772;665;7.78
2025;7;ESTAT. HORISTAS/NOVOS 8336/07;7579218.61;858;671;6.74
2025;7;EST MENS RPC;6938557.34;1428;1310;6.17
2025;7;ESTATUTARIO/HORISTAS         E;6851926.01;482;377;6.09
2025;7;COMIS.ESTAT/MENSAL NOVOS (INC);6094426.3;509;398;5.42
2025;7;PROF/HORISTAS/ESTATUTARIOS   E;5137121.33;310;302;4.57
2025;7;EST HOR RPC;4376165.21;517;438;3.89
2025;7;PROF/EVENT/SUBST/AUTONOMOS   A;4284130.94;2272;2257;3.81
2025;7;ACUMULO DE GRATIF-ESTAT NOVOS;3007996.11;209;164;2.67
2025;7;MED.PLANT.ESTAT -LEI 8336/2007;2493355.36;130;95;2.22
2025;7;COMISSAO/EXTERNO             S;2177797.47;146;140;1.94
2025;7;EST HOR PEB RPC;1860856.09;253;242;1.65
2025;7;COMIS.ESTAT/HOR(INCORP)NOVOS;1832641.16;102;76;1.63
2025;7;MEDICOS PLANTONISTAS/ESTATUT.;1266709.01;48;38;1.13
2025;7;C.L.T.                     C;975943.34;226;197;0.87
2025;7;COMIS ESTAT/MENSAL(INCORPORAN);837581.8200000001;45;36;0.74
2025;7;ESTAGIARIOS;696815.28;737;734;0.62
2025;7;ACUMULO DE GRATTIFICACAO-ESTAT;665020.8099999999;33;28;0.59
2025;7;APOS/PENS-CLT/COMPL.INSS     P;639502.49;143;143;0.57
2025;7;C.L.T./PROF/TMP/HORISTA;592139.25;85;84;0.53
2025;7;AGENTE POLITICO              S;473603.83;21;21;0.42
2025;7;APOS/INAT-CLT/COMPL.INSS     P;469387.21;71;71;0.42
2025;7;C.L.T. MENSAL/TEMP;304953.56;90;85;0.27
2025;7;AGENTE HONORIFICO;263003.39;34;29;0.23
2025;7;EST MEN COMISS RPC;255345.47;28;23;0.23
2025;7;COMIS.ESTAT/HOR(INCORPORANDO);247022.63;13;10;0.22
2025;7;ACUM FG-ANT.COM.EST.HR.C.ORIG;146062.22;6;5;0.13
2025;7;COMIS. ESTAT. INT. NOVO;125064.72;9;8;0.11
2025;7;COMIS ESTAT MENS(CARGO ORIGEM);120543.49;5;4;0.11
2025;7;COMISSAO/EXTERNO - EDUCACAO  S;93631.56;6;6;0.08
2025;7;EST HOR COMISS/FG RPC;85916.11;3;3;0.08
2025;7;AGENTE POLITICO RPPS NOVOS;72211.76;3;2;0.06
2025;7;PREFEITO                     S;29363.01;1;1;0.03
2025;7;EST MEN FG RPC;27148.98;7;4;0.02
2025;7;COMISSIONADO SPPREV;24826.43;2;1;0.02
2025;7;AGENTE POLITICO - EDUCACAO   S;22644.52;1;1;0.02
2025;7;CONS.TUTELAR RPPS;18788.39;3;2;0.02
2025;7;VICE PREFEITO                S;17617.8;1;1;0.02
2025;8;PROF/HOR/ESTAT - LEI 8336/2007;21375499.44;1886;1884;19.35
2025;8;ESTATUTARIOS MEN/ LEI 8336/07;21366852.96;3091;2844;19.34
2025;8;ESTATUTARIO                  E;9276935.73;725;660;8.4
2025;8;ESTAT. HORISTAS/NOVOS 8336/07;7483719.04;760;670;6.77
2025;8;EST MENS RPC;7225308.69;1460;1330;6.54
2025;8;ESTATUTARIO/HORISTAS         E;6049000.77;418;373;5.48
2025;8;COMIS.ESTAT/MENSAL NOVOS (INC);5971679.72;457;396;5.41
2025;8;PROF/HORISTAS/ESTATUTARIOS   E;5105430.77;302;300;4.62
2025;8;EST HOR RPC;4393437.77;489;437;3.98
2025;8;ACUMULO DE GRATIF-ESTAT NOVOS;3003373.94;186;167;2.72
2025;8;PROF/EVENT/SUBST/AUTONOMOS   A;2587260.2399999998;1920;1913;2.34
2025;8;MED.PLANT.ESTAT -LEI 8336/2007;2487296.63;109;95;2.25
2025;8;COMISSAO/EXTERNO             S;2124079.65;143;139;1.92
2025;8;EST HOR PEB RPC;1866237.83;245;243;1.69
2025;8;COMIS.ESTAT/HOR(INCORP)NOVOS;1663640.09;89;76;1.51
2025;8;MEDICOS PLANTONISTAS/ESTATUT.;1438133.26;44;39;1.3
2025;8;C.L.T.                     C;948187.62;217;196;0.86
2025;8;COMIS ESTAT/MENSAL(INCORPORAN);769616.2;42;36;0.7
2025;8;ESTAGIARIOS;746172.1599999999;759;737;0.68
2025;8;ACUMULO DE GRATTIFICACAO-ESTAT;637402.47;29;26;0.58
2025;8;APOS/PENS-CLT/COMPL.INSS     P;635445.49;142;142;0.58
2025;8;C.L.T./PROF/TMP/HORISTA;590415.13;85;85;0.53
2025;8;AGENTE POLITICO              S;483687.22000000003;21;21;0.44
2025;8;APOS/INAT-CLT/COMPL.INSS     P;466711.71;70;70;0.42
2025;8;C.L.T. MENSAL/TEMP;297934.02999999997;85;84;0.27
2025;8;EST MEN COMISS RPC;265186.75;25;23;0.24
2025;8;AGENTE HONORIFICO;237969.96999999997;31;29;0.22
2025;8;COMIS.ESTAT/HOR(INCORPORANDO);225856.03;10;10;0.2
2025;8;COMIS. ESTAT. INT. NOVO;172814.6;8;7;0.16
2025;8;ACUM FG-ANT.COM.EST.HR.C.ORIG;154556.21000000002;6;5;0.14
2025;8;COMIS ESTAT MENS(CARGO ORIGEM);95956.16;4;4;0.09
2025;8;COMISSAO/EXTERNO - EDUCACAO  S;80235.32;7;5;0.07
2025;8;EST HOR COMISS/FG RPC;78121.65;4;4;0.07
2025;8;AGENTE POLITICO RPPS NOVOS;41244.64;2;2;0.04
2025;8;PREFEITO                     S;25447.94;1;1;0.02
2025;8;EST MEN FG RPC;24809.75;4;4;0.02
2025;8;CONS.TUTELAR RPPS;17702.81;2;2;0.02
2025;8;VICE PREFEITO                S;17617.8;1;1;0.02
2025;8;AGENTE POLITICO - EDUCACAO   S;16497.85;1;1;0.01
2025;8;COMISSIONADO SPPREV;15923.2;1;1;0.01
2025;9;PROF/HOR/ESTAT - LEI 8336/2007;21329169.57;1937;1882;19.09
2025;9;ESTATUTARIOS MEN/ LEI 8336/07;20900875.43;3234;2836;18.71
2025;9;ESTATUTARIO                  E;8635563.54;745;648;7.73
2025;9;ESTAT. HORISTAS/NOVOS 8336/07;7538732.76;771;669;6.75
2025;9;EST MENS RPC;7338324.69;1492;1347;6.57
2025;9;ESTATUTARIO/HORISTAS         E;6299803.57;431;371;5.64
2025;9;COMIS.ESTAT/MENSAL NOVOS (INC);5602479.58;453;392;5.01
2025;9;PROF/HORISTAS/ESTATUTARIOS   E;5290054.38;314;300;4.73
2025;9;PROF/EVENT/SUBST/AUTONOMOS   A;4737719.82;2428;2404;4.24
2025;9;EST HOR RPC;4471790.42;486;434;4.0
2025;9;ACUMULO DE GRATIF-ESTAT NOVOS;2874546.89;200;170;2.57
2025;9;MED.PLANT.ESTAT -LEI 8336/2007;2466795.68;110;94;2.21
2025;9;COMISSAO/EXTERNO             S;2195882.27;142;140;1.97
2025;9;EST HOR PEB RPC;1841140.3;245;241;1.65
2025;9;COMIS.ESTAT/HOR(INCORP)NOVOS;1738889.52;94;78;1.56
2025;9;MEDICOS PLANTONISTAS/ESTATUT.;1295521.47;46;37;1.16
2025;9;C.L.T.                     C;1010844.36;238;203;0.9
2025;9;ESTAGIARIOS;764819.52;767;760;0.68
2025;9;COMIS ESTAT/MENSAL(INCORPORAN);692166.26;38;35;0.62
2025;9;ACUMULO DE GRATTIFICACAO-ESTAT;671436.45;28;26;0.6
2025;9;APOS/PENS-CLT/COMPL.INSS     P;631080.88;128;128;0.56
2025;9;C.L.T./PROF/TMP/HORISTA;579872.53;82;82;0.52
2025;9;AGENTE POLITICO              S;482968.53;22;21;0.43
2025;9;APOS/INAT-CLT/COMPL.INSS     P;462987.63;62;62;0.41
2025;9;C.L.T. MENSAL/TEMP;288682.47;84;80;0.26
2025;9;EST MEN COMISS RPC;258690.04;27;23;0.23
2025;9;AGENTE HONORIFICO;254750.88999999998;33;29;0.23
2025;9;COMIS.ESTAT/HOR(INCORPORANDO);253665.34;11;11;0.23
2025;9;EST HOR COMISS/FG RPC;204373.35;7;4;0.18
2025;9;COMIS ESTAT MENS(CARGO ORIGEM);133592.04;5;5;0.12
2025;9;ACUM FG-ANT.COM.EST.HR.C.ORIG;122352.62;5;4;0.11
2025;9;COMIS. ESTAT. INT. NOVO;101804.12;7;7;0.09
2025;9;COMISSAO/EXTERNO - EDUCACAO  S;84958.95;7;5;0.08
2025;9;AGENTE POLITICO RPPS NOVOS;44994.16;2;2;0.04
2025;9;EST MEN FG RPC;29609.8;4;4;0.03
2025;9;PREFEITO                     S;29363.01;1;1;0.03
2025;9;AGENTE POLITICO - EDUCACAO   S;22497.08;1;1;0.02
2025;9;CONS.TUTELAR RPPS;17720.61;2;2;0.02
2025;9;VICE PREFEITO                S;17617.8;1;1;0.02
2025;9;COMISSIONADO SPPREV;15896.99;1;1;0.01
2025;10;PROF/HOR/ESTAT - LEI 8336/2007;21231616.82;1895;1876;19.25
2025;10;ESTATUTARIOS MEN/ LEI 8336/07;20703457.19;3080;2834;18.77
2025;10;ESTATUTARIO                  E;7942264.71;700;640;7.2
2025;10;ESTAT. HORISTAS/NOVOS 8336/07;7514196.79;781;669;6.81
2025;10;EST MENS RPC;7213674.74;1418;1341;6.54
2025;10;ESTATUTARIO/HORISTAS         E;5815405.24;416;365;5.27
2025;10;COMIS.ESTAT/MENSAL NOVOS (INC);5617706.95;444;391;5.09
2025;10;PROF/EVENT/SUBST/AUTONOMOS   A;5379754.6;2598;2588;4.88
2025;10;PROF/HORISTAS/ESTATUTARIOS   E;5217917.4;298;297;4.73
2025;10;EST HOR RPC;4327052.77;506;432;3.92
2025;10;ACUMULO DE GRATIF-ESTAT NOVOS;2899771.61;188;169;2.63
2025;10;MED.PLANT.ESTAT -LEI 8336/2007;2331146.4;109;94;2.11
2025;10;COMISSAO/EXTERNO             S;2260837.42;146;141;2.05
2025;10;EST HOR PEB RPC;1843215.79;245;241;1.67
2025;10;COMIS.ESTAT/HOR(INCORP)NOVOS;1680997.44;89;77;1.52
2025;10;MEDICOS PLANTONISTAS/ESTATUT.;1219708.5999999999;43;37;1.11
2025;10;C.L.T.                     C;978974.6799999999;223;202;0.89
2025;10;ESTAGIARIOS;762105.9199999999;731;726;0.69
2025;10;ACUMULO DE GRATTIFICACAO-ESTAT;690642.14;29;25;0.63
2025;10;APOS/PENS-CLT/COMPL.INSS     P;625506.4400000001;127;127;0.57
2025;10;COMIS ESTAT/MENSAL(INCORPORAN);619299.8099999999;34;34;0.56
2025;10;C.L.T./PROF/TMP/HORISTA;582509.75;83;83;0.53
2025;10;AGENTE POLITICO              S;520557.35000000003;22;22;0.47
2025;10;APOS/INAT-CLT/COMPL.INSS     P;462500.5;61;61;0.42
2025;10;EST MEN COMISS RPC;295763.38;29;25;0.27
2025;10;C.L.T. MENSAL/TEMP;286898.48;81;80;0.26
2025;10;AGENTE HONORIFICO;259899.75;34;29;0.24
2025;10;COMIS.ESTAT/HOR(INCORPORANDO);257380.66999999998;12;11;0.23
2025;10;EST HOR COMISS/FG RPC;143632.28;5;4;0.13
2025;10;COMIS. ESTAT. INT. NOVO;118297.39;9;7;0.11
2025;10;COMIS ESTAT MENS(CARGO ORIGEM);116676.22;5;5;0.11
2025;10;ACUM FG-ANT.COM.EST.HR.C.ORIG;113484.0;5;4;0.1
2025;10;COMISSAO/EXTERNO - EDUCACAO  S;76497.92000000001;5;5;0.07
2025;10;AGENTE POLITICO RPPS NOVOS;44994.16;2;2;0.04
2025;10;PREFEITO                     S;29363.01;1;1;0.03
2025;10;EST MEN FG RPC;24390.4;4;4;0.02
2025;10;AGENTE POLITICO - EDUCACAO   S;22497.08;1;1;0.02
2025;10;VICE PREFEITO                S;17617.8;1;1;0.02
2025;10;COMISSIONADO SPPREV;15818.36;1;1;0.01
2025;10;CONS.TUTELAR RPPS;15522.52;2;2;0.01
2025;11;PROF/HOR/ESTAT - LEI 8336/2007;29507048.57;1902;1873;20.02
2025;11;ESTATUTARIOS MEN/ LEI 8336/07;28177527.01;3158;2834;19.12
2025;11;ESTATUTARIO                  E;10235532.01;681;628;6.95
2025;11;ESTAT. HORISTAS/NOVOS 8336/07;9912708.4;791;667;6.73
2025;11;EST MENS RPC;9421362.05;1423;1324;6.39
2025;11;ESTATUTARIO/HORISTAS         E;7931104.44;416;363;5.38
2025;11;COMIS.ESTAT/MENSAL NOVOS (INC);7544531.21;450;392;5.12
2025;11;PROF/HORISTAS/ESTATUTARIOS   E;7533451.78;305;295;5.11
2025;11;EST HOR RPC;5567304.13;469;430;3.78
2025;11;PROF/EVENT/SUBST/AUTONOMOS   A;5200751.7;2576;2540;3.53
2025;11;ACUMULO DE GRATIF-ESTAT NOVOS;3822841.66;192;170;2.59
2025;11;COMISSAO/EXTERNO             S;3135511.1;154;141;2.13
2025;11;MED.PLANT.ESTAT -LEI 8336/2007;2949903.76;101;94;2.0
2025;11;EST HOR PEB RPC;2582865.79;244;241;1.75
2025;11;COMIS.ESTAT/HOR(INCORP)NOVOS;2496646.94;92;78;1.69
2025;11;MEDICOS PLANTONISTAS/ESTATUT.;1616364.01;41;37;1.1
2025;11;C.L.T.                     C;1306378.67;232;202;0.89
2025;11;COMIS ESTAT/MENSAL(INCORPORAN);1046956.72;37;35;0.71
2025;11;APOS/PENS-CLT/COMPL.INSS     P;925971.64;127;127;0.63
2025;11;C.L.T./PROF/TMP/HORISTA;885943.4400000001;83;83;0.6
2025;11;ACUMULO DE GRATTIFICACAO-ESTAT;862145.04;30;26;0.59
2025;11;AGENTE POLITICO              S;808769.88;24;22;0.55
2025;11;ESTAGIARIOS;740881.6;698;698;0.5
2025;11;APOS/INAT-CLT/COMPL.INSS     P;688560.05;62;62;0.47
2025;11;EST MEN COMISS RPC;454466.98;34;29;0.31
2025;11;C.L.T. MENSAL/TEMP;370531.25;84;79;0.25
2025;11;COMIS.ESTAT/HOR(INCORPORANDO);367302.21;11;11;0.25
2025;11;AGENTE HONORIFICO;355350.21;35;30;0.24
2025;11;COMIS ESTAT MENS(CARGO ORIGEM);166649.59;5;5;0.11
2025;11;ACUM FG-ANT.COM.EST.HR.C.ORIG;157187.08000000002;4;4;0.11
2025;11;COMIS. ESTAT. INT. NOVO;144754.57;7;7;0.1
2025;11;COMISSAO/EXTERNO - EDUCACAO  S;111968.79999999999;5;5;0.08
2025;11;EST HOR COMISS/FG RPC;107741.43000000001;3;3;0.07
2025;11;PREFEITO                     S;56768.49;2;2;0.04
2025;11;EST MEN FG RPC;41644.96;4;4;0.03
2025;11;AGENTE POLITICO - EDUCACAO   S;33745.62;1;1;0.02
2025;11;AGENTE POLITICO RPPS NOVOS;33745.62;1;1;0.02
2025;11;CONS.TUTELAR RPPS;28989.809999999998;3;2;0.02
2025;11;COMISSIONADO SPPREV;23171.92;1;1;0.02
2025;12;PROF/HOR/ESTAT - LEI 8336/2007;38631772.12;3763;1873;19.75
2025;12;ESTATUTARIOS MEN/ LEI 8336/07;37023292.32;5950;2835;18.93
2025;12;ESTATUTARIO                  E;14005596.97;1309;624;7.16
2025;12;ESTAT. HORISTAS/NOVOS 8336/07;13887225.46;1431;663;7.1
2025;12;EST MENS RPC;12063669.15;2742;1320;6.17
2025;12;ESTATUTARIO/HORISTAS         E;11274888.04;793;362;5.76
2025;12;COMIS.ESTAT/MENSAL NOVOS (INC);10073033.65;853;396;5.15
2025;12;PROF/HORISTAS/ESTATUTARIOS   E;9536196.98;584;290;4.87
2025;12;EST HOR RPC;8478725.85;911;434;4.33
2025;12;ACUMULO DE GRATIF-ESTAT NOVOS;5361129.73;367;170;2.74
2025;12;PROF/EVENT/SUBST/AUTONOMOS   A;4871951.2;2496;2451;2.49
2025;12;MED.PLANT.ESTAT -LEI 8336/2007;4478021.5;196;93;2.29
2025;12;COMISSAO/EXTERNO             S;3921421.8000000003;284;138;2.0
2025;12;EST HOR PEB RPC;3399921.61;485;241;1.74
2025;12;COMIS.ESTAT/HOR(INCORP)NOVOS;3246373.47;174;76;1.66
2025;12;MEDICOS PLANTONISTAS/ESTATUT.;2424554.63;79;37;1.24
2025;12;C.L.T.                     C;1675750.54;427;202;0.86
2025;12;ACUMULO DE GRATTIFICACAO-ESTAT;1513289.66;62;27;0.77
2025;12;C.L.T./PROF/TMP/HORISTA;1352247.05;85;82;0.69
2025;12;APOS/PENS-CLT/COMPL.INSS     P;1251012.88;254;127;0.64
2025;12;COMIS ESTAT/MENSAL(INCORPORAN);1233871.97;73;33;0.63
2025;12;APOS/INAT-CLT/COMPL.INSS     P;925071.38;122;61;0.47
2025;12;AGENTE POLITICO              S;906992.4500000001;46;21;0.46
2025;12;ESTAGIARIOS;695743.76;738;734;0.36
2025;12;EST MEN COMISS RPC;624152.54;63;29;0.32
2025;12;COMIS.ESTAT/HOR(INCORPORANDO);546728.7;27;12;0.28
2025;12;AGENTE HONORIFICO;524443.59;87;29;0.27
2025;12;C.L.T. MENSAL/TEMP;479733.35;155;80;0.25
2025;12;ACUM FG-ANT.COM.EST.HR.C.ORIG;228311.84;10;4;0.12
2025;12;COMIS. ESTAT. INT. NOVO;200877.14;15;7;0.1
2025;12;COMIS ESTAT MENS(CARGO ORIGEM);199014.19;8;4;0.1
2025;12;EST HOR COMISS/FG RPC;169836.41;6;3;0.09
2025;12;COMISSAO/EXTERNO - EDUCACAO  S;146941.64;10;5;0.08
2025;12;PREFEITO                     S;58726.02;2;2;0.03
2025;12;EST MEN FG RPC;54414.43;8;4;0.03
2025;12;AGENTE POLITICO - EDUCACAO   S;44994.16;2;1;0.02
2025;12;AGENTE POLITICO RPPS NOVOS;44994.16;2;1;0.02
2025;12;CONS.TUTELAR RPPS;32511.07;4;2;0.02
2025;12;COMISSIONADO SPPREV;31208.58;3;1;0.02
2026;1;PROF/HOR/ESTAT - LEI 8336/2007;27641225.03;3672;1868;23.11
2026;1;ESTATUTARIOS MEN/ LEI 8336/07;23786230.78;4469;2832;19.89
2026;1;ESTATUTARIO                  E;7809290.01;792;617;6.53
2026;1;EST MENS RPC;7760056.38;1844;1323;6.49
2026;1;ESTAT. HORISTAS/NOVOS 8336/07;7173532.27;728;662;6.0
2026;1;PROF/HORISTAS/ESTATUTARIOS   E;6605059.98;557;287;5.52
2026;1;COMIS.ESTAT/MENSAL NOVOS (INC);5749926.77;464;397;4.81
2026;1;ESTATUTARIO/HORISTAS         E;5724825.52;392;360;4.79
2026;1;EST HOR RPC;4507177.99;509;438;3.77
2026;1;ACUMULO DE GRATIF-ESTAT NOVOS;3306663.17;211;171;2.76
2026;1;PROF/EVENT/SUBST/AUTONOMOS   A;2994522.85;2092;2079;2.5
2026;1;EST HOR PEB RPC;2473581.51;478;241;2.07
2026;1;COMISSAO/EXTERNO             S;2436881.73;149;140;2.04
2026;1;MED.PLANT.ESTAT -LEI 8336/2007;2396260.84;104;93;2.0
2026;1;COMIS.ESTAT/HOR(INCORP)NOVOS;1703751.49;96;77;1.42
2026;1;MEDICOS PLANTONISTAS/ESTATUT.;1282236.83;40;37;1.07
2026;1;C.L.T.                     C;979301.6900000001;210;202;0.82
2026;1;ESTAGIARIOS;669710.48;665;661;0.56
2026;1;COMIS ESTAT/MENSAL(INCORPORAN);626753.1;38;33;0.52
2026;1;APOS/PENS-CLT/COMPL.INSS     P;625506.4400000001;127;127;0.52
2026;1;ACUMULO DE GRATTIFICACAO-ESTAT;534178.47;28;26;0.45
2026;1;AGENTE POLITICO              S;496318.49000000005;23;21;0.41
2026;1;APOS/INAT-CLT/COMPL.INSS     P;472782.79;61;61;0.4
2026;1;EST MEN COMISS RPC;307482.92;32;27;0.26
2026;1;COMIS.ESTAT/HOR(INCORPORANDO);293237.27999999997;14;12;0.25
2026;1;AGENTE HONORIFICO;255077.97;32;31;0.21
2026;1;C.L.T. MENSAL/TEMP;234593.43;65;65;0.2
2026;1;COMIS. ESTAT. INT. NOVO;118082.68;8;7;0.1
2026;1;ACUM FG-ANT.COM.EST.HR.C.ORIG;109038.95;4;4;0.09
2026;1;COMIS ESTAT MENS(CARGO ORIGEM);101785.34;4;4;0.09
2026;1;EST HOR COMISS/FG RPC;81980.81;4;3;0.07
2026;1;COMISSAO/EXTERNO - EDUCACAO  S;79939.69;7;5;0.07
2026;1;PREFEITO                     S;58726.02;2;2;0.05
2026;1;AGENTE POLITICO - EDUCACAO   S;52493.020000000004;2;1;0.04
2026;1;EST MEN FG RPC;37714.409999999996;6;4;0.03
2026;1;C.L.T./PROF/TMP/HORISTA;36015.81;9;6;0.03
2026;1;COMISSIONADO SPPREV;34413.13;1;1;0.03
2026;1;CONS.TUTELAR RPPS;22782.3;3;2;0.02
2026;1;AGENTE POLITICO RPPS NOVOS;22497.08;1;1;0.02
2026;2;ESTATUTARIOS MEN/ LEI 8336/07;20721998.41;3061;2827;20.0
2026;2;PROF/HOR/ESTAT - LEI 8336/2007;19193475.55;1876;1865;18.53
2026;2;ESTAT. HORISTAS/NOVOS 8336/07;7725724.33;787;662;7.46
2026;2;ESTATUTARIO                  E;7619601.23;653;609;7.35
2026;2;EST MENS RPC;7089434.42;1430;1325;6.84
2026;2;ESTATUTARIO/HORISTAS         E;6753178.37;444;361;6.52
2026;2;COMIS.ESTAT/MENSAL NOVOS (INC);5762533.91;464;396;5.56
2026;2;PROF/HORISTAS/ESTATUTARIOS   E;4866228.52;289;286;4.7
2026;2;EST HOR RPC;4474786.03;503;435;4.32
2026;2;ACUMULO DE GRATIF-ESTAT NOVOS;2986514.32;194;169;2.88
2026;2;COMISSAO/EXTERNO             S;2423306.68;159;149;2.34
2026;2;MED.PLANT.ESTAT -LEI 8336/2007;2368705.08;106;92;2.29
2026;2;COMIS.ESTAT/HOR(INCORP)NOVOS;1884613.16;94;77;1.82
2026;2;EST HOR PEB RPC;1618446.4;241;241;1.56
2026;2;MEDICOS PLANTONISTAS/ESTATUT.;1325052.12;41;36;1.28
2026;2;C.L.T.                     C;1039648.47;229;202;1.0
2026;2;ACUMULO DE GRATTIFICACAO-ESTAT;759739.92;34;27;0.73
2026;2;COMIS ESTAT/MENSAL(INCORPORAN);708082.9500000001;36;33;0.68
2026;2;APOS/PENS-CLT/COMPL.INSS     P;625506.4400000001;127;127;0.6
2026;2;ESTAGIARIOS;616301.76;628;626;0.59
2026;2;AGENTE POLITICO              S;594422.25;28;23;0.57
2026;2;APOS/INAT-CLT/COMPL.INSS     P;461368.55;60;60;0.45
2026;2;COMIS.ESTAT/HOR(INCORPORANDO);317887.91;16;11;0.31
2026;2;EST MEN COMISS RPC;305342.38;32;28;0.29
2026;2;AGENTE HONORIFICO;302792.74;40;31;0.29
2026;2;C.L.T. MENSAL/TEMP;224329.55;65;63;0.22
2026;2;COMIS. ESTAT. INT. NOVO;152977.33;9;7;0.15
2026;2;COMIS ESTAT MENS(CARGO ORIGEM);126955.51999999999;6;4;0.12
2026;2;ACUM FG-ANT.COM.EST.HR.C.ORIG;109458.31;4;4;0.11
2026;2;COMISSAO/EXTERNO - EDUCACAO  S;98573.53;5;5;0.1
2026;2;EST HOR COMISS/FG RPC;88568.79;4;3;0.09
2026;2;PROF/EVENT/SUBST/AUTONOMOS   A;74325.66;166;99;0.07
2026;2;PREFEITO                     S;58726.02;2;2;0.06
2026;2;EST MEN FG RPC;40996.21;7;5;0.04
2026;2;C.L.T./PROF/TMP/HORISTA;26664.65;6;6;0.03
2026;2;AGENTE POLITICO RPPS NOVOS;22497.08;1;1;0.02
2026;2;AGENTE POLITICO - EDUCACAO   S;20872.25;1;1;0.02
2026;2;CONS.TUTELAR RPPS;18147.47;2;2;0.02
2026;3;PROF/HOR/ESTAT - LEI 8336/2007;26500520.03;1923;1863;20.33
2026;3;ESTATUTARIOS MEN/ LEI 8336/07;26224799.06;3051;2817;20.12
2026;3;ESTATUTARIO                  E;9215625.77;669;605;7.07
2026;3;ESTAT. HORISTAS/NOVOS 8336/07;8986520.82;763;660;6.89
2026;3;EST MENS RPC;8900796.58;1461;1354;6.83
2026;3;ESTATUTARIO/HORISTAS         E;7155201.22;422;359;5.49
2026;3;COMIS.ESTAT/MENSAL NOVOS (INC);6179903.08;450;392;4.74
2026;3;PROF/HORISTAS/ESTATUTARIOS   E;6123880.58;290;280;4.7
2026;3;EST HOR RPC;5294635.31;488;433;4.06
2026;3;PROF/EVENT/SUBST/AUTONOMOS   A;3534088.57;2626;2622;2.71
2026;3;ACUMULO DE GRATIF-ESTAT NOVOS;3355190.75;202;171;2.57
2026;3;MED.PLANT.ESTAT -LEI 8336/2007;2764287.08;104;92;2.12
2026;3;COMISSAO/EXTERNO             S;2331270.61;145;129;1.79
2026;3;EST HOR PEB RPC;2260151.44;261;239;1.73
2026;3;COMIS.ESTAT/HOR(INCORP)NOVOS;1998881.42;90;77;1.53
2026;3;MEDICOS PLANTONISTAS/ESTATUT.;1417594.75;43;36;1.09
2026;3;C.L.T./PROF/TMP/HORISTA;1408501.23;191;191;1.08
2026;3;C.L.T.                     C;1035563.49;226;202;0.79
2026;3;APOS/PENS-CLT/COMPL.INSS     P;698586.18;126;126;0.54
2026;3;COMIS ESTAT/MENSAL(INCORPORAN);677444.36;35;31;0.52
2026;3;ACUMULO DE GRATTIFICACAO-ESTAT;640408.31;28;24;0.49
2026;3;ESTAGIARIOS;618035.0399999999;631;626;0.47
2026;3;APOS/INAT-CLT/COMPL.INSS     P;516208.32;60;60;0.4
2026;3;AGENTE POLITICO              S;478030.55000000005;22;20;0.37
2026;3;EST MEN COMISS RPC;369333.23;35;27;0.28
2026;3;AGENTE HONORIFICO;336164.39;37;31;0.26
2026;3;COMIS.ESTAT/HOR(INCORPORANDO);292876.58999999997;12;11;0.22
2026;3;C.L.T. MENSAL/TEMP;283697.94;64;58;0.22
2026;3;COMIS. ESTAT. INT. NOVO;187210.1;8;7;0.14
2026;3;ACUM FG-ANT.COM.EST.HR.C.ORIG;124355.35;4;4;0.1
2026;3;EST HOR COMISS/FG RPC;97158.02;3;3;0.07
2026;3;COMIS ESTAT MENS(CARGO ORIGEM);88699.27;3;3;0.07
2026;3;COMISSAO/EXTERNO - EDUCACAO  S;80386.64;6;4;0.06
2026;3;PREFEITO                     S;58726.02;2;2;0.05
2026;3;AGENTE POLITICO RPPS NOVOS;44994.16;2;2;0.03
2026;3;EST MEN FG RPC;41114.85;5;5;0.03
2026;3;CONS.TUTELAR RPPS;20399.089999999997;2;2;0.02
2026;4;ESTATUTARIOS MEN/ LEI 8336/07;23096961.24;3209;2860;19.58
2026;4;PROF/HOR/ESTAT - LEI 8336/2007;22583781.34;1879;1861;19.15
2026;4;ESTATUTARIO                  E;8098896.37;670;606;6.87
2026;4;ESTAT. HORISTAS/NOVOS 8336/07;8022833.15;774;665;6.8
2026;4;EST MENS RPC;7904372.18;1536;1395;6.7
2026;4;ESTATUTARIO/HORISTAS         E;6442058.7;413;360;5.46
2026;4;COMIS.ESTAT/MENSAL NOVOS (INC);5547454.55;423;367;4.7
2026;4;PROF/HORISTAS/ESTATUTARIOS   E;5460383.97;283;280;4.63
2026;4;PROF/EVENT/SUBST/AUTONOMOS   A;5314989.55;2665;2642;4.51
2026;4;EST HOR RPC;5107177.31;546;471;4.33
2026;4;ACUMULO DE GRATIF-ESTAT NOVOS;3152002.78;174;153;2.67
2026;4;COMISSAO/EXTERNO             S;2457219.88;178;164;2.08
2026;4;MED.PLANT.ESTAT -LEI 8336/2007;2411022.72;100;92;2.04
2026;4;EST HOR PEB RPC;1857493.45;239;238;1.57
2026;4;COMIS.ESTAT/HOR(INCORP)NOVOS;1739067.06;83;72;1.47
2026;4;C.L.T./PROF/TMP/HORISTA;1434393.49;189;188;1.22
2026;4;MEDICOS PLANTONISTAS/ESTATUT.;1236692.61;40;35;1.05
2026;4;C.L.T.                     C;1041160.52;235;206;0.88
2026;4;APOS/PENS-CLT/COMPL.INSS     P;636917.38;124;124;0.54
2026;4;COMIS ESTAT/MENSAL(INCORPORAN);620690.22;33;30;0.53
2026;4;AGENTE POLITICO              S;601511.42;29;29;0.51
2026;4;ESTAGIARIOS;594240.24;599;591;0.5
2026;4;ACUMULO DE GRATTIFICACAO-ESTAT;499841.48;23;22;0.42
2026;4;APOS/INAT-CLT/COMPL.INSS     P;477295.02;60;60;0.4
2026;4;EST MEN COMISS RPC;344572.33;37;28;0.29
2026;4;AGENTE HONORIFICO;281549.67;36;31;0.24
2026;4;COMIS.ESTAT/HOR(INCORPORANDO);274503.21;13;11;0.23
2026;4;COMIS. ESTAT. INT. NOVO;181713.93;8;7;0.15
2026;4;ACUM FG-ANT.COM.EST.HR.C.ORIG;119414.75;5;4;0.1
2026;4;EST HOR COMISS/FG RPC;89384.28;3;3;0.08
2026;4;COMIS ESTAT MENS(CARGO ORIGEM);87666.86;3;3;0.07
2026;4;COMISSAO/EXTERNO - EDUCACAO  S;73333.62;5;4;0.06
2026;4;EST MEN FG RPC;30745.34;4;4;0.03
2026;4;PREFEITO                     S;29363.01;1;1;0.02
2026;4;CONS.TUTELAR RPPS;25202.74;4;2;0.02
2026;4;C.L.T. MENSAL/TEMP;22705.19;49;49;0.02
2026;4;AGENTE POLITICO RPPS NOVOS;22497.08;1;1;0.02
2026;4;VICE PREFEITO                S;17617.8;1;1;0.01
2026;5;PROF/HOR/ESTAT - LEI 8336/2007;22932597.45;1891;1860;19.1
2026;5;ESTATUTARIOS MEN/ LEI 8336/07;22727038.41;3170;2816;18.93
2026;5;EST MENS RPC;8389221.25;1662;1502;6.99
2026;5;ESTAT. HORISTAS/NOVOS 8336/07;8162841.77;785;662;6.8
2026;5;ESTATUTARIO                  E;7983374.96;648;598;6.65
2026;5;ESTATUTARIO/HORISTAS         E;6422541.25;421;357;5.35
2026;5;COMIS.ESTAT/MENSAL NOVOS (INC);6219227.68;448;391;5.18
2026;5;EST HOR RPC;5773289.97;616;510;4.81
2026;5;PROF/HORISTAS/ESTATUTARIOS   E;5474171.09;278;278;4.56
2026;5;PROF/EVENT/SUBST/AUTONOMOS   A;5024760.38;2553;2489;4.18
2026;5;ACUMULO DE GRATIF-ESTAT NOVOS;3268315.43;191;166;2.72
2026;5;COMISSAO/EXTERNO             S;2462541.6;160;147;2.05
2026;5;MED.PLANT.ESTAT -LEI 8336/2007;2442135.21;105;92;2.03
2026;5;COMIS.ESTAT/HOR(INCORP)NOVOS;1888343.22;80;72;1.57
2026;5;EST HOR PEB RPC;1886303.7;241;238;1.57
2026;5;C.L.T./PROF/TMP/HORISTA;1398178.34;185;184;1.16
2026;5;MEDICOS PLANTONISTAS/ESTATUT.;1319868.24;38;35;1.1
2026;5;C.L.T.                     C;1044268.66;223;206;0.87
2026;5;COMIS ESTAT/MENSAL(INCORPORAN);728015.14;35;31;0.61
2026;5;APOS/PENS-CLT/COMPL.INSS     P;642866.92;124;124;0.54
2026;5;ESTAGIARIOS;627109.6;603;594;0.52
2026;5;AGENTE POLITICO              S;588456.7000000001;26;24;0.49
2026;5;ACUMULO DE GRATTIFICACAO-ESTAT;549922.12;25;23;0.46
2026;5;APOS/INAT-CLT/COMPL.INSS     P;482567.76;60;60;0.4
2026;5;EST MEN COMISS RPC;340743.42;32;28;0.28
2026;5;COMIS.ESTAT/HOR(INCORPORANDO);328856.08;12;12;0.27
2026;5;AGENTE HONORIFICO;275090.79;32;30;0.23
2026;5;COMIS ESTAT MENS(CARGO ORIGEM);196287.41999999998;3;3;0.16
2026;5;ACUM FG-ANT.COM.EST.HR.C.ORIG;116709.37;4;4;0.1
2026;5;EST HOR COMISS/FG RPC;95266.29;4;3;0.08
2026;5;COMIS. ESTAT. INT. NOVO;81992.43;5;5;0.07
2026;5;EST MEN FG RPC;69330.75;8;8;0.06
2026;5;COMISSAO/EXTERNO - EDUCACAO  S;30767.980000000003;2;2;0.03
2026;5;PREFEITO                     S;29363.01;1;1;0.02
2026;5;AGENTE POLITICO RPPS NOVOS;22497.08;1;1;0.02
2026;5;CONS.TUTELAR RPPS;18886.81;2;2;0.02
2026;5;VICE PREFEITO                S;17617.8;1;1;0.01
2026;5;C.L.T. MENSAL/TEMP;8051.35;9;9;0.01
2026;6;PROF/HOR/ESTAT - LEI 8336/2007;24091157.54;1871;1858;19.53
2026;6;ESTATUTARIOS MEN/ LEI 8336/07;23559914.12;3081;2796;19.09
2026;6;EST MENS RPC;9119984.86;1776;1637;7.39
2026;6;ESTATUTARIO                  E;8177851.08;656;591;6.63
2026;6;ESTAT. HORISTAS/NOVOS 8336/07;8018388.4799999995;762;662;6.5
2026;6;COMIS.ESTAT/MENSAL NOVOS (INC);6243370.12;456;396;5.06
2026;6;ESTATUTARIO/HORISTAS         E;6117509.63;395;353;4.96
2026;6;EST HOR RPC;5809665.7;588;524;4.71
2026;6;PROF/HORISTAS/ESTATUTARIOS   E;5482210.09;277;274;4.44
2026;6;PROF/EVENT/SUBST/AUTONOMOS   A;5453973.1;2610;2587;4.42
2026;6;ACUMULO DE GRATIF-ESTAT NOVOS;3401641.5100000002;203;173;2.76
2026;6;MED.PLANT.ESTAT -LEI 8336/2007;2610183.4899999998;115;92;2.12
2026;6;COMISSAO/EXTERNO             S;2435298.4699999997;153;146;1.97
2026;6;EST HOR PEB RPC;1880364.25;239;238;1.52
2026;6;COMIS.ESTAT/HOR(INCORP)NOVOS;1756524.01;80;72;1.42
2026;6;C.L.T./PROF/TMP/HORISTA;1631407.52;222;221;1.32
2026;6;MEDICOS PLANTONISTAS/ESTATUT.;1298007.81;42;34;1.05
2026;6;C.L.T.                     C;1083558.96;234;215;0.88
2026;6;COMIS ESTAT/MENSAL(INCORPORAN);699976.49;33;31;0.57
2026;6;APOS/PENS-CLT/COMPL.INSS     P;637325.63;123;123;0.52
2026;6;ACUMULO DE GRATTIFICACAO-ESTAT;636425.92;29;25;0.52
2026;6;ESTAGIARIOS;607462.5599999999;601;599;0.49
2026;6;AGENTE POLITICO              S;505861.14;22;22;0.41
2026;6;APOS/INAT-CLT/COMPL.INSS     P;483421.8;60;60;0.39
2026;6;COMIS.ESTAT/HOR(INCORPORANDO);371838.04;15;12;0.3
2026;6;EST MEN COMISS RPC;324619.93;30;29;0.26
2026;6;AGENTE HONORIFICO;264384.07;32;29;0.21
2026;6;ACUM FG-ANT.COM.EST.HR.C.ORIG;126420.3;5;4;0.1
2026;6;EST HOR COMISS/FG RPC;110341.86;4;3;0.09
2026;6;COMIS. ESTAT. INT. NOVO;90007.43;6;5;0.07
2026;6;C.L.T. MENSAL/TEMP;78082.79;22;22;0.06
2026;6;COMIS ESTAT MENS(CARGO ORIGEM);75008.56999999999;2;2;0.06
2026;6;EST MEN FG RPC;63947.77;8;8;0.05
2026;6;COMISSAO/EXTERNO - EDUCACAO  S;33870.75;3;2;0.03
2026;6;PREFEITO                     S;28384.24;1;1;0.02
2026;6;AGENTE POLITICO RPPS NOVOS;22497.08;1;1;0.02
2026;6;CONS.TUTELAR RPPS;18941.85;2;2;0.02
2026;6;VICE PREFEITO                S;17617.8;1;1;0.01
2026;6;COMISSIONADO SPPREV;16729.93;1;1;0.01
2026;7;PROF/HOR/ESTAT - LEI 8336/2007;29287963.01;3329;1857;21.09
2026;7;ESTATUTARIOS MEN/ LEI 8336/07;27236414.62;4729;2798;19.61
2026;7;ESTATUTARIO                  E;10297334.21;1021;588;7.41
2026;7;EST MENS RPC;9841699.06;1866;1694;7.09
2026;7;ESTAT. HORISTAS/NOVOS 8336/07;9194640.66;1087;664;6.62
2026;7;ESTATUTARIO/HORISTAS         E;6968039.53;539;353;5.02
2026;7;PROF/HORISTAS/ESTATUTARIOS   E;6451434.73;474;273;4.65
2026;7;COMIS.ESTAT/MENSAL NOVOS (INC);6038745.9799999995;527;389;4.35
2026;7;EST HOR RPC;5934169.44;639;522;4.27
2026;7;PROF/EVENT/SUBST/AUTONOMOS   A;5366031.12;2608;2607;3.86
2026;7;ACUMULO DE GRATIF-ESTAT NOVOS;3340361.94;328;170;2.41
2026;7;COMISSAO/EXTERNO             S;2890997.91;172;153;2.08
2026;7;MED.PLANT.ESTAT -LEI 8336/2007;2562317.49;129;91;1.84
2026;7;EST HOR PEB RPC;1877867.86;238;238;1.35
2026;7;COMIS.ESTAT/HOR(INCORP)NOVOS;1848466.48;93;70;1.33
2026;7;C.L.T./PROF/TMP/HORISTA;1679636.1;218;218;1.21
2026;7;MEDICOS PLANTONISTAS/ESTATUT.;1362603.41;44;34;0.98
2026;7;C.L.T.                     C;1162221.4;274;213;0.84
2026;7;COMIS ESTAT/MENSAL(INCORPORAN);690951.54;44;30;0.5
2026;7;ACUMULO DE GRATTIFICACAO-ESTAT;666577.84;46;25;0.48
2026;7;APOS/PENS-CLT/COMPL.INSS     P;622808.98;120;120;0.45
2026;7;ESTAGIARIOS;601204.24;603;581;0.43
2026;7;AGENTE POLITICO              S;554552.8400000001;22;22;0.4
2026;7;APOS/INAT-CLT/COMPL.INSS     P;481967.29;60;60;0.35
2026;7;COMIS.ESTAT/HOR(INCORPORANDO);368572.96;14;11;0.27
2026;7;EST MEN COMISS RPC;360979.11;41;30;0.26
2026;7;AGENTE HONORIFICO;279090.14;35;32;0.2
2026;7;ACUM FG-ANT.COM.EST.HR.C.ORIG;206635.66000000003;7;4;0.15
2026;7;COMIS ESTAT MENS(CARGO ORIGEM);146646.54;4;3;0.11
2026;7;EST HOR COMISS/FG RPC;110666.02;4;3;0.08
2026;7;COMIS. ESTAT. INT. NOVO;88047.83;6;6;0.06
2026;7;C.L.T. MENSAL/TEMP;82636.5;22;22;0.06
2026;7;EST MEN FG RPC;82105.62;9;8;0.06
2026;7;AGENTE POLITICO RPPS NOVOS;80814.31;4;2;0.06
2026;7;COMISSAO/EXTERNO - EDUCACAO  S;39053.350000000006;3;2;0.03
2026;7;PREFEITO                     S;29363.01;1;1;0.02
2026;7;CONS.TUTELAR RPPS;18363.93;2;2;0.01
2026;7;VICE PREFEITO                S;17617.8;1;1;0.01
2026;7;COMISSIONADO SPPREV;16729.92;1;1;0.01
2026;8;PROF/HOR/ESTAT - LEI 8336/2007;24669471.05;1868;1854;19.77
2026;8;ESTATUTARIOS MEN/ LEI 8336/07;23620761.28;3032;2791;18.93
2026;8;EST MENS RPC;9936525.88;1842;1714;7.96
2026;8;ESTATUTARIO                  E;8255883.57;623;582;6.62
2026;8;ESTAT. HORISTAS/NOVOS 8336/07;8213128.78;743;658;6.58
2026;8;ESTATUTARIO/HORISTAS         E;6509733.84;381;351;5.22
2026;8;COMIS.ESTAT/MENSAL NOVOS (INC);6128810.94;457;396;4.91
2026;8;EST HOR RPC;5986207.81;597;544;4.8
2026;8;PROF/HORISTAS/ESTATUTARIOS   E;5519799.96;278;274;4.42
2026;8;ACUMULO DE GRATIF-ESTAT NOVOS;3241720.53;199;172;2.6
2026;8;C.L.T./PROF/TMP/HORISTA;3216294.92;562;561;2.58
2026;8;PROF/EVENT/SUBST/AUTONOMOS   A;3036582.75;2271;2271;2.43
2026;8;COMISSAO/EXTERNO             S;2680451.46;161;152;2.15
2026;8;MED.PLANT.ESTAT -LEI 8336/2007;2484104.84;103;91;1.99
2026;8;EST HOR PEB RPC;1895055.47;238;238;1.52
2026;8;COMIS.ESTAT/HOR(INCORP)NOVOS;1678150.79;80;72;1.34
2026;8;MEDICOS PLANTONISTAS/ESTATUT.;1209030.21;38;34;0.97
2026;8;C.L.T.                     C;1086588.18;229;213;0.87
2026;8;COMIS ESTAT/MENSAL(INCORPORAN);639954.16;35;31;0.51
2026;8;ACUMULO DE GRATTIFICACAO-ESTAT;627480.78;26;24;0.5
2026;8;APOS/PENS-CLT/COMPL.INSS     P;613614.84;119;119;0.49
2026;8;ESTAGIARIOS;588108.96;582;559;0.47
2026;8;AGENTE POLITICO              S;522146.11000000004;23;23;0.42
2026;8;APOS/INAT-CLT/COMPL.INSS     P;484372.56;60;60;0.39
2026;8;COMIS.ESTAT/HOR(INCORPORANDO);357273.56;11;11;0.29
2026;8;COMIS ESTAT MENS(CARGO ORIGEM);352834.59;5;4;0.28
2026;8;EST MEN COMISS RPC;325632.44;30;29;0.26
2026;8;AGENTE HONORIFICO;293538.55;36;33;0.24
2026;8;ACUM FG-ANT.COM.EST.HR.C.ORIG;124436.45;4;4;0.1
2026;8;EST HOR COMISS/FG RPC;95735.76999999999;4;4;0.08
2026;8;COMIS. ESTAT. INT. NOVO;92337.34;7;6;0.07
2026;8;EST MEN FG RPC;86664.88;10;10;0.07
2026;8;C.L.T. MENSAL/TEMP;84943.03;22;22;0.07
2026;8;AGENTE POLITICO RPPS NOVOS;42010.61;2;2;0.03
2026;8;COMISSAO/EXTERNO - EDUCACAO  S;30488.09;2;2;0.02
2026;8;COMISSIONADO SPPREV;18706.06;1;1;0.01
2026;8;CONS.TUTELAR RPPS;18363.93;2;2;0.01
2026;8;VICE PREFEITO                S;17617.8;1;1;0.01
2026;8;PREFEITO                     S;0.0;1;1;0.0
