ano;mes;secretaria;regime_subgrupo;folha_total;num_registros;num_matriculas;percentual_na_secretaria
2022;1;Inativos e Pensionistas (Encargos);inativos;1094560.85;287;287;100.0
2022;1;Secretaria da Cidadania;efetivos;612654.05;148;133;54.46
2022;1;Secretaria da Cidadania;funcao_confianca;311077.61;47;40;27.65
2022;1;Secretaria da Cidadania;flexiveis;150461.58;38;32;13.37
2022;1;Secretaria da Cidadania;comissionados;50833.2;4;4;4.52
2022;1;Secretaria da Educação;efetivos;32297821.57;8749;4714;94.3
2022;1;Secretaria da Educação;flexiveis;1555420.26;2027;1719;4.54
2022;1;Secretaria da Educação;funcao_confianca;362620.4;47;37;1.06
2022;1;Secretaria da Educação;comissionados;34562.2;2;2;0.1
2022;1;Secretaria da Fazenda;efetivos;1079379.27;168;149;77.84
2022;1;Secretaria da Fazenda;funcao_confianca;293882.66;34;29;21.19
2022;1;Secretaria da Fazenda;flexiveis;13407.599999999999;14;14;0.97
2022;1;Secretaria da Habitação e Regularização Fundiária;efetivos;134151.91;20;16;62.42
2022;1;Secretaria da Habitação e Regularização Fundiária;funcao_confianca;60415.9;9;8;28.11
2022;1;Secretaria da Habitação e Regularização Fundiária;comissionados;14681.5;1;1;6.83
2022;1;Secretaria da Habitação e Regularização Fundiária;flexiveis;5664.0;6;6;2.64
2022;1;Secretaria da Saúde;efetivos;17231722.2;2459;2194;86.09
2022;1;Secretaria da Saúde;funcao_confianca;1725116.24;165;143;8.62
2022;1;Secretaria da Saúde;flexiveis;977488.47;117;114;4.88
2022;1;Secretaria da Saúde;comissionados;80466.0;4;4;0.4
2022;1;Secretaria de Administração;efetivos;881154.12;184;162;64.84
2022;1;Secretaria de Administração;funcao_confianca;400781.77;53;48;29.49
2022;1;Secretaria de Administração;comissionados;59588.69;7;5;4.39
2022;1;Secretaria de Administração;flexiveis;17356.8;17;17;1.28
2022;1;Secretaria de Assuntos Jurídicos e Patrimônio;efetivos;1380150.13;133;111;81.01
2022;1;Secretaria de Assuntos Jurídicos e Patrimônio;funcao_confianca;255345.45;29;24;14.99
2022;1;Secretaria de Assuntos Jurídicos e Patrimônio;comissionados;44261.18;3;3;2.6
2022;1;Secretaria de Assuntos Jurídicos e Patrimônio;flexiveis;23995.6;26;26;1.41
2022;1;Secretaria de Comunicação;funcao_confianca;91528.58;13;9;49.97
2022;1;Secretaria de Comunicação;comissionados;80991.03;10;6;44.22
2022;1;Secretaria de Comunicação;efetivos;8476.029999999999;3;3;4.63
2022;1;Secretaria de Comunicação;flexiveis;2169.6;3;3;1.18
2022;1;Secretaria de Cultura;efetivos;263077.59;49;46;69.34
2022;1;Secretaria de Cultura;comissionados;50833.2;4;4;13.4
2022;1;Secretaria de Cultura;funcao_confianca;47502.92;6;6;12.52
2022;1;Secretaria de Cultura;flexiveis;17983.57;19;19;4.74
2022;1;Secretaria de Desenvolvimento Econômico, Trabalho e Turismo;efetivos;229082.38;48;46;53.39
2022;1;Secretaria de Desenvolvimento Econômico, Trabalho e Turismo;funcao_confianca;113588.01000000001;17;13;26.47
2022;1;Secretaria de Desenvolvimento Econômico, Trabalho e Turismo;comissionados;81537.76;6;5;19.0
2022;1;Secretaria de Desenvolvimento Econômico, Trabalho e Turismo;flexiveis;4859.12;5;5;1.13
2022;1;Secretaria de Esportes e Lazer;efetivos;407796.67;64;58;79.82
2022;1;Secretaria de Esportes e Lazer;funcao_confianca;69179.64;8;7;13.54
2022;1;Secretaria de Esportes e Lazer;comissionados;30647.13;3;2;6.0
2022;1;Secretaria de Esportes e Lazer;flexiveis;3254.3999999999996;3;3;0.64
2022;1;Secretaria de Gabinete Central;efetivos;234031.78;38;32;56.84
2022;1;Secretaria de Gabinete Central;funcao_confianca;108050.27;11;10;26.24
2022;1;Secretaria de Gabinete Central;comissionados;66404.78;5;5;16.13
2022;1;Secretaria de Gabinete Central;flexiveis;3254.3999999999996;3;3;0.79
2022;1;Secretaria de Governo;comissionados;213743.3;19;16;37.57
2022;1;Secretaria de Governo;funcao_confianca;191223.30000000002;30;22;33.61
2022;1;Secretaria de Governo;efetivos;155408.84;13;12;27.31
2022;1;Secretaria de Governo;flexiveis;8616.8;10;10;1.51
2022;1;Secretaria de Mobilidade;efetivos;76648.34;7;7;53.87
2022;1;Secretaria de Mobilidade;funcao_confianca;63057.96000000001;8;5;44.32
2022;1;Secretaria de Mobilidade;comissionados;2583.42;1;1;1.82
2022;1;Secretaria de Recursos Humanos;efetivos;472628.76;88;72;73.46
2022;1;Secretaria de Recursos Humanos;funcao_confianca;150253.43;22;19;23.35
2022;1;Secretaria de Recursos Humanos;comissionados;17617.8;1;1;2.74
2022;1;Secretaria de Recursos Humanos;flexiveis;2854.3999999999996;3;3;0.44
2022;1;Secretaria de Relações Institucionais e Metropolitanas;comissionados;71849.79;6;5;54.61
2022;1;Secretaria de Relações Institucionais e Metropolitanas;efetivos;31485.73;6;5;23.93
2022;1;Secretaria de Relações Institucionais e Metropolitanas;funcao_confianca;28234.429999999997;4;4;21.46
2022;1;Secretaria de Segurança Urbana;efetivos;3112889.73;399;374;93.44
2022;1;Secretaria de Segurança Urbana;funcao_confianca;200815.58;15;13;6.03
2022;1;Secretaria de Segurança Urbana;comissionados;17617.8;1;1;0.53
2022;1;Secretaria de Serviços Públicos e Obras;efetivos;701635.18;179;120;76.45
2022;1;Secretaria de Serviços Públicos e Obras;funcao_confianca;152547.13;21;17;16.62
2022;1;Secretaria de Serviços Públicos e Obras;comissionados;61905.0;5;5;6.75
2022;1;Secretaria de Serviços Públicos e Obras;flexiveis;1680.0;2;2;0.18
2022;1;Secretaria de Urbanismo e Licenciamento;efetivos;726938.9299999999;131;117;76.86
2022;1;Secretaria de Urbanismo e Licenciamento;funcao_confianca;155478.91;22;18;16.44
2022;1;Secretaria de Urbanismo e Licenciamento;comissionados;39761.399999999994;3;3;4.2
2022;1;Secretaria de Urbanismo e Licenciamento;flexiveis;23638.27;26;26;2.5
2022;1;Secretaria do Meio Ambiente, Parques e Jardins;efetivos;356362.93;59;56;67.2
2022;1;Secretaria do Meio Ambiente, Parques e Jardins;funcao_confianca;135188.83000000002;17;16;25.49
2022;1;Secretaria do Meio Ambiente, Parques e Jardins;comissionados;28689.6;2;2;5.41
2022;1;Secretaria do Meio Ambiente, Parques e Jardins;flexiveis;10066.68;12;11;1.9
2022;2;Inativos e Pensionistas (Encargos);inativos;1073968.04;286;286;100.0
2022;2;Secretaria da Cidadania;efetivos;697963.83;139;121;51.93
2022;2;Secretaria da Cidadania;funcao_confianca;405001.17;57;47;30.14
2022;2;Secretaria da Cidadania;flexiveis;157755.84;38;32;11.74
2022;2;Secretaria da Cidadania;comissionados;83220.13;6;5;6.19
2022;2;Secretaria da Educação;efetivos;22352946.54;4625;4590;96.86
2022;2;Secretaria da Educação;funcao_confianca;385322.99;50;40;1.67
2022;2;Secretaria da Educação;flexiveis;311431.57;397;388;1.35
2022;2;Secretaria da Educação;comissionados;28689.6;2;2;0.12
2022;2;Secretaria da Fazenda;efetivos;943406.48;168;138;72.6
2022;2;Secretaria da Fazenda;funcao_confianca;341089.03;52;38;26.25
2022;2;Secretaria da Fazenda;flexiveis;14956.08;14;13;1.15
2022;2;Secretaria da Habitação e Regularização Fundiária;efetivos;99616.85;16;15;51.68
2022;2;Secretaria da Habitação e Regularização Fundiária;funcao_confianca;65081.29;10;9;33.77
2022;2;Secretaria da Habitação e Regularização Fundiária;comissionados;21532.87;2;1;11.17
2022;2;Secretaria da Habitação e Regularização Fundiária;flexiveis;6508.799999999999;6;6;3.38
2022;2;Secretaria da Saúde;efetivos;16798740.75;2424;2117;84.3
2022;2;Secretaria da Saúde;funcao_confianca;2005935.12;172;147;10.07
2022;2;Secretaria da Saúde;flexiveis;1024343.24;114;110;5.14
2022;2;Secretaria da Saúde;comissionados;99304.7;9;7;0.5
2022;2;Secretaria de Administração;efetivos;859222.76;173;144;61.39
2022;2;Secretaria de Administração;funcao_confianca;447463.0;67;55;31.97
2022;2;Secretaria de Administração;comissionados;73583.06;6;6;5.26
2022;2;Secretaria de Administração;flexiveis;19292.88;18;18;1.38
2022;2;Secretaria de Assuntos Jurídicos e Patrimônio;efetivos;1307987.53;113;99;78.81
2022;2;Secretaria de Assuntos Jurídicos e Patrimônio;funcao_confianca;269558.23;35;29;16.24
2022;2;Secretaria de Assuntos Jurídicos e Patrimônio;comissionados;52046.92;4;3;3.14
2022;2;Secretaria de Assuntos Jurídicos e Patrimônio;flexiveis;30055.52;34;27;1.81
2022;2;Secretaria de Comunicação;comissionados;86632.01999999999;8;7;39.45
2022;2;Secretaria de Comunicação;funcao_confianca;74114.57;13;10;33.75
2022;2;Secretaria de Comunicação;efetivos;55283.060000000005;10;7;25.18
2022;2;Secretaria de Comunicação;flexiveis;3543.68;5;4;1.61
2022;2;Secretaria de Cultura;efetivos;208178.49;49;44;63.55
2022;2;Secretaria de Cultura;comissionados;52678.5;5;4;16.08
2022;2;Secretaria de Cultura;funcao_confianca;49099.11;7;6;14.99
2022;2;Secretaria de Cultura;flexiveis;17633.28;20;19;5.38
2022;2;Secretaria de Desenvolvimento Econômico, Trabalho e Turismo;efetivos;291394.52999999997;55;46;59.9
2022;2;Secretaria de Desenvolvimento Econômico, Trabalho e Turismo;funcao_confianca;118970.65;16;13;24.46
2022;2;Secretaria de Desenvolvimento Econômico, Trabalho e Turismo;comissionados;72405.72;7;5;14.88
2022;2;Secretaria de Desenvolvimento Econômico, Trabalho e Turismo;flexiveis;3704.3999999999996;4;4;0.76
2022;2;Secretaria de Esportes e Lazer;efetivos;416079.71;62;49;68.17
2022;2;Secretaria de Esportes e Lazer;funcao_confianca;151587.93;23;14;24.84
2022;2;Secretaria de Esportes e Lazer;comissionados;39392.34;3;3;6.45
2022;2;Secretaria de Esportes e Lazer;flexiveis;3254.3999999999996;3;3;0.53
2022;2;Secretaria de Gabinete Central;efetivos;248862.17;39;27;43.3
2022;2;Secretaria de Gabinete Central;funcao_confianca;238028.94;32;20;41.41
2022;2;Secretaria de Gabinete Central;comissionados;84857.78;8;6;14.76
2022;2;Secretaria de Gabinete Central;flexiveis;3021.92;3;3;0.53
2022;2;Secretaria de Governo;funcao_confianca;283769.02;29;24;41.14
2022;2;Secretaria de Governo;comissionados;225183.72999999998;20;18;32.65
2022;2;Secretaria de Governo;efetivos;170219.36;14;11;24.68
2022;2;Secretaria de Governo;flexiveis;10588.48;12;11;1.54
2022;2;Secretaria de Mobilidade;efetivos;76239.44;7;7;49.8
2022;2;Secretaria de Mobilidade;funcao_confianca;65782.58;6;5;42.97
2022;2;Secretaria de Mobilidade;comissionados;11071.8;1;1;7.23
2022;2;Secretaria de Recursos Humanos;efetivos;322101.67;65;56;61.0
2022;2;Secretaria de Recursos Humanos;funcao_confianca;184241.55;25;23;34.89
2022;2;Secretaria de Recursos Humanos;comissionados;17617.8;1;1;3.34
2022;2;Secretaria de Recursos Humanos;flexiveis;4054.3999999999996;4;3;0.77
2022;2;Secretaria de Relações Institucionais e Metropolitanas;comissionados;61905.0;5;5;44.94
2022;2;Secretaria de Relações Institucionais e Metropolitanas;efetivos;48910.99;6;5;35.51
2022;2;Secretaria de Relações Institucionais e Metropolitanas;funcao_confianca;26939.57;4;3;19.56
2022;2;Secretaria de Segurança Urbana;efetivos;2949675.78;418;369;92.7
2022;2;Secretaria de Segurança Urbana;funcao_confianca;214752.28;16;14;6.75
2022;2;Secretaria de Segurança Urbana;comissionados;17617.8;1;1;0.55
2022;2;Secretaria de Serviços Públicos e Obras;efetivos;645843.11;127;114;67.42
2022;2;Secretaria de Serviços Públicos e Obras;funcao_confianca;216522.62;32;23;22.6
2022;2;Secretaria de Serviços Públicos e Obras;comissionados;95612.48;9;7;9.98
2022;2;Secretaria de Serviços Públicos e Obras;flexiveis;0.0;1;1;0.0
2022;2;Secretaria de Urbanismo e Licenciamento;efetivos;748151.08;132;113;74.69
2022;2;Secretaria de Urbanismo e Licenciamento;funcao_confianca;175944.45;23;21;17.56
2022;2;Secretaria de Urbanismo e Licenciamento;comissionados;54523.799999999996;5;4;5.44
2022;2;Secretaria de Urbanismo e Licenciamento;flexiveis;23085.12;25;22;2.3
2022;2;Secretaria do Meio Ambiente, Parques e Jardins;efetivos;342794.73;61;54;64.34
2022;2;Secretaria do Meio Ambiente, Parques e Jardins;funcao_confianca;154603.14;24;17;29.02
2022;2;Secretaria do Meio Ambiente, Parques e Jardins;comissionados;28689.6;2;2;5.38
2022;2;Secretaria do Meio Ambiente, Parques e Jardins;flexiveis;6725.76;8;7;1.26
2022;3;Inativos e Pensionistas (Encargos);inativos;1066607.72;283;283;100.0
2022;3;Secretaria da Cidadania;efetivos;679579.71;139;123;52.78
2022;3;Secretaria da Cidadania;funcao_confianca;405243.8;50;47;31.47
2022;3;Secretaria da Cidadania;flexiveis;145421.38;35;32;11.29
2022;3;Secretaria da Cidadania;comissionados;57365.74;6;5;4.46
2022;3;Secretaria da Educação;efetivos;27661216.19;4680;4600;92.05
2022;3;Secretaria da Educação;flexiveis;1933315.47;2031;1977;6.43
2022;3;Secretaria da Educação;funcao_confianca;427873.09;48;40;1.42
2022;3;Secretaria da Educação;comissionados;28689.6;2;2;0.1
2022;3;Secretaria da Fazenda;efetivos;980714.23;163;134;73.64
2022;3;Secretaria da Fazenda;funcao_confianca;338174.18;45;39;25.39
2022;3;Secretaria da Fazenda;flexiveis;12872.96;16;16;0.97
2022;3;Secretaria da Habitação e Regularização Fundiária;efetivos;109828.8;16;15;53.99
2022;3;Secretaria da Habitação e Regularização Fundiária;funcao_confianca;69118.18;9;9;33.98
2022;3;Secretaria da Habitação e Regularização Fundiária;comissionados;17617.8;1;1;8.66
2022;3;Secretaria da Habitação e Regularização Fundiária;flexiveis;6870.4;7;7;3.38
2022;3;Secretaria da Saúde;efetivos;18074592.01;2509;2115;84.7
2022;3;Secretaria da Saúde;funcao_confianca;2146681.73;178;153;10.06
2022;3;Secretaria da Saúde;flexiveis;1002229.32;113;109;4.7
2022;3;Secretaria da Saúde;comissionados;114986.81;8;8;0.54
2022;3;Secretaria de Administração;efetivos;955180.04;173;145;63.18
2022;3;Secretaria de Administração;funcao_confianca;459253.5;64;54;30.38
2022;3;Secretaria de Administração;comissionados;75797.51999999999;6;6;5.01
2022;3;Secretaria de Administração;flexiveis;21659.84;22;22;1.43
2022;3;Secretaria de Assuntos Jurídicos e Patrimônio;efetivos;1308217.84;114;97;77.65
2022;3;Secretaria de Assuntos Jurídicos e Patrimônio;funcao_confianca;306388.24;40;31;18.18
2022;3;Secretaria de Assuntos Jurídicos e Patrimônio;comissionados;44261.18;3;3;2.63
2022;3;Secretaria de Assuntos Jurídicos e Patrimônio;flexiveis;25987.199999999997;25;25;1.54
2022;3;Secretaria de Comunicação;funcao_confianca;98500.38;14;11;40.4
2022;3;Secretaria de Comunicação;comissionados;86385.98;8;6;35.43
2022;3;Secretaria de Comunicação;efetivos;55697.35;7;5;22.84
2022;3;Secretaria de Comunicação;flexiveis;3223.6;4;4;1.32
2022;3;Secretaria de Cultura;efetivos;280325.37;56;45;68.53
2022;3;Secretaria de Cultura;comissionados;56369.1;5;4;13.78
2022;3;Secretaria de Cultura;funcao_confianca;55779.31;7;6;13.64
2022;3;Secretaria de Cultura;flexiveis;16593.44;17;16;4.06
2022;3;Secretaria de Desenvolvimento Econômico, Trabalho e Turismo;efetivos;269417.94;47;44;58.73
2022;3;Secretaria de Desenvolvimento Econômico, Trabalho e Turismo;funcao_confianca;125276.76;13;13;27.31
2022;3;Secretaria de Desenvolvimento Econômico, Trabalho e Turismo;comissionados;60797.82;5;5;13.25
2022;3;Secretaria de Desenvolvimento Econômico, Trabalho e Turismo;flexiveis;3254.3999999999996;3;3;0.71
2022;3;Secretaria de Esportes e Lazer;efetivos;453728.12;58;50;76.15
2022;3;Secretaria de Esportes e Lazer;funcao_confianca;98446.63;16;14;16.52
2022;3;Secretaria de Esportes e Lazer;comissionados;39761.399999999994;3;3;6.67
2022;3;Secretaria de Esportes e Lazer;flexiveis;3869.12;4;4;0.65
2022;3;Secretaria de Gabinete Central;efetivos;260311.55;32;28;47.95
2022;3;Secretaria de Gabinete Central;funcao_confianca;190083.35;22;20;35.02
2022;3;Secretaria de Gabinete Central;comissionados;88548.37999999999;7;7;16.31
2022;3;Secretaria de Gabinete Central;flexiveis;3905.2799999999997;4;4;0.72
2022;3;Secretaria de Governo;efetivos;255447.57;19;14;33.59
2022;3;Secretaria de Governo;comissionados;252450.15;21;20;33.19
2022;3;Secretaria de Governo;funcao_confianca;241914.6;28;25;31.81
2022;3;Secretaria de Governo;flexiveis;10703.36;10;10;1.41
2022;3;Secretaria de Mobilidade;efetivos;87141.74;8;7;54.01
2022;3;Secretaria de Mobilidade;funcao_confianca;63139.32;7;5;39.13
2022;3;Secretaria de Mobilidade;comissionados;11071.8;1;1;6.86
2022;3;Secretaria de Recursos Humanos;efetivos;375228.71;72;58;64.19
2022;3;Secretaria de Recursos Humanos;funcao_confianca;189577.34;26;23;32.43
2022;3;Secretaria de Recursos Humanos;comissionados;17617.8;1;1;3.01
2022;3;Secretaria de Recursos Humanos;flexiveis;2169.6;2;2;0.37
2022;3;Secretaria de Relações Institucionais e Metropolitanas;funcao_confianca;54090.36;5;4;38.92
2022;3;Secretaria de Relações Institucionais e Metropolitanas;comissionados;50833.2;4;4;36.57
2022;3;Secretaria de Relações Institucionais e Metropolitanas;efetivos;34063.17;5;4;24.51
2022;3;Secretaria de Segurança Urbana;efetivos;3343102.0;428;366;93.46
2022;3;Secretaria de Segurança Urbana;funcao_confianca;216236.32;19;14;6.05
2022;3;Secretaria de Segurança Urbana;comissionados;17617.8;1;1;0.49
2022;3;Secretaria de Serviços Públicos e Obras;efetivos;797554.11;147;116;73.65
2022;3;Secretaria de Serviços Públicos e Obras;funcao_confianca;204806.04;25;23;18.91
2022;3;Secretaria de Serviços Públicos e Obras;comissionados;78143.64;7;7;7.22
2022;3;Secretaria de Serviços Públicos e Obras;flexiveis;2347.44;1;1;0.22
2022;3;Secretaria de Urbanismo e Licenciamento;efetivos;862384.03;127;108;73.0
2022;3;Secretaria de Urbanismo e Licenciamento;funcao_confianca;238902.49;27;22;20.22
2022;3;Secretaria de Urbanismo e Licenciamento;comissionados;50833.2;4;4;4.3
2022;3;Secretaria de Urbanismo e Licenciamento;flexiveis;29166.399999999998;25;22;2.47
2022;3;Secretaria do Meio Ambiente, Parques e Jardins;efetivos;435791.66;65;54;66.76
2022;3;Secretaria do Meio Ambiente, Parques e Jardins;funcao_confianca;163693.67;20;17;25.08
2022;3;Secretaria do Meio Ambiente, Parques e Jardins;comissionados;41885.159999999996;2;2;6.42
2022;3;Secretaria do Meio Ambiente, Parques e Jardins;flexiveis;11390.4;12;12;1.74
2022;4;Inativos e Pensionistas (Encargos);inativos;1164963.75;278;278;100.0
2022;4;Secretaria da Cidadania;efetivos;689369.22;139;126;50.53
2022;4;Secretaria da Cidadania;funcao_confianca;416686.12;52;47;30.54
2022;4;Secretaria da Cidadania;flexiveis;191937.81999999998;39;32;14.07
2022;4;Secretaria da Cidadania;comissionados;66360.28;5;5;4.86
2022;4;Secretaria da Educação;efetivos;27740149.57;4688;4600;89.29
2022;4;Secretaria da Educação;flexiveis;2845931.07;2283;2238;9.16
2022;4;Secretaria da Educação;funcao_confianca;425870.3;46;40;1.37
2022;4;Secretaria da Educação;comissionados;56893.94;3;2;0.18
2022;4;Secretaria da Fazenda;efetivos;915860.67;149;133;71.12
2022;4;Secretaria da Fazenda;funcao_confianca;353287.49;47;39;27.44
2022;4;Secretaria da Fazenda;flexiveis;18555.44;18;18;1.44
2022;4;Secretaria da Habitação e Regularização Fundiária;efetivos;166261.65;16;15;62.54
2022;4;Secretaria da Habitação e Regularização Fundiária;funcao_confianca;73681.89;9;9;27.72
2022;4;Secretaria da Habitação e Regularização Fundiária;comissionados;17617.8;1;1;6.63
2022;4;Secretaria da Habitação e Regularização Fundiária;flexiveis;8280.64;8;8;3.11
2022;4;Secretaria da Saúde;efetivos;20195988.55;2520;2101;85.45
2022;4;Secretaria da Saúde;funcao_confianca;2143363.18;185;154;9.07
2022;4;Secretaria da Saúde;flexiveis;1173933.68;113;106;4.97
2022;4;Secretaria da Saúde;comissionados;122721.98999999999;8;7;0.52
2022;4;Secretaria de Administração;efetivos;980608.04;168;144;62.56
2022;4;Secretaria de Administração;funcao_confianca;485233.42;62;54;30.96
2022;4;Secretaria de Administração;comissionados;74812.88;6;6;4.77
2022;4;Secretaria de Administração;flexiveis;26830.719999999998;26;26;1.71
2022;4;Secretaria de Assuntos Jurídicos e Patrimônio;efetivos;1287075.89;102;96;75.16
2022;4;Secretaria de Assuntos Jurídicos e Patrimônio;funcao_confianca;337021.57;35;31;19.68
2022;4;Secretaria de Assuntos Jurídicos e Patrimônio;comissionados;63874.15;5;3;3.73
2022;4;Secretaria de Assuntos Jurídicos e Patrimônio;flexiveis;24430.719999999998;25;25;1.43
2022;4;Secretaria de Comunicação;funcao_confianca;88826.65000000001;12;10;42.06
2022;4;Secretaria de Comunicação;comissionados;78545.90000000001;6;6;37.19
2022;4;Secretaria de Comunicação;efetivos;43801.299999999996;6;5;20.74
2022;4;Secretaria de Comunicação;flexiveis;0.0;4;4;0.0
2022;4;Secretaria de Cultura;efetivos;252938.15;49;45;67.91
2022;4;Secretaria de Cultura;comissionados;54174.66;4;4;14.54
2022;4;Secretaria de Cultura;funcao_confianca;51347.659999999996;6;6;13.79
2022;4;Secretaria de Cultura;flexiveis;14007.599999999999;14;14;3.76
2022;4;Secretaria de Desenvolvimento Econômico, Trabalho e Turismo;efetivos;316056.54;52;43;59.01
2022;4;Secretaria de Desenvolvimento Econômico, Trabalho e Turismo;funcao_confianca;149927.33000000002;14;12;27.99
2022;4;Secretaria de Desenvolvimento Econômico, Trabalho e Turismo;comissionados;66360.28;5;5;12.39
2022;4;Secretaria de Desenvolvimento Econômico, Trabalho e Turismo;flexiveis;3254.3999999999996;3;3;0.61
2022;4;Secretaria de Esportes e Lazer;efetivos;451267.05;57;51;75.55
2022;4;Secretaria de Esportes e Lazer;funcao_confianca;99679.26;14;13;16.69
2022;4;Secretaria de Esportes e Lazer;comissionados;41989.04;3;3;7.03
2022;4;Secretaria de Esportes e Lazer;flexiveis;4339.2;4;4;0.73
2022;4;Secretaria de Gabinete Central;efetivos;279450.46;32;28;44.04
2022;4;Secretaria de Gabinete Central;funcao_confianca;213242.06;23;20;33.6
2022;4;Secretaria de Gabinete Central;comissionados;137575.17;9;9;21.68
2022;4;Secretaria de Gabinete Central;flexiveis;4339.2;4;4;0.68
2022;4;Secretaria de Governo;comissionados;280591.55;23;20;37.08
2022;4;Secretaria de Governo;funcao_confianca;270351.62;28;25;35.73
2022;4;Secretaria de Governo;efetivos;195718.59;15;14;25.87
2022;4;Secretaria de Governo;flexiveis;10003.199999999999;10;10;1.32
2022;4;Secretaria de Mobilidade;efetivos;88343.43;9;7;48.73
2022;4;Secretaria de Mobilidade;funcao_confianca;80751.78;5;5;44.55
2022;4;Secretaria de Mobilidade;comissionados;12185.62;1;1;6.72
2022;4;Secretaria de Recursos Humanos;efetivos;406966.39;67;59;64.72
2022;4;Secretaria de Recursos Humanos;funcao_confianca;204190.64;25;23;32.47
2022;4;Secretaria de Recursos Humanos;comissionados;17617.8;1;1;2.8
2022;4;Secretaria de Recursos Humanos;flexiveis;0.0;2;2;0.0
2022;4;Secretaria de Relações Institucionais e Metropolitanas;comissionados;54174.66;4;4;43.68
2022;4;Secretaria de Relações Institucionais e Metropolitanas;funcao_confianca;36480.01;4;4;29.41
2022;4;Secretaria de Relações Institucionais e Metropolitanas;efetivos;33371.19;5;4;26.91
2022;4;Secretaria de Segurança Urbana;efetivos;3407360.89;388;365;93.72
2022;4;Secretaria de Segurança Urbana;funcao_confianca;210705.02000000002;13;13;5.8
2022;4;Secretaria de Segurança Urbana;comissionados;17617.8;1;1;0.48
2022;4;Secretaria de Serviços Públicos e Obras;efetivos;682757.31;128;114;69.53
2022;4;Secretaria de Serviços Públicos e Obras;funcao_confianca;207354.62;25;23;21.12
2022;4;Secretaria de Serviços Públicos e Obras;comissionados;90731.51000000001;7;7;9.24
2022;4;Secretaria de Serviços Públicos e Obras;flexiveis;1084.8;1;1;0.11
2022;4;Secretaria de Urbanismo e Licenciamento;efetivos;808706.86;124;111;73.2
2022;4;Secretaria de Urbanismo e Licenciamento;funcao_confianca;219478.24;25;22;19.87
2022;4;Secretaria de Urbanismo e Licenciamento;comissionados;54174.66;4;4;4.9
2022;4;Secretaria de Urbanismo e Licenciamento;flexiveis;22419.2;21;21;2.03
2022;4;Secretaria do Meio Ambiente, Parques e Jardins;efetivos;426940.15;60;54;67.96
2022;4;Secretaria do Meio Ambiente, Parques e Jardins;funcao_confianca;162700.27;20;17;25.9
2022;4;Secretaria do Meio Ambiente, Parques e Jardins;comissionados;26695.059999999998;2;2;4.25
2022;4;Secretaria do Meio Ambiente, Parques e Jardins;flexiveis;11932.8;12;12;1.9
2022;5;Inativos e Pensionistas (Encargos);inativos;1161974.75;287;287;100.0
2022;5;Secretaria da Cidadania;efetivos;743936.19;137;124;50.9
2022;5;Secretaria da Cidadania;funcao_confianca;477471.18;57;49;32.67
2022;5;Secretaria da Cidadania;flexiveis;173809.00999999998;35;31;11.89
2022;5;Secretaria da Cidadania;comissionados;66360.28;5;5;4.54
2022;5;Secretaria da Educação;efetivos;29036036.76;4863;4780;90.22
2022;5;Secretaria da Educação;flexiveis;2673271.53;2345;2246;8.31
2022;5;Secretaria da Educação;funcao_confianca;447182.4;49;39;1.39
2022;5;Secretaria da Educação;comissionados;27772.48;2;2;0.09
2022;5;Secretaria da Fazenda;efetivos;1188382.12;160;134;73.84
2022;5;Secretaria da Fazenda;funcao_confianca;403733.73;45;39;25.08
2022;5;Secretaria da Fazenda;flexiveis;17356.8;18;18;1.08
2022;5;Secretaria da Habitação e Regularização Fundiária;efetivos;178314.38;17;15;61.82
2022;5;Secretaria da Habitação e Regularização Fundiária;funcao_confianca;83817.78;11;9;29.06
2022;5;Secretaria da Habitação e Regularização Fundiária;comissionados;17617.8;1;1;6.11
2022;5;Secretaria da Habitação e Regularização Fundiária;flexiveis;8678.4;8;8;3.01
2022;5;Secretaria da Saúde;efetivos;20526241.07;2313;2093;84.94
2022;5;Secretaria da Saúde;funcao_confianca;2305400.7;175;150;9.54
2022;5;Secretaria da Saúde;flexiveis;1212152.91;106;105;5.02
2022;5;Secretaria da Saúde;comissionados;121700.12;6;6;0.5
2022;5;Secretaria de Administração;efetivos;1003321.75;170;143;63.17
2022;5;Secretaria de Administração;funcao_confianca;486671.19;58;52;30.64
2022;5;Secretaria de Administração;comissionados;69464.77;5;5;4.37
2022;5;Secretaria de Administração;flexiveis;28924.0;28;27;1.82
2022;5;Secretaria de Assuntos Jurídicos e Patrimônio;efetivos;1276570.03;116;103;76.93
2022;5;Secretaria de Assuntos Jurídicos e Patrimônio;funcao_confianca;310990.59;32;30;18.74
2022;5;Secretaria de Assuntos Jurídicos e Patrimônio;comissionados;46941.5;3;3;2.83
2022;5;Secretaria de Assuntos Jurídicos e Patrimônio;flexiveis;24919.04;25;25;1.5
2022;5;Secretaria de Comunicação;funcao_confianca;150354.21;15;12;55.9
2022;5;Secretaria de Comunicação;comissionados;78545.90000000001;6;6;29.2
2022;5;Secretaria de Comunicação;efetivos;27720.73;4;4;10.31
2022;5;Secretaria de Comunicação;flexiveis;12329.519999999999;8;5;4.58
2022;5;Secretaria de Cultura;efetivos;346762.18;51;45;72.81
2022;5;Secretaria de Cultura;funcao_confianca;57262.61;7;6;12.02
2022;5;Secretaria de Cultura;comissionados;56205.65;5;4;11.8
2022;5;Secretaria de Cultura;flexiveis;16018.88;16;16;3.36
2022;5;Secretaria de Desenvolvimento Econômico, Trabalho e Turismo;efetivos;244762.96;46;41;56.95
2022;5;Secretaria de Desenvolvimento Econômico, Trabalho e Turismo;funcao_confianca;114606.89;14;13;26.66
2022;5;Secretaria de Desenvolvimento Econômico, Trabalho e Turismo;comissionados;66360.27;5;5;15.44
2022;5;Secretaria de Desenvolvimento Econômico, Trabalho e Turismo;flexiveis;4086.08;5;5;0.95
2022;5;Secretaria de Esportes e Lazer;efetivos;506006.12;58;52;77.13
2022;5;Secretaria de Esportes e Lazer;funcao_confianca;103694.43;15;13;15.81
2022;5;Secretaria de Esportes e Lazer;comissionados;41989.04;3;3;6.4
2022;5;Secretaria de Esportes e Lazer;flexiveis;4339.2;4;4;0.66
2022;5;Secretaria de Gabinete Central;efetivos;330519.46;34;28;48.56
2022;5;Secretaria de Gabinete Central;funcao_confianca;237689.48;24;20;34.92
2022;5;Secretaria de Gabinete Central;comissionados;107869.6;8;8;15.85
2022;5;Secretaria de Gabinete Central;flexiveis;4556.16;5;5;0.67
2022;5;Secretaria de Governo;funcao_confianca;316221.4;30;24;36.82
2022;5;Secretaria de Governo;comissionados;296531.57;22;21;34.53
2022;5;Secretaria de Governo;efetivos;236317.08;18;14;27.52
2022;5;Secretaria de Governo;flexiveis;9763.199999999999;9;9;1.14
2022;5;Secretaria de Mobilidade;efetivos;96053.72;9;7;56.64
2022;5;Secretaria de Mobilidade;funcao_confianca;61359.829999999994;5;5;36.18
2022;5;Secretaria de Mobilidade;comissionados;12185.62;1;1;7.18
2022;5;Secretaria de Recursos Humanos;efetivos;464803.56;80;59;64.65
2022;5;Secretaria de Recursos Humanos;funcao_confianca;230273.92;30;23;32.03
2022;5;Secretaria de Recursos Humanos;comissionados;17617.8;1;1;2.45
2022;5;Secretaria de Recursos Humanos;flexiveis;6219.5199999999995;4;2;0.87
2022;5;Secretaria de Relações Institucionais e Metropolitanas;efetivos;79058.44;4;4;43.64
2022;5;Secretaria de Relações Institucionais e Metropolitanas;comissionados;61621.520000000004;5;4;34.02
2022;5;Secretaria de Relações Institucionais e Metropolitanas;funcao_confianca;40477.23;5;4;22.34
2022;5;Secretaria de Segurança Urbana;efetivos;3557735.65;386;361;93.93
2022;5;Secretaria de Segurança Urbana;funcao_confianca;212189.91999999998;17;14;5.6
2022;5;Secretaria de Segurança Urbana;comissionados;17617.8;1;1;0.47
2022;5;Secretaria de Serviços Públicos e Obras;efetivos;723472.72;131;113;70.17
2022;5;Secretaria de Serviços Públicos e Obras;funcao_confianca;215791.19;26;23;20.93
2022;5;Secretaria de Serviços Públicos e Obras;comissionados;90731.51000000001;7;7;8.8
2022;5;Secretaria de Serviços Públicos e Obras;flexiveis;1084.8;1;1;0.11
2022;5;Secretaria de Urbanismo e Licenciamento;efetivos;809036.71;128;108;69.26
2022;5;Secretaria de Urbanismo e Licenciamento;funcao_confianca;271033.71;29;22;23.2
2022;5;Secretaria de Urbanismo e Licenciamento;comissionados;54174.66;4;4;4.64
2022;5;Secretaria de Urbanismo e Licenciamento;flexiveis;33890.24;29;25;2.9
2022;5;Secretaria do Meio Ambiente, Parques e Jardins;efetivos;427073.34;61;54;65.47
2022;5;Secretaria do Meio Ambiente, Parques e Jardins;funcao_confianca;181867.91;21;17;27.88
2022;5;Secretaria do Meio Ambiente, Parques e Jardins;comissionados;30114.82;2;2;4.62
2022;5;Secretaria do Meio Ambiente, Parques e Jardins;flexiveis;13262.96;14;13;2.03
2022;6;Inativos e Pensionistas (Encargos);inativos;1152925.4;277;277;100.0
2022;6;Secretaria da Cidadania;efetivos;689688.12;142;123;50.18
2022;6;Secretaria da Cidadania;funcao_confianca;451677.45;55;49;32.86
2022;6;Secretaria da Cidadania;flexiveis;159145.5;32;31;11.58
2022;6;Secretaria da Cidadania;comissionados;73988.2;6;5;5.38
2022;6;Secretaria da Educação;efetivos;29228264.06;4981;4899;90.36
2022;6;Secretaria da Educação;flexiveis;2682233.86;2377;2251;8.29
2022;6;Secretaria da Educação;funcao_confianca;407637.23;42;39;1.26
2022;6;Secretaria da Educação;comissionados;29803.42;2;2;0.09
2022;6;Secretaria da Fazenda;efetivos;1057835.0;169;145;74.01
2022;6;Secretaria da Fazenda;funcao_confianca;353787.9;42;37;24.75
2022;6;Secretaria da Fazenda;flexiveis;17650.399999999998;17;17;1.23
2022;6;Secretaria da Habitação e Regularização Fundiária;funcao_confianca;115621.89;11;10;45.38
2022;6;Secretaria da Habitação e Regularização Fundiária;efetivos;113714.73;18;16;44.63
2022;6;Secretaria da Habitação e Regularização Fundiária;comissionados;17617.8;1;1;6.91
2022;6;Secretaria da Habitação e Regularização Fundiária;flexiveis;7832.0;7;7;3.07
2022;6;Secretaria da Saúde;efetivos;20520418.19;2404;2081;85.31
2022;6;Secretaria da Saúde;funcao_confianca;2253094.73;165;146;9.37
2022;6;Secretaria da Saúde;flexiveis;1198649.2;103;98;4.98
2022;6;Secretaria da Saúde;comissionados;82050.77;8;7;0.34
2022;6;Secretaria de Administração;efetivos;1113952.65;172;144;65.59
2022;6;Secretaria de Administração;funcao_confianca;472778.16;58;50;27.84
2022;6;Secretaria de Administração;comissionados;69464.76000000001;5;5;4.09
2022;6;Secretaria de Administração;flexiveis;42287.119999999995;44;44;2.49
2022;6;Secretaria de Assuntos Jurídicos e Patrimônio;efetivos;1384468.2;115;103;76.39
2022;6;Secretaria de Assuntos Jurídicos e Patrimônio;funcao_confianca;353585.13;32;29;19.51
2022;6;Secretaria de Assuntos Jurídicos e Patrimônio;comissionados;46941.5;3;3;2.59
2022;6;Secretaria de Assuntos Jurídicos e Patrimônio;flexiveis;27451.12;26;26;1.51
2022;6;Secretaria de Comunicação;funcao_confianca;104402.26;16;12;48.11
2022;6;Secretaria de Comunicação;comissionados;78545.90000000001;6;6;36.2
2022;6;Secretaria de Comunicação;efetivos;29877.65;4;4;13.77
2022;6;Secretaria de Comunicação;flexiveis;4163.76;4;4;1.92
2022;6;Secretaria de Cultura;efetivos;305824.09;48;44;69.83
2022;6;Secretaria de Cultura;funcao_confianca;59577.26;7;6;13.6
2022;6;Secretaria de Cultura;comissionados;55153.42;5;4;12.59
2022;6;Secretaria de Cultura;flexiveis;17382.8;17;17;3.97
2022;6;Secretaria de Desenvolvimento Econômico, Trabalho e Turismo;efetivos;305726.09;51;43;58.15
2022;6;Secretaria de Desenvolvimento Econômico, Trabalho e Turismo;funcao_confianca;148245.35;15;13;28.2
2022;6;Secretaria de Desenvolvimento Econômico, Trabalho e Turismo;comissionados;66360.28;5;5;12.62
2022;6;Secretaria de Desenvolvimento Econômico, Trabalho e Turismo;flexiveis;5387.84;6;6;1.02
2022;6;Secretaria de Esportes e Lazer;efetivos;445940.63;55;51;72.75
2022;6;Secretaria de Esportes e Lazer;funcao_confianca;120707.25;16;13;19.69
2022;6;Secretaria de Esportes e Lazer;comissionados;41989.04;3;3;6.85
2022;6;Secretaria de Esportes e Lazer;flexiveis;4339.2;4;4;0.71
2022;6;Secretaria de Gabinete Central;efetivos;268482.29;31;28;42.96
2022;6;Secretaria de Gabinete Central;funcao_confianca;243070.56;22;21;38.9
2022;6;Secretaria de Gabinete Central;comissionados;107869.6;8;8;17.26
2022;6;Secretaria de Gabinete Central;flexiveis;5514.0;6;6;0.88
2022;6;Secretaria de Governo;efetivos;388118.06;27;23;41.81
2022;6;Secretaria de Governo;comissionados;264976.23;21;20;28.54
2022;6;Secretaria de Governo;funcao_confianca;262473.52;26;24;28.27
2022;6;Secretaria de Governo;flexiveis;12800.64;11;10;1.38
2022;6;Secretaria de Mobilidade;efetivos;87203.76999999999;8;7;53.8
2022;6;Secretaria de Mobilidade;funcao_confianca;62706.82;5;5;38.68
2022;6;Secretaria de Mobilidade;comissionados;12185.62;1;1;7.52
2022;6;Secretaria de Recursos Humanos;efetivos;447746.36;79;63;67.64
2022;6;Secretaria de Recursos Humanos;funcao_confianca;193710.36;23;22;29.26
2022;6;Secretaria de Recursos Humanos;comissionados;17617.8;1;1;2.66
2022;6;Secretaria de Recursos Humanos;flexiveis;2859.6;4;4;0.43
2022;6;Secretaria de Relações Institucionais e Metropolitanas;comissionados;54174.65;4;4;41.29
2022;6;Secretaria de Relações Institucionais e Metropolitanas;funcao_confianca;43716.14;5;4;33.32
2022;6;Secretaria de Relações Institucionais e Metropolitanas;efetivos;33302.78;4;4;25.38
2022;6;Secretaria de Segurança Urbana;efetivos;3374808.87;401;364;94.13
2022;6;Secretaria de Segurança Urbana;funcao_confianca;192649.71;15;14;5.37
2022;6;Secretaria de Segurança Urbana;comissionados;17617.8;1;1;0.49
2022;6;Secretaria de Serviços Públicos e Obras;efetivos;769265.85;123;115;71.62
2022;6;Secretaria de Serviços Públicos e Obras;funcao_confianca;212277.99;25;22;19.76
2022;6;Secretaria de Serviços Públicos e Obras;comissionados;91408.51000000001;8;7;8.51
2022;6;Secretaria de Serviços Públicos e Obras;flexiveis;1084.8;1;1;0.1
2022;6;Secretaria de Urbanismo e Licenciamento;efetivos;878311.62;128;116;75.09
2022;6;Secretaria de Urbanismo e Licenciamento;funcao_confianca;207175.77;24;22;17.71
2022;6;Secretaria de Urbanismo e Licenciamento;comissionados;54174.66;4;4;4.63
2022;6;Secretaria de Urbanismo e Licenciamento;flexiveis;29992.719999999998;30;30;2.56
2022;6;Secretaria do Meio Ambiente, Parques e Jardins;efetivos;430354.01;63;54;71.27
2022;6;Secretaria do Meio Ambiente, Parques e Jardins;funcao_confianca;131793.33;15;15;21.83
2022;6;Secretaria do Meio Ambiente, Parques e Jardins;comissionados;29803.42;2;2;4.94
2022;6;Secretaria do Meio Ambiente, Parques e Jardins;flexiveis;11902.0;13;13;1.97
2022;7;Inativos e Pensionistas (Encargos);inativos;1161672.62;276;276;100.0
2022;7;Secretaria da Cidadania;efetivos;756859.14;146;123;50.82
2022;7;Secretaria da Cidadania;funcao_confianca;491531.62;59;48;33.0
2022;7;Secretaria da Cidadania;flexiveis;167183.72;35;30;11.23
2022;7;Secretaria da Cidadania;comissionados;73807.14;7;5;4.96
2022;7;Secretaria da Educação;efetivos;29671771.92;5076;4954;91.61
2022;7;Secretaria da Educação;flexiveis;2207934.53;2106;2086;6.82
2022;7;Secretaria da Educação;funcao_confianca;480824.65;53;41;1.48
2022;7;Secretaria da Educação;comissionados;29803.42;2;2;0.09
2022;7;Secretaria da Fazenda;efetivos;1040628.3;164;143;72.91
2022;7;Secretaria da Fazenda;funcao_confianca;373823.44;46;38;26.19
2022;7;Secretaria da Fazenda;flexiveis;12893.36;13;13;0.9
2022;7;Secretaria da Habitação e Regularização Fundiária;efetivos;113099.89;18;16;52.25
2022;7;Secretaria da Habitação e Regularização Fundiária;funcao_confianca;79251.85;10;9;36.61
2022;7;Secretaria da Habitação e Regularização Fundiária;comissionados;17617.8;1;1;8.14
2022;7;Secretaria da Habitação e Regularização Fundiária;flexiveis;6508.799999999999;7;7;3.01
2022;7;Secretaria da Saúde;efetivos;21465737.77;2557;2068;86.13
2022;7;Secretaria da Saúde;funcao_confianca;2269351.73;187;151;9.11
2022;7;Secretaria da Saúde;flexiveis;1085011.15;98;93;4.35
2022;7;Secretaria da Saúde;comissionados;103179.95;8;7;0.41
2022;7;Secretaria de Administração;efetivos;1005879.53;160;135;63.52
2022;7;Secretaria de Administração;funcao_confianca;471995.82;68;53;29.81
2022;7;Secretaria de Administração;comissionados;57939.85;5;4;3.66
2022;7;Secretaria de Administração;flexiveis;47773.6;44;44;3.02
2022;7;Secretaria de Assuntos Jurídicos e Patrimônio;efetivos;1339652.92;123;105;78.67
2022;7;Secretaria de Assuntos Jurídicos e Patrimônio;funcao_confianca;307683.72000000003;35;30;18.07
2022;7;Secretaria de Assuntos Jurídicos e Patrimônio;comissionados;46941.5;3;3;2.76
2022;7;Secretaria de Assuntos Jurídicos e Patrimônio;flexiveis;8595.36;10;10;0.5
2022;7;Secretaria de Comunicação;comissionados;100646.51000000001;8;6;41.47
2022;7;Secretaria de Comunicação;funcao_confianca;98434.22;14;12;40.56
2022;7;Secretaria de Comunicação;efetivos;40368.77;5;4;16.63
2022;7;Secretaria de Comunicação;flexiveis;3254.3999999999996;3;3;1.34
2022;7;Secretaria de Cultura;efetivos;263880.06;48;43;65.34
2022;7;Secretaria de Cultura;comissionados;64329.5;6;4;15.93
2022;7;Secretaria de Cultura;funcao_confianca;57711.07;7;6;14.29
2022;7;Secretaria de Cultura;flexiveis;17935.36;18;18;4.44
2022;7;Secretaria de Desenvolvimento Econômico, Trabalho e Turismo;efetivos;246236.91999999998;45;41;53.14
2022;7;Secretaria de Desenvolvimento Econômico, Trabalho e Turismo;funcao_confianca;134130.89;18;13;28.95
2022;7;Secretaria de Desenvolvimento Econômico, Trabalho e Turismo;comissionados;73807.13;6;5;15.93
2022;7;Secretaria de Desenvolvimento Econômico, Trabalho e Turismo;flexiveis;9213.04;9;8;1.99
2022;7;Secretaria de Esportes e Lazer;efetivos;445837.11;62;51;70.6
2022;7;Secretaria de Esportes e Lazer;funcao_confianca;127525.23;18;13;20.2
2022;7;Secretaria de Esportes e Lazer;comissionados;50112.89;4;3;7.94
2022;7;Secretaria de Esportes e Lazer;flexiveis;7991.36;8;8;1.27
2022;7;Secretaria de Gabinete Central;efetivos;301080.17;33;28;45.04
2022;7;Secretaria de Gabinete Central;funcao_confianca;267296.42;27;21;39.99
2022;7;Secretaria de Gabinete Central;comissionados;95683.98000000001;7;7;14.31
2022;7;Secretaria de Gabinete Central;flexiveis;4429.2;5;5;0.66
2022;7;Secretaria de Governo;efetivos;396523.17;33;28;37.69
2022;7;Secretaria de Governo;comissionados;318552.4;25;22;30.28
2022;7;Secretaria de Governo;funcao_confianca;313061.67;32;25;29.76
2022;7;Secretaria de Governo;flexiveis;23810.16;22;22;2.26
2022;7;Secretaria de Mobilidade;efetivos;86064.51;7;7;51.11
2022;7;Secretaria de Mobilidade;funcao_confianca;70156.54000000001;7;5;41.66
2022;7;Secretaria de Mobilidade;comissionados;12185.62;1;1;7.24
2022;7;Secretaria de Recursos Humanos;efetivos;444359.17;76;63;61.33
2022;7;Secretaria de Recursos Humanos;funcao_confianca;255307.61;28;23;35.24
2022;7;Secretaria de Recursos Humanos;comissionados;17617.8;1;1;2.43
2022;7;Secretaria de Recursos Humanos;flexiveis;7273.52;8;8;1.0
2022;7;Secretaria de Relações Institucionais e Metropolitanas;comissionados;82386.05;6;4;58.39
2022;7;Secretaria de Relações Institucionais e Metropolitanas;funcao_confianca;38305.94;4;4;27.15
2022;7;Secretaria de Relações Institucionais e Metropolitanas;efetivos;20393.510000000002;4;3;14.45
2022;7;Secretaria de Segurança Urbana;efetivos;3300377.4;414;363;93.27
2022;7;Secretaria de Segurança Urbana;funcao_confianca;220405.81;19;15;6.23
2022;7;Secretaria de Segurança Urbana;comissionados;17617.8;1;1;0.5
2022;7;Secretaria de Serviços Públicos e Obras;efetivos;754429.03;132;114;68.42
2022;7;Secretaria de Serviços Públicos e Obras;funcao_confianca;239610.94;28;23;21.73
2022;7;Secretaria de Serviços Públicos e Obras;comissionados;107664.26000000001;9;7;9.76
2022;7;Secretaria de Serviços Públicos e Obras;flexiveis;976.32;2;2;0.09
2022;7;Secretaria de Urbanismo e Licenciamento;efetivos;873095.44;139;116;72.65
2022;7;Secretaria de Urbanismo e Licenciamento;funcao_confianca;216605.47999999998;25;22;18.02
2022;7;Secretaria de Urbanismo e Licenciamento;comissionados;80004.45;7;4;6.66
2022;7;Secretaria de Urbanismo e Licenciamento;flexiveis;32069.92;30;30;2.67
2022;7;Secretaria do Meio Ambiente, Parques e Jardins;efetivos;498194.7;68;53;69.94
2022;7;Secretaria do Meio Ambiente, Parques e Jardins;funcao_confianca;170602.28;20;17;23.95
2022;7;Secretaria do Meio Ambiente, Parques e Jardins;comissionados;29803.42;2;2;4.18
2022;7;Secretaria do Meio Ambiente, Parques e Jardins;flexiveis;13765.199999999999;14;14;1.93
2022;8;Inativos e Pensionistas (Encargos);inativos;1091282.17;273;273;100.0
2022;8;Secretaria da Cidadania;efetivos;716168.58;139;128;51.34
2022;8;Secretaria da Cidadania;funcao_confianca;453526.11;56;48;32.51
2022;8;Secretaria da Cidadania;flexiveis;158939.82;33;30;11.39
2022;8;Secretaria da Cidadania;comissionados;66360.26000000001;5;5;4.76
2022;8;Secretaria da Educação;efetivos;29603469.67;4979;4896;92.69
2022;8;Secretaria da Educação;flexiveis;1880220.3;2202;2159;5.89
2022;8;Secretaria da Educação;funcao_confianca;424494.03;45;41;1.33
2022;8;Secretaria da Educação;comissionados;29803.42;2;2;0.09
2022;8;Secretaria da Fazenda;efetivos;1036492.49;159;141;74.63
2022;8;Secretaria da Fazenda;funcao_confianca;341174.05;47;38;24.57
2022;8;Secretaria da Fazenda;flexiveis;11114.56;11;10;0.8
2022;8;Secretaria da Habitação e Regularização Fundiária;efetivos;137098.51;20;20;54.82
2022;8;Secretaria da Habitação e Regularização Fundiária;funcao_confianca;76685.63;11;9;30.66
2022;8;Secretaria da Habitação e Regularização Fundiária;comissionados;29803.42;2;2;11.92
2022;8;Secretaria da Habitação e Regularização Fundiária;flexiveis;6508.799999999999;7;7;2.6
2022;8;Secretaria da Saúde;efetivos;19640260.17;2289;2068;85.44
2022;8;Secretaria da Saúde;funcao_confianca;2153385.47;171;151;9.37
2022;8;Secretaria da Saúde;flexiveis;1100628.04;99;97;4.79
2022;8;Secretaria da Saúde;comissionados;93836.0;7;7;0.41
2022;8;Secretaria de Administração;efetivos;1007189.49;166;147;61.54
2022;8;Secretaria de Administração;funcao_confianca;519425.7;61;53;31.74
2022;8;Secretaria de Administração;comissionados;59232.43;5;4;3.62
2022;8;Secretaria de Administração;flexiveis;50849.84;55;55;3.11
2022;8;Secretaria de Assuntos Jurídicos e Patrimônio;efetivos;1457630.28;118;105;80.16
2022;8;Secretaria de Assuntos Jurídicos e Patrimônio;funcao_confianca;307696.88;37;29;16.92
2022;8;Secretaria de Assuntos Jurídicos e Patrimônio;comissionados;46941.5;3;3;2.58
2022;8;Secretaria de Assuntos Jurídicos e Patrimônio;flexiveis;6142.639999999999;7;7;0.34
2022;8;Secretaria de Comunicação;funcao_confianca;111800.26;18;12;51.65
2022;8;Secretaria de Comunicação;comissionados;72859.28;6;6;33.66
2022;8;Secretaria de Comunicação;efetivos;28563.34;4;4;13.19
2022;8;Secretaria de Comunicação;flexiveis;3254.3999999999996;3;3;1.5
2022;8;Secretaria de Cultura;efetivos;248713.38;46;43;66.36
2022;8;Secretaria de Cultura;comissionados;54174.66;4;4;14.46
2022;8;Secretaria de Cultura;funcao_confianca;52099.96;6;6;13.9
2022;8;Secretaria de Cultura;flexiveis;19786.8;19;18;5.28
2022;8;Secretaria de Desenvolvimento Econômico, Trabalho e Turismo;efetivos;239391.73;46;41;51.1
2022;8;Secretaria de Desenvolvimento Econômico, Trabalho e Turismo;funcao_confianca;142061.77;14;13;30.32
2022;8;Secretaria de Desenvolvimento Econômico, Trabalho e Turismo;comissionados;77868.85;5;5;16.62
2022;8;Secretaria de Desenvolvimento Econômico, Trabalho e Turismo;flexiveis;9178.48;9;9;1.96
2022;8;Secretaria de Esportes e Lazer;efetivos;460443.68;54;51;76.16
2022;8;Secretaria de Esportes e Lazer;funcao_confianca;93232.89;12;12;15.42
2022;8;Secretaria de Esportes e Lazer;comissionados;41989.03;3;3;6.95
2022;8;Secretaria de Esportes e Lazer;flexiveis;8913.039999999999;9;9;1.47
2022;8;Secretaria de Gabinete Central;efetivos;333082.5;30;28;49.72
2022;8;Secretaria de Gabinete Central;funcao_confianca;215227.91;21;20;32.13
2022;8;Secretaria de Gabinete Central;comissionados;116438.65000000001;9;8;17.38
2022;8;Secretaria de Gabinete Central;flexiveis;5163.12;6;6;0.77
2022;8;Secretaria de Governo;efetivos;320159.16;30;26;35.56
2022;8;Secretaria de Governo;funcao_confianca;282589.5;28;25;31.39
2022;8;Secretaria de Governo;comissionados;266698.84;19;19;29.62
2022;8;Secretaria de Governo;flexiveis;30838.88;30;30;3.43
2022;8;Secretaria de Mobilidade;efetivos;87019.23;8;7;49.67
2022;8;Secretaria de Mobilidade;funcao_confianca;61788.200000000004;5;5;35.27
2022;8;Secretaria de Mobilidade;comissionados;26402.17;2;2;15.07
2022;8;Secretaria de Recursos Humanos;efetivos;444839.45;71;65;62.56
2022;8;Secretaria de Recursos Humanos;funcao_confianca;216466.81;26;23;30.44
2022;8;Secretaria de Recursos Humanos;comissionados;41108.2;2;1;5.78
2022;8;Secretaria de Recursos Humanos;flexiveis;8683.76;8;8;1.22
2022;8;Secretaria de Relações Institucionais e Metropolitanas;comissionados;50881.11;5;4;44.41
2022;8;Secretaria de Relações Institucionais e Metropolitanas;funcao_confianca;41800.15;5;4;36.48
2022;8;Secretaria de Relações Institucionais e Metropolitanas;efetivos;21898.66;6;3;19.11
2022;8;Secretaria de Segurança Urbana;efetivos;3253904.51;374;355;94.13
2022;8;Secretaria de Segurança Urbana;funcao_confianca;185234.66999999998;16;15;5.36
2022;8;Secretaria de Segurança Urbana;comissionados;17617.8;1;1;0.51
2022;8;Secretaria de Serviços Públicos e Obras;efetivos;748112.13;131;117;70.23
2022;8;Secretaria de Serviços Públicos e Obras;funcao_confianca;222766.72;27;23;20.91
2022;8;Secretaria de Serviços Públicos e Obras;comissionados;92085.52;8;7;8.64
2022;8;Secretaria de Serviços Públicos e Obras;flexiveis;2224.8;2;2;0.21
2022;8;Secretaria de Urbanismo e Licenciamento;efetivos;902064.47;131;117;73.81
2022;8;Secretaria de Urbanismo e Licenciamento;funcao_confianca;227906.24;25;23;18.65
2022;8;Secretaria de Urbanismo e Licenciamento;comissionados;58774.79;4;4;4.81
2022;8;Secretaria de Urbanismo e Licenciamento;flexiveis;33370.64;30;30;2.73
2022;8;Secretaria do Meio Ambiente, Parques e Jardins;efetivos;410461.18;57;52;64.54
2022;8;Secretaria do Meio Ambiente, Parques e Jardins;funcao_confianca;170498.31;20;17;26.81
2022;8;Secretaria do Meio Ambiente, Parques e Jardins;comissionados;41989.15;3;2;6.6
2022;8;Secretaria do Meio Ambiente, Parques e Jardins;flexiveis;13031.279999999999;13;13;2.05
2022;9;Inativos e Pensionistas (Encargos);inativos;1089654.55;278;272;100.0
2022;9;Secretaria da Cidadania;efetivos;723206.85;142;126;51.6
2022;9;Secretaria da Cidadania;funcao_confianca;464413.83;66;47;33.14
2022;9;Secretaria da Cidadania;flexiveis;146879.25999999998;32;30;10.48
2022;9;Secretaria da Cidadania;comissionados;67037.27;6;5;4.78
2022;9;Secretaria da Educação;efetivos;30114975.9;5327;4870;90.07
2022;9;Secretaria da Educação;flexiveis;2803340.3;2355;2344;8.38
2022;9;Secretaria da Educação;funcao_confianca;486749.01;48;40;1.46
2022;9;Secretaria da Educação;comissionados;29803.41;2;2;0.09
2022;9;Secretaria da Fazenda;efetivos;1235638.91;158;142;73.32
2022;9;Secretaria da Fazenda;funcao_confianca;430939.55;51;38;25.57
2022;9;Secretaria da Fazenda;flexiveis;18586.239999999998;20;20;1.1
2022;9;Secretaria da Habitação e Regularização Fundiária;efetivos;181115.62;23;21;59.88
2022;9;Secretaria da Habitação e Regularização Fundiária;funcao_confianca;84403.18;13;9;27.91
2022;9;Secretaria da Habitação e Regularização Fundiária;comissionados;29803.42;2;2;9.85
2022;9;Secretaria da Habitação e Regularização Fundiária;flexiveis;7125.68;7;7;2.36
2022;9;Secretaria da Saúde;efetivos;20200349.1;2435;2067;85.45
2022;9;Secretaria da Saúde;funcao_confianca;2258434.8;189;153;9.55
2022;9;Secretaria da Saúde;flexiveis;1087257.94;102;98;4.6
2022;9;Secretaria da Saúde;comissionados;95190.01000000001;8;7;0.4
2022;9;Secretaria de Administração;efetivos;1038052.06;180;153;60.49
2022;9;Secretaria de Administração;funcao_confianca;525098.14;62;54;30.6
2022;9;Secretaria de Administração;comissionados;91020.02;4;3;5.3
2022;9;Secretaria de Administração;flexiveis;61894.72;59;57;3.61
2022;9;Secretaria de Assuntos Jurídicos e Patrimônio;efetivos;1336927.75;115;105;78.36
2022;9;Secretaria de Assuntos Jurídicos e Patrimônio;funcao_confianca;316127.85;37;29;18.53
2022;9;Secretaria de Assuntos Jurídicos e Patrimônio;comissionados;46941.5;3;3;2.75
2022;9;Secretaria de Assuntos Jurídicos e Patrimônio;flexiveis;6044.08;7;7;0.35
2022;9;Secretaria de Comunicação;funcao_confianca;98481.73;13;12;46.75
2022;9;Secretaria de Comunicação;comissionados;78545.90000000001;6;6;37.28
2022;9;Secretaria de Comunicação;efetivos;30386.35;5;4;14.42
2022;9;Secretaria de Comunicação;flexiveis;3254.3999999999996;3;3;1.54
2022;9;Secretaria de Cultura;efetivos;329652.13;56;43;72.81
2022;9;Secretaria de Cultura;comissionados;54174.65;4;4;11.97
2022;9;Secretaria de Cultura;funcao_confianca;52099.96;6;6;11.51
2022;9;Secretaria de Cultura;flexiveis;16812.0;16;16;3.71
2022;9;Secretaria de Desenvolvimento Econômico, Trabalho e Turismo;efetivos;250058.38;49;41;53.17
2022;9;Secretaria de Desenvolvimento Econômico, Trabalho e Turismo;funcao_confianca;143689.32;16;14;30.55
2022;9;Secretaria de Desenvolvimento Econômico, Trabalho e Turismo;comissionados;65993.31;5;4;14.03
2022;9;Secretaria de Desenvolvimento Econômico, Trabalho e Turismo;flexiveis;10594.88;11;11;2.25
2022;9;Secretaria de Esportes e Lazer;efetivos;491374.81;61;53;76.28
2022;9;Secretaria de Esportes e Lazer;funcao_confianca;95725.1;13;12;14.86
2022;9;Secretaria de Esportes e Lazer;comissionados;41989.04;3;3;6.52
2022;9;Secretaria de Esportes e Lazer;flexiveis;15042.56;14;14;2.34
2022;9;Secretaria de Gabinete Central;efetivos;330958.74;32;28;45.88
2022;9;Secretaria de Gabinete Central;funcao_confianca;255431.05;23;22;35.41
2022;9;Secretaria de Gabinete Central;comissionados;128260.0;9;8;17.78
2022;9;Secretaria de Gabinete Central;flexiveis;6689.599999999999;7;7;0.93
2022;9;Secretaria de Governo;efetivos;302993.05;27;24;33.07
2022;9;Secretaria de Governo;comissionados;298718.21;23;19;32.6
2022;9;Secretaria de Governo;funcao_confianca;285653.66;29;25;31.17
2022;9;Secretaria de Governo;flexiveis;28950.0;27;27;3.16
2022;9;Secretaria de Mobilidade;efetivos;95281.35;9;7;52.41
2022;9;Secretaria de Mobilidade;funcao_confianca;62146.11;6;5;34.18
2022;9;Secretaria de Mobilidade;comissionados;24371.24;2;2;13.41
2022;9;Secretaria de Recursos Humanos;efetivos;424706.23;72;65;60.32
2022;9;Secretaria de Recursos Humanos;funcao_confianca;251766.56;26;23;35.76
2022;9;Secretaria de Recursos Humanos;comissionados;17617.8;1;1;2.5
2022;9;Secretaria de Recursos Humanos;flexiveis;9944.0;10;10;1.41
2022;9;Secretaria de Relações Institucionais e Metropolitanas;comissionados;81262.05;8;5;49.76
2022;9;Secretaria de Relações Institucionais e Metropolitanas;funcao_confianca;59755.060000000005;7;5;36.59
2022;9;Secretaria de Relações Institucionais e Metropolitanas;efetivos;22303.559999999998;4;3;13.66
2022;9;Secretaria de Segurança Urbana;efetivos;3260113.11;427;354;91.49
2022;9;Secretaria de Segurança Urbana;funcao_confianca;272481.24;18;15;7.65
2022;9;Secretaria de Segurança Urbana;comissionados;30566.89;3;2;0.86
2022;9;Secretaria de Serviços Públicos e Obras;efetivos;710324.68;136;116;68.81
2022;9;Secretaria de Serviços Públicos e Obras;funcao_confianca;221448.19;27;24;21.45
2022;9;Secretaria de Serviços Públicos e Obras;comissionados;99396.78;7;7;9.63
2022;9;Secretaria de Serviços Públicos e Obras;flexiveis;1084.8;1;1;0.11
2022;9;Secretaria de Urbanismo e Licenciamento;efetivos;891174.21;136;120;73.01
2022;9;Secretaria de Urbanismo e Licenciamento;funcao_confianca;233623.91;27;24;19.14
2022;9;Secretaria de Urbanismo e Licenciamento;comissionados;59606.84;4;4;4.88
2022;9;Secretaria de Urbanismo e Licenciamento;flexiveis;36146.88;34;34;2.96
2022;9;Secretaria do Meio Ambiente, Parques e Jardins;efetivos;424276.31;59;52;69.15
2022;9;Secretaria do Meio Ambiente, Parques e Jardins;funcao_confianca;150920.98;19;17;24.6
2022;9;Secretaria do Meio Ambiente, Parques e Jardins;comissionados;25741.55;2;2;4.2
2022;9;Secretaria do Meio Ambiente, Parques e Jardins;flexiveis;12610.48;13;13;2.06
2022;10;Inativos e Pensionistas (Encargos);inativos;1227949.42;333;270;100.0
2022;10;Secretaria da Cidadania;efetivos;784982.39;173;124;54.06
2022;10;Secretaria da Cidadania;funcao_confianca;434192.13;55;47;29.9
2022;10;Secretaria da Cidadania;flexiveis;166434.97999999998;35;30;11.46
2022;10;Secretaria da Cidadania;comissionados;66360.28;5;5;4.57
2022;10;Secretaria da Educação;efetivos;32531228.82;5949;4909;90.98
2022;10;Secretaria da Educação;flexiveis;2746255.56;2278;2224;7.68
2022;10;Secretaria da Educação;funcao_confianca;450504.31;47;41;1.26
2022;10;Secretaria da Educação;comissionados;29803.42;2;2;0.08
2022;10;Secretaria da Fazenda;efetivos;1147304.19;206;142;76.3
2022;10;Secretaria da Fazenda;funcao_confianca;333499.07;42;38;22.18
2022;10;Secretaria da Fazenda;flexiveis;22816.96;23;23;1.52
2022;10;Secretaria da Habitação e Regularização Fundiária;efetivos;151557.46;27;21;50.04
2022;10;Secretaria da Habitação e Regularização Fundiária;funcao_confianca;91312.08;12;9;30.15
2022;10;Secretaria da Habitação e Regularização Fundiária;comissionados;52689.880000000005;2;2;17.4
2022;10;Secretaria da Habitação e Regularização Fundiária;flexiveis;7316.4;7;7;2.42
2022;10;Secretaria da Saúde;efetivos;20448863.69;2575;2071;85.64
2022;10;Secretaria da Saúde;funcao_confianca;2263772.17;177;149;9.48
2022;10;Secretaria da Saúde;flexiveis;1072552.13;100;99;4.49
2022;10;Secretaria da Saúde;comissionados;93836.01000000001;7;7;0.39
2022;10;Secretaria de Administração;efetivos;1239394.19;204;155;67.73
2022;10;Secretaria de Administração;funcao_confianca;503946.07;59;53;27.54
2022;10;Secretaria de Administração;flexiveis;59121.6;55;55;3.23
2022;10;Secretaria de Administração;comissionados;27475.730000000003;2;2;1.5
2022;10;Secretaria de Assuntos Jurídicos e Patrimônio;efetivos;1288567.06;140;103;79.32
2022;10;Secretaria de Assuntos Jurídicos e Patrimônio;funcao_confianca;282671.93;30;28;17.4
2022;10;Secretaria de Assuntos Jurídicos e Patrimônio;comissionados;46941.5;3;3;2.89
2022;10;Secretaria de Assuntos Jurídicos e Patrimônio;flexiveis;6333.599999999999;7;7;0.39
2022;10;Secretaria de Comunicação;funcao_confianca;100762.51;13;12;43.24
2022;10;Secretaria de Comunicação;comissionados;95334.97;8;6;40.91
2022;10;Secretaria de Comunicação;efetivos;33051.15;6;4;14.18
2022;10;Secretaria de Comunicação;flexiveis;3905.2799999999997;4;4;1.68
2022;10;Secretaria de Cultura;efetivos;269305.76;62;42;68.54
2022;10;Secretaria de Cultura;comissionados;54174.65;4;4;13.79
2022;10;Secretaria de Cultura;funcao_confianca;52099.95;6;6;13.26
2022;10;Secretaria de Cultura;flexiveis;17356.8;16;16;4.42
2022;10;Secretaria de Desenvolvimento Econômico, Trabalho e Turismo;efetivos;277015.74;71;41;60.97
2022;10;Secretaria de Desenvolvimento Econômico, Trabalho e Turismo;funcao_confianca;128815.87000000001;16;14;28.35
2022;10;Secretaria de Desenvolvimento Econômico, Trabalho e Turismo;comissionados;36556.86;3;3;8.05
2022;10;Secretaria de Desenvolvimento Econômico, Trabalho e Turismo;flexiveis;11932.8;11;11;2.63
2022;10;Secretaria de Esportes e Lazer;efetivos;479240.59;64;53;71.47
2022;10;Secretaria de Esportes e Lazer;funcao_confianca;124358.14;13;12;18.55
2022;10;Secretaria de Esportes e Lazer;comissionados;51776.700000000004;4;3;7.72
2022;10;Secretaria de Esportes e Lazer;flexiveis;15187.199999999999;14;14;2.26
2022;10;Secretaria de Gabinete Central;efetivos;322188.29;39;29;46.55
2022;10;Secretaria de Gabinete Central;funcao_confianca;241488.07;23;20;34.89
2022;10;Secretaria de Gabinete Central;comissionados;119860.38;9;8;17.32
2022;10;Secretaria de Gabinete Central;flexiveis;8533.76;8;8;1.23
2022;10;Secretaria de Governo;funcao_confianca;288278.05;28;26;37.9
2022;10;Secretaria de Governo;efetivos;232702.85;21;19;30.6
2022;10;Secretaria de Governo;comissionados;209455.72;16;16;27.54
2022;10;Secretaria de Governo;flexiveis;30114.32;28;28;3.96
2022;10;Secretaria de Mobilidade;efetivos;100263.12;8;8;53.71
2022;10;Secretaria de Mobilidade;funcao_confianca;62042.87;5;5;33.24
2022;10;Secretaria de Mobilidade;comissionados;24371.230000000003;2;2;13.06
2022;10;Secretaria de Recursos Humanos;efetivos;500493.72;94;66;67.46
2022;10;Secretaria de Recursos Humanos;funcao_confianca;212994.12;26;23;28.71
2022;10;Secretaria de Recursos Humanos;comissionados;17617.8;1;1;2.37
2022;10;Secretaria de Recursos Humanos;flexiveis;10834.88;12;12;1.46
2022;10;Secretaria de Relações Institucionais e Metropolitanas;funcao_confianca;60158.2;7;5;44.35
2022;10;Secretaria de Relações Institucionais e Metropolitanas;comissionados;54174.66;4;4;39.94
2022;10;Secretaria de Relações Institucionais e Metropolitanas;efetivos;21300.04;4;3;15.7
2022;10;Secretaria de Segurança Urbana;efetivos;3250227.79;374;351;92.74
2022;10;Secretaria de Segurança Urbana;funcao_confianca;189730.46;16;15;5.41
2022;10;Secretaria de Segurança Urbana;comissionados;64609.18;3;3;1.84
2022;10;Secretaria de Serviços Públicos e Obras;efetivos;810932.93;171;118;70.3
2022;10;Secretaria de Serviços Públicos e Obras;funcao_confianca;236341.02000000002;29;24;20.49
2022;10;Secretaria de Serviços Públicos e Obras;comissionados;105183.66;9;8;9.12
2022;10;Secretaria de Serviços Públicos e Obras;flexiveis;1084.8;1;1;0.09
2022;10;Secretaria de Urbanismo e Licenciamento;efetivos;985899.5;143;120;73.53
2022;10;Secretaria de Urbanismo e Licenciamento;funcao_confianca;253345.11;28;24;18.89
2022;10;Secretaria de Urbanismo e Licenciamento;comissionados;63262.58;5;4;4.72
2022;10;Secretaria de Urbanismo e Licenciamento;flexiveis;38354.0;37;37;2.86
2022;10;Secretaria do Meio Ambiente, Parques e Jardins;efetivos;420804.49;68;52;67.7
2022;10;Secretaria do Meio Ambiente, Parques e Jardins;funcao_confianca;155877.45;18;17;25.08
2022;10;Secretaria do Meio Ambiente, Parques e Jardins;comissionados;29803.42;2;2;4.79
2022;10;Secretaria do Meio Ambiente, Parques e Jardins;flexiveis;15076.32;15;15;2.43
2022;11;Inativos e Pensionistas (Encargos);inativos;1652452.77;267;267;100.0
2022;11;Secretaria da Cidadania;efetivos;1022107.0700000001;138;123;52.49
2022;11;Secretaria da Cidadania;funcao_confianca;569561.34;45;44;29.25
2022;11;Secretaria da Cidadania;flexiveis;256125.78;37;31;13.15
2022;11;Secretaria da Cidadania;comissionados;99540.42;5;5;5.11
2022;11;Secretaria da Educação;efetivos;43708965.46;4935;4870;92.57
2022;11;Secretaria da Educação;flexiveis;2819562.7399999998;2244;2220;5.97
2022;11;Secretaria da Educação;funcao_confianca;641928.99;45;42;1.36
2022;11;Secretaria da Educação;comissionados;46600.72;3;2;0.1
2022;11;Secretaria da Fazenda;efetivos;1356921.2;156;140;70.14
2022;11;Secretaria da Fazenda;funcao_confianca;552322.62;46;38;28.55
2022;11;Secretaria da Fazenda;flexiveis;25365.84;24;24;1.31
2022;11;Secretaria da Habitação e Regularização Fundiária;efetivos;207865.99;25;21;46.54
2022;11;Secretaria da Habitação e Regularização Fundiária;funcao_confianca;135701.15;9;9;30.38
2022;11;Secretaria da Habitação e Regularização Fundiária;comissionados;95527.6;2;2;21.39
2022;11;Secretaria da Habitação e Regularização Fundiária;flexiveis;7562.8;7;7;1.69
2022;11;Secretaria da Saúde;efetivos;25726054.48;2355;2067;84.46
2022;11;Secretaria da Saúde;funcao_confianca;3157980.38;181;149;10.37
2022;11;Secretaria da Saúde;flexiveis;1441064.7;102;100;4.73
2022;11;Secretaria da Saúde;comissionados;134997.76;8;7;0.44
2022;11;Secretaria de Administração;efetivos;1426934.23;169;152;62.45
2022;11;Secretaria de Administração;funcao_confianca;734373.67;59;53;32.14
2022;11;Secretaria de Administração;flexiveis;64104.0;59;59;2.81
2022;11;Secretaria de Administração;comissionados;59492.03;3;3;2.6
2022;11;Secretaria de Assuntos Jurídicos e Patrimônio;efetivos;1718679.07;117;101;77.0
2022;11;Secretaria de Assuntos Jurídicos e Patrimônio;funcao_confianca;436586.42;33;29;19.56
2022;11;Secretaria de Assuntos Jurídicos e Patrimônio;comissionados;70412.25;3;3;3.15
2022;11;Secretaria de Assuntos Jurídicos e Patrimônio;flexiveis;6340.799999999999;7;7;0.28
2022;11;Secretaria de Comunicação;funcao_confianca;152381.73;14;12;50.45
2022;11;Secretaria de Comunicação;comissionados;100217.41;6;5;33.18
2022;11;Secretaria de Comunicação;efetivos;45086.009999999995;4;4;14.93
2022;11;Secretaria de Comunicação;flexiveis;4339.2;4;4;1.44
2022;11;Secretaria de Cultura;efetivos;402957.98000000004;51;43;68.41
2022;11;Secretaria de Cultura;funcao_confianca;86999.89;7;6;14.77
2022;11;Secretaria de Cultura;comissionados;81261.99;4;4;13.8
2022;11;Secretaria de Cultura;flexiveis;17826.88;17;17;3.03
2022;11;Secretaria de Desenvolvimento Econômico, Trabalho e Turismo;efetivos;376558.29;46;41;57.83
2022;11;Secretaria de Desenvolvimento Econômico, Trabalho e Turismo;funcao_confianca;175265.85;15;13;26.92
2022;11;Secretaria de Desenvolvimento Econômico, Trabalho e Turismo;comissionados;87354.85;5;4;13.42
2022;11;Secretaria de Desenvolvimento Econômico, Trabalho e Turismo;flexiveis;11932.8;11;11;1.83
2022;11;Secretaria de Esportes e Lazer;efetivos;665873.33;55;53;74.05
2022;11;Secretaria de Esportes e Lazer;funcao_confianca;156481.63;13;12;17.4
2022;11;Secretaria de Esportes e Lazer;comissionados;62475.84;3;3;6.95
2022;11;Secretaria de Esportes e Lazer;flexiveis;14402.4;14;14;1.6
2022;11;Secretaria de Gabinete Central;funcao_confianca;478949.63;28;24;44.76
2022;11;Secretaria de Gabinete Central;efetivos;471215.62;36;31;44.03
2022;11;Secretaria de Gabinete Central;comissionados;111306.28;6;6;10.4
2022;11;Secretaria de Gabinete Central;flexiveis;8678.4;8;8;0.81
2022;11;Secretaria de Governo;funcao_confianca;441138.33;31;26;38.73
2022;11;Secretaria de Governo;efetivos;351676.92;23;19;30.88
2022;11;Secretaria de Governo;comissionados;316440.98;17;17;27.78
2022;11;Secretaria de Governo;flexiveis;29748.719999999998;28;28;2.61
2022;11;Secretaria de Mobilidade;efetivos;186428.81;9;8;59.76
2022;11;Secretaria de Mobilidade;funcao_confianca;93029.01;5;5;29.82
2022;11;Secretaria de Mobilidade;comissionados;32495.01;2;2;10.42
2022;11;Secretaria de Recursos Humanos;efetivos;646523.34;71;64;61.21
2022;11;Secretaria de Recursos Humanos;funcao_confianca;371794.83;26;23;35.2
2022;11;Secretaria de Recursos Humanos;comissionados;26426.7;1;1;2.5
2022;11;Secretaria de Recursos Humanos;flexiveis;11437.279999999999;11;11;1.08
2022;11;Secretaria de Relações Institucionais e Metropolitanas;comissionados;84867.19;5;4;44.5
2022;11;Secretaria de Relações Institucionais e Metropolitanas;funcao_confianca;81235.38;6;5;42.6
2022;11;Secretaria de Relações Institucionais e Metropolitanas;efetivos;24606.78;3;3;12.9
2022;11;Secretaria de Segurança Urbana;efetivos;4527971.62;376;356;95.22
2022;11;Secretaria de Segurança Urbana;funcao_confianca;207596.4;12;12;4.37
2022;11;Secretaria de Segurança Urbana;comissionados;19820.03;1;1;0.42
2022;11;Secretaria de Serviços Públicos e Obras;efetivos;1090449.78;130;118;67.52
2022;11;Secretaria de Serviços Públicos e Obras;funcao_confianca;376173.31;26;24;23.29
2022;11;Secretaria de Serviços Públicos e Obras;comissionados;147267.49;8;8;9.12
2022;11;Secretaria de Serviços Públicos e Obras;flexiveis;1084.8;1;1;0.07
2022;11;Secretaria de Urbanismo e Licenciamento;efetivos;1243086.76;138;121;73.76
2022;11;Secretaria de Urbanismo e Licenciamento;funcao_confianca;344554.89;27;25;20.44
2022;11;Secretaria de Urbanismo e Licenciamento;comissionados;55486.21;3;3;3.29
2022;11;Secretaria de Urbanismo e Licenciamento;flexiveis;42210.799999999996;38;38;2.5
2022;11;Secretaria do Meio Ambiente, Parques e Jardins;efetivos;553542.54;57;51;66.29
2022;11;Secretaria do Meio Ambiente, Parques e Jardins;funcao_confianca;222891.27;19;16;26.69
2022;11;Secretaria do Meio Ambiente, Parques e Jardins;comissionados;42502.91;2;2;5.09
2022;11;Secretaria do Meio Ambiente, Parques e Jardins;flexiveis;16078.08;16;16;1.93
2022;12;Inativos e Pensionistas (Encargos);inativos;2199443.73;511;266;100.0
2022;12;Secretaria da Cidadania;efetivos;1436934.75;278;124;52.19
2022;12;Secretaria da Cidadania;funcao_confianca;778292.65;90;43;28.27
2022;12;Secretaria da Cidadania;flexiveis;393579.81;59;30;14.29
2022;12;Secretaria da Cidadania;comissionados;144552.35;12;5;5.25
2022;12;Secretaria da Educação;efetivos;59230870.02;9752;4855;94.11
2022;12;Secretaria da Educação;flexiveis;2743821.1799999997;2231;2076;4.36
2022;12;Secretaria da Educação;funcao_confianca;901963.92;97;42;1.43
2022;12;Secretaria da Educação;comissionados;60006.83;4;2;0.1
2022;12;Secretaria da Fazenda;efetivos;1956277.8699999999;296;137;73.1
2022;12;Secretaria da Fazenda;funcao_confianca;693012.9;88;38;25.9
2022;12;Secretaria da Fazenda;flexiveis;26719.6;25;25;1.0
2022;12;Secretaria da Habitação e Regularização Fundiária;efetivos;254203.29;43;20;53.99
2022;12;Secretaria da Habitação e Regularização Fundiária;funcao_confianca;152317.3;19;9;32.35
2022;12;Secretaria da Habitação e Regularização Fundiária;comissionados;55944.979999999996;4;2;11.88
2022;12;Secretaria da Habitação e Regularização Fundiária;flexiveis;8389.119999999999;8;8;1.78
2022;12;Secretaria da Saúde;efetivos;36980419.42;4535;2063;84.99
2022;12;Secretaria da Saúde;funcao_confianca;4219535.48;343;150;9.7
2022;12;Secretaria da Saúde;flexiveis;2136024.22;181;98;4.91
2022;12;Secretaria da Saúde;comissionados;175531.39;14;7;0.4
2022;12;Secretaria de Administração;efetivos;1918308.47;332;152;61.27
2022;12;Secretaria de Administração;funcao_confianca;1032690.19;116;52;32.98
2022;12;Secretaria de Administração;comissionados;118238.74;10;4;3.78
2022;12;Secretaria de Administração;flexiveis;61879.439999999995;58;58;1.98
2022;12;Secretaria de Assuntos Jurídicos e Patrimônio;efetivos;2421742.13;216;100;78.5
2022;12;Secretaria de Assuntos Jurídicos e Patrimônio;funcao_confianca;594967.97;63;29;19.29
2022;12;Secretaria de Assuntos Jurídicos e Patrimônio;comissionados;61903.76000000001;5;2;2.01
2022;12;Secretaria de Assuntos Jurídicos e Patrimônio;flexiveis;6457.2;8;8;0.21
2022;12;Secretaria de Comunicação;funcao_confianca;190770.81;26;12;48.55
2022;12;Secretaria de Comunicação;comissionados;136966.6;11;5;34.86
2022;12;Secretaria de Comunicação;efetivos;61729.31;9;4;15.71
2022;12;Secretaria de Comunicação;flexiveis;3440.56;4;4;0.88
2022;12;Secretaria de Cultura;efetivos;423593.65;88;41;64.52
2022;12;Secretaria de Cultura;comissionados;109149.32;8;4;16.62
2022;12;Secretaria de Cultura;funcao_confianca;105378.48;12;6;16.05
2022;12;Secretaria de Cultura;flexiveis;18441.6;17;17;2.81
2022;12;Secretaria de Desenvolvimento Econômico, Trabalho e Turismo;efetivos;528706.41;91;41;58.09
2022;12;Secretaria de Desenvolvimento Econômico, Trabalho e Turismo;funcao_confianca;260788.07;31;14;28.65
2022;12;Secretaria de Desenvolvimento Econômico, Trabalho e Turismo;comissionados;109826.31;9;4;12.07
2022;12;Secretaria de Desenvolvimento Econômico, Trabalho e Turismo;flexiveis;10848.0;10;10;1.19
2022;12;Secretaria de Esportes e Lazer;efetivos;912064.3099999999;113;52;73.74
2022;12;Secretaria de Esportes e Lazer;funcao_confianca;226849.84;29;12;18.34
2022;12;Secretaria de Esportes e Lazer;comissionados;83562.62;6;3;6.76
2022;12;Secretaria de Esportes e Lazer;flexiveis;14393.039999999999;13;13;1.16
2022;12;Secretaria de Gabinete Central;efetivos;609642.55;65;29;45.58
2022;12;Secretaria de Gabinete Central;funcao_confianca;560828.58;52;24;41.93
2022;12;Secretaria de Gabinete Central;comissionados;158383.66;13;7;11.84
2022;12;Secretaria de Gabinete Central;flexiveis;8530.56;8;8;0.64
2022;12;Secretaria de Governo;funcao_confianca;579902.02;56;26;35.63
2022;12;Secretaria de Governo;efetivos;541312.32;43;20;33.26
2022;12;Secretaria de Governo;comissionados;478115.73000000004;41;20;29.38
2022;12;Secretaria de Governo;flexiveis;28031.04;26;26;1.72
2022;12;Secretaria de Mobilidade;efetivos;214806.27;19;8;58.44
2022;12;Secretaria de Mobilidade;funcao_confianca;125978.2;10;5;34.27
2022;12;Secretaria de Mobilidade;comissionados;26802.2;4;2;7.29
2022;12;Secretaria de Recursos Humanos;efetivos;798508.22;137;64;63.03
2022;12;Secretaria de Recursos Humanos;funcao_confianca;422848.22000000003;53;23;33.38
2022;12;Secretaria de Recursos Humanos;comissionados;35435.6;2;1;2.8
2022;12;Secretaria de Recursos Humanos;flexiveis;10153.199999999999;10;10;0.8
2022;12;Secretaria de Relações Institucionais e Metropolitanas;funcao_confianca;97854.76000000001;10;5;43.5
2022;12;Secretaria de Relações Institucionais e Metropolitanas;comissionados;95373.18000000001;8;4;42.4
2022;12;Secretaria de Relações Institucionais e Metropolitanas;efetivos;31703.47;6;3;14.09
2022;12;Secretaria de Segurança Urbana;efetivos;6391175.19;734;350;93.47
2022;12;Secretaria de Segurança Urbana;funcao_confianca;424477.96;35;15;6.21
2022;12;Secretaria de Segurança Urbana;comissionados;22222.25;2;1;0.32
2022;12;Secretaria de Serviços Públicos e Obras;efetivos;1435670.3599999999;246;118;70.05
2022;12;Secretaria de Serviços Públicos e Obras;funcao_confianca;432359.71;49;23;21.09
2022;12;Secretaria de Serviços Públicos e Obras;comissionados;180501.9;16;7;8.81
2022;12;Secretaria de Serviços Públicos e Obras;flexiveis;1084.8;1;1;0.05
2022;12;Secretaria de Urbanismo e Licenciamento;efetivos;1767104.88;253;123;74.31
2022;12;Secretaria de Urbanismo e Licenciamento;funcao_confianca;499590.12;57;25;21.01
2022;12;Secretaria de Urbanismo e Licenciamento;comissionados;72832.88;6;3;3.06
2022;12;Secretaria de Urbanismo e Licenciamento;flexiveis;38493.84;36;36;1.62
2022;12;Secretaria do Meio Ambiente, Parques e Jardins;efetivos;727648.76;99;44;65.94
2022;12;Secretaria do Meio Ambiente, Parques e Jardins;funcao_confianca;302788.98;36;16;27.44
2022;12;Secretaria do Meio Ambiente, Parques e Jardins;comissionados;55602.39;4;2;5.04
2022;12;Secretaria do Meio Ambiente, Parques e Jardins;flexiveis;17388.96;16;16;1.58
2023;1;Chefia do Poder Executivo;inativos;586950.18;172;172;100.0
2023;1;Secretaria da Cidadania;efetivos;773055.45;136;125;56.58
2023;1;Secretaria da Cidadania;funcao_confianca;385353.72;47;43;28.2
2023;1;Secretaria da Cidadania;flexiveis;147663.5;33;29;10.81
2023;1;Secretaria da Cidadania;comissionados;60267.47;5;5;4.41
2023;1;Secretaria da Educação;efetivos;37640950.75;8675;4737;95.3
2023;1;Secretaria da Educação;flexiveis;1377019.64;1572;1524;3.49
2023;1;Secretaria da Educação;funcao_confianca;436365.92;47;41;1.1
2023;1;Secretaria da Educação;comissionados;41108.2;2;1;0.1
2023;1;Secretaria da Fazenda;efetivos;1209928.12;153;141;72.89
2023;1;Secretaria da Fazenda;funcao_confianca;423574.63;38;36;25.52
2023;1;Secretaria da Fazenda;flexiveis;26324.559999999998;26;24;1.59
2023;1;Secretaria da Habitação e Regularização Fundiária;efetivos;154876.0;21;20;58.12
2023;1;Secretaria da Habitação e Regularização Fundiária;funcao_confianca;83675.32;11;9;31.4
2023;1;Secretaria da Habitação e Regularização Fundiária;comissionados;19379.579999999998;2;1;7.27
2023;1;Secretaria da Habitação e Regularização Fundiária;flexiveis;8561.36;8;8;3.21
2023;1;Secretaria da Saúde;efetivos;19358280.24;2265;2050;84.38
2023;1;Secretaria da Saúde;funcao_confianca;2312580.0;167;150;10.08
2023;1;Secretaria da Saúde;flexiveis;1174742.64;108;98;5.12
2023;1;Secretaria da Saúde;comissionados;96384.36;8;7;0.42
2023;1;Secretaria de Administração;efetivos;1078684.9000000001;165;153;62.63
2023;1;Secretaria de Administração;funcao_confianca;513294.19;62;52;29.8
2023;1;Secretaria de Administração;comissionados;73078.06;7;5;4.24
2023;1;Secretaria de Administração;flexiveis;57194.56;62;57;3.32
2023;1;Secretaria de Assuntos Jurídicos e Patrimônio;efetivos;1506931.8699999999;104;86;83.53
2023;1;Secretaria de Assuntos Jurídicos e Patrimônio;funcao_confianca;270606.29;29;25;15.0
2023;1;Secretaria de Assuntos Jurídicos e Patrimônio;comissionados;20309.47;2;1;1.13
2023;1;Secretaria de Assuntos Jurídicos e Patrimônio;flexiveis;6296.639999999999;7;7;0.35
2023;1;Secretaria de Comunicação;funcao_confianca;97039.77;12;12;43.11
2023;1;Secretaria de Comunicação;comissionados;84062.96;8;5;37.35
2023;1;Secretaria de Comunicação;efetivos;39990.83;6;4;17.77
2023;1;Secretaria de Comunicação;flexiveis;4002.8;3;3;1.78
2023;1;Secretaria de Cultura;efetivos;315561.51;46;41;67.79
2023;1;Secretaria de Cultura;comissionados;77860.81;5;4;16.73
2023;1;Secretaria de Cultura;funcao_confianca;52326.24;6;6;11.24
2023;1;Secretaria de Cultura;flexiveis;19762.0;19;17;4.25
2023;1;Secretaria de Desenvolvimento Econômico, Trabalho e Turismo;inativos;487458.91;93;93;50.15
2023;1;Secretaria de Desenvolvimento Econômico, Trabalho e Turismo;efetivos;278155.46;44;39;28.62
2023;1;Secretaria de Desenvolvimento Econômico, Trabalho e Turismo;funcao_confianca;126721.96;16;14;13.04
2023;1;Secretaria de Desenvolvimento Econômico, Trabalho e Turismo;comissionados;68797.46;6;5;7.08
2023;1;Secretaria de Desenvolvimento Econômico, Trabalho e Turismo;flexiveis;10810.8;11;10;1.11
2023;1;Secretaria de Esportes e Lazer;efetivos;466729.48;59;51;72.6
2023;1;Secretaria de Esportes e Lazer;funcao_confianca;115497.58;14;12;17.96
2023;1;Secretaria de Esportes e Lazer;comissionados;47861.630000000005;3;3;7.44
2023;1;Secretaria de Esportes e Lazer;flexiveis;12832.8;13;12;2.0
2023;1;Secretaria de Gabinete Central;efetivos;309168.74;33;30;46.66
2023;1;Secretaria de Gabinete Central;funcao_confianca;259763.12;25;24;39.21
2023;1;Secretaria de Gabinete Central;comissionados;85124.48000000001;7;7;12.85
2023;1;Secretaria de Gabinete Central;flexiveis;8481.279999999999;8;8;1.28
2023;1;Secretaria de Governo;efetivos;337514.46;39;33;34.65
2023;1;Secretaria de Governo;funcao_confianca;315602.95;31;29;32.4
2023;1;Secretaria de Governo;comissionados;296799.18;27;23;30.47
2023;1;Secretaria de Governo;flexiveis;24040.32;23;23;2.47
2023;1;Secretaria de Mobilidade;efetivos;97207.05;9;9;54.82
2023;1;Secretaria de Mobilidade;funcao_confianca;65898.48000000001;6;5;37.16
2023;1;Secretaria de Mobilidade;comissionados;14216.560000000001;2;2;8.02
2023;1;Secretaria de Planejamento e Desenvolvimento Urbano;efetivos;903850.08;132;123;72.7
2023;1;Secretaria de Planejamento e Desenvolvimento Urbano;funcao_confianca;245310.28;28;26;19.73
2023;1;Secretaria de Planejamento e Desenvolvimento Urbano;comissionados;51873.020000000004;4;3;4.17
2023;1;Secretaria de Planejamento e Desenvolvimento Urbano;flexiveis;42244.479999999996;36;33;3.4
2023;1;Secretaria de Recursos Humanos;efetivos;466239.83999999997;74;65;65.22
2023;1;Secretaria de Recursos Humanos;funcao_confianca;221137.03;26;23;30.93
2023;1;Secretaria de Recursos Humanos;comissionados;17617.8;1;1;2.46
2023;1;Secretaria de Recursos Humanos;flexiveis;9889.119999999999;13;11;1.38
2023;1;Secretaria de Relações Institucionais e Metropolitanas;comissionados;54174.65;4;4;47.27
2023;1;Secretaria de Relações Institucionais e Metropolitanas;funcao_confianca;41195.22;4;4;35.94
2023;1;Secretaria de Relações Institucionais e Metropolitanas;efetivos;19244.16;3;3;16.79
2023;1;Secretaria de Segurança Urbana;efetivos;3211555.36;378;351;94.25
2023;1;Secretaria de Segurança Urbana;funcao_confianca;178427.27;15;15;5.24
2023;1;Secretaria de Segurança Urbana;comissionados;17617.8;1;1;0.52
2023;1;Secretaria de Serviços Públicos e Obras;efetivos;814712.62;132;119;73.77
2023;1;Secretaria de Serviços Públicos e Obras;funcao_confianca;215299.84;25;23;19.5
2023;1;Secretaria de Serviços Públicos e Obras;comissionados;73260.56;6;6;6.63
2023;1;Secretaria de Serviços Públicos e Obras;flexiveis;1084.8;1;1;0.1
2023;1;Secretaria do Meio Ambiente, Parques e Jardins;efetivos;379793.42;45;43;63.67
2023;1;Secretaria do Meio Ambiente, Parques e Jardins;funcao_confianca;166715.54;18;16;27.95
2023;1;Secretaria do Meio Ambiente, Parques e Jardins;comissionados;29803.42;2;2;5.0
2023;1;Secretaria do Meio Ambiente, Parques e Jardins;flexiveis;20207.04;21;18;3.39
2023;2;Chefia do Poder Executivo;inativos;576855.92;170;170;100.0
2023;2;Secretaria da Cidadania;efetivos;1022340.08;203;161;56.42
2023;2;Secretaria da Cidadania;funcao_confianca;517102.45;51;45;28.54
2023;2;Secretaria da Cidadania;flexiveis;190253.69;34;29;10.5
2023;2;Secretaria da Cidadania;comissionados;82218.36;6;4;4.54
2023;2;Secretaria da Educação;efetivos;33639357.41;4886;4707;96.29
2023;2;Secretaria da Educação;flexiveis;693557.25;780;712;1.99
2023;2;Secretaria da Educação;funcao_confianca;570965.4400000001;48;42;1.63
2023;2;Secretaria da Educação;comissionados;33144.88;2;2;0.09
2023;2;Secretaria da Fazenda;efetivos;1261968.01;159;141;72.07
2023;2;Secretaria da Fazenda;funcao_confianca;463607.95;42;36;26.48
2023;2;Secretaria da Fazenda;flexiveis;25358.079999999998;26;26;1.45
2023;2;Secretaria da Habitação e Regularização Fundiária;efetivos;174201.77;21;20;52.22
2023;2;Secretaria da Habitação e Regularização Fundiária;funcao_confianca;99616.74;10;9;29.86
2023;2;Secretaria da Habitação e Regularização Fundiária;comissionados;53293.82;3;2;15.97
2023;2;Secretaria da Habitação e Regularização Fundiária;flexiveis;6508.799999999999;8;8;1.95
2023;2;Secretaria da Saúde;efetivos;22197059.54;2406;2044;83.9
2023;2;Secretaria da Saúde;funcao_confianca;2790449.1;180;151;10.55
2023;2;Secretaria da Saúde;flexiveis;1366287.69;118;103;5.16
2023;2;Secretaria da Saúde;comissionados;102473.01000000001;8;7;0.39
2023;2;Secretaria de Administração;efetivos;1160332.08;169;150;59.89
2023;2;Secretaria de Administração;funcao_confianca;636467.77;63;52;32.85
2023;2;Secretaria de Administração;comissionados;81414.86;6;5;4.2
2023;2;Secretaria de Administração;flexiveis;59099.119999999995;58;56;3.05
2023;2;Secretaria de Assuntos Jurídicos e Patrimônio;efetivos;1647286.54;94;85;82.06
2023;2;Secretaria de Assuntos Jurídicos e Patrimônio;funcao_confianca;339204.97;28;26;16.9
2023;2;Secretaria de Assuntos Jurídicos e Patrimônio;comissionados;15527.08;1;1;0.77
2023;2;Secretaria de Assuntos Jurídicos e Patrimônio;flexiveis;5428.799999999999;7;7;0.27
2023;2;Secretaria de Comunicação;funcao_confianca;135195.79;16;12;49.35
2023;2;Secretaria de Comunicação;comissionados;87692.15;6;5;32.01
2023;2;Secretaria de Comunicação;efetivos;45654.84;5;4;16.66
2023;2;Secretaria de Comunicação;flexiveis;5424.0;7;7;1.98
2023;2;Secretaria de Cultura;efetivos;251725.17;43;39;62.43
2023;2;Secretaria de Cultura;comissionados;69541.86;5;4;17.25
2023;2;Secretaria de Cultura;funcao_confianca;68237.51999999999;6;6;16.92
2023;2;Secretaria de Cultura;flexiveis;13692.88;15;15;3.4
2023;2;Secretaria de Desenvolvimento Econômico, Trabalho e Turismo;inativos;474797.83;92;92;47.76
2023;2;Secretaria de Desenvolvimento Econômico, Trabalho e Turismo;efetivos;284443.8;41;36;28.61
2023;2;Secretaria de Desenvolvimento Econômico, Trabalho e Turismo;funcao_confianca;159985.12;15;14;16.09
2023;2;Secretaria de Desenvolvimento Econômico, Trabalho e Turismo;comissionados;66380.73999999999;5;4;6.68
2023;2;Secretaria de Desenvolvimento Econômico, Trabalho e Turismo;flexiveis;8549.84;10;10;0.86
2023;2;Secretaria de Esportes e Lazer;efetivos;515266.15;57;49;74.97
2023;2;Secretaria de Esportes e Lazer;funcao_confianca;122339.76;12;12;17.8
2023;2;Secretaria de Esportes e Lazer;comissionados;38027.06;3;2;5.53
2023;2;Secretaria de Esportes e Lazer;flexiveis;11679.68;13;13;1.7
2023;2;Secretaria de Gabinete Central;efetivos;429840.17;36;30;49.96
2023;2;Secretaria de Gabinete Central;funcao_confianca;325012.95;26;21;37.78
2023;2;Secretaria de Gabinete Central;comissionados;96987.78;7;6;11.27
2023;2;Secretaria de Gabinete Central;flexiveis;8549.84;8;8;0.99
2023;2;Secretaria de Governo;efetivos;418827.54;39;34;33.97
2023;2;Secretaria de Governo;comissionados;395367.09;26;25;32.06
2023;2;Secretaria de Governo;funcao_confianca;391686.74;34;29;31.77
2023;2;Secretaria de Governo;flexiveis;27164.0;27;27;2.2
2023;2;Secretaria de Mobilidade;efetivos;124204.64;10;8;49.31
2023;2;Secretaria de Mobilidade;funcao_confianca;100222.01000000001;6;5;39.79
2023;2;Secretaria de Mobilidade;comissionados;26858.77;2;2;10.66
2023;2;Secretaria de Mobilidade;flexiveis;578.56;1;1;0.23
2023;2;Secretaria de Planejamento e Desenvolvimento Urbano;efetivos;1057051.91;157;123;74.17
2023;2;Secretaria de Planejamento e Desenvolvimento Urbano;funcao_confianca;305299.42;27;25;21.42
2023;2;Secretaria de Planejamento e Desenvolvimento Urbano;flexiveis;32037.76;30;30;2.25
2023;2;Secretaria de Planejamento e Desenvolvimento Urbano;comissionados;30707.76;2;2;2.15
2023;2;Secretaria de Recursos Humanos;efetivos;520506.09;71;64;63.9
2023;2;Secretaria de Recursos Humanos;funcao_confianca;264340.44;26;23;32.45
2023;2;Secretaria de Recursos Humanos;comissionados;17617.8;1;1;2.16
2023;2;Secretaria de Recursos Humanos;flexiveis;12035.68;11;11;1.48
2023;2;Secretaria de Relações Institucionais e Metropolitanas;funcao_confianca;52867.49;5;4;46.09
2023;2;Secretaria de Relações Institucionais e Metropolitanas;comissionados;49546.02;4;4;43.2
2023;2;Secretaria de Relações Institucionais e Metropolitanas;efetivos;12282.58;1;1;10.71
2023;2;Secretaria de Segurança Urbana;efetivos;4008515.39;394;351;92.81
2023;2;Secretaria de Segurança Urbana;funcao_confianca;292896.37;16;15;6.78
2023;2;Secretaria de Segurança Urbana;comissionados;17617.8;1;1;0.41
2023;2;Secretaria de Serviços Públicos e Obras;efetivos;897631.25;131;118;70.4
2023;2;Secretaria de Serviços Públicos e Obras;funcao_confianca;266822.37;24;23;20.93
2023;2;Secretaria de Serviços Públicos e Obras;comissionados;109458.89;8;6;8.59
2023;2;Secretaria de Serviços Públicos e Obras;flexiveis;1084.8;1;1;0.09
2023;2;Secretaria do Meio Ambiente, Parques e Jardins;efetivos;432984.85;48;44;62.85
2023;2;Secretaria do Meio Ambiente, Parques e Jardins;funcao_confianca;204374.42;19;16;29.67
2023;2;Secretaria do Meio Ambiente, Parques e Jardins;comissionados;33192.32;2;2;4.82
2023;2;Secretaria do Meio Ambiente, Parques e Jardins;flexiveis;18386.72;19;19;2.67
2023;3;Chefia do Poder Executivo;inativos;706118.69;170;169;100.0
2023;3;Secretaria da Cidadania;efetivos;1191432.49;187;164;61.94
2023;3;Secretaria da Cidadania;funcao_confianca;491754.85;49;46;25.57
2023;3;Secretaria da Cidadania;flexiveis;172475.6;32;29;8.97
2023;3;Secretaria da Cidadania;comissionados;67861.37;5;4;3.53
2023;3;Secretaria da Educação;efetivos;38987396.94;5298;4982;93.32
2023;3;Secretaria da Educação;flexiveis;2209628.64;2010;1954;5.29
2023;3;Secretaria da Educação;funcao_confianca;547138.97;47;41;1.31
2023;3;Secretaria da Educação;comissionados;33211.31;2;2;0.08
2023;3;Secretaria da Fazenda;efetivos;1336430.84;162;142;74.09
2023;3;Secretaria da Fazenda;funcao_confianca;437858.28;42;36;24.27
2023;3;Secretaria da Fazenda;flexiveis;29570.879999999997;28;28;1.64
2023;3;Secretaria da Habitação e Regularização Fundiária;efetivos;190045.12;21;19;60.28
2023;3;Secretaria da Habitação e Regularização Fundiária;funcao_confianca;91668.77;11;9;29.08
2023;3;Secretaria da Habitação e Regularização Fundiária;comissionados;24872.940000000002;2;2;7.89
2023;3;Secretaria da Habitação e Regularização Fundiária;flexiveis;8680.32;9;9;2.75
2023;3;Secretaria da Saúde;efetivos;23188082.21;2361;2046;84.79
2023;3;Secretaria da Saúde;funcao_confianca;2773952.61;181;154;10.14
2023;3;Secretaria da Saúde;flexiveis;1249032.81;111;105;4.57
2023;3;Secretaria da Saúde;comissionados;135360.42;9;8;0.49
2023;3;Secretaria de Administração;efetivos;1353120.3;168;152;65.33
2023;3;Secretaria de Administração;funcao_confianca;597556.64;60;50;28.85
2023;3;Secretaria de Administração;comissionados;64207.52;4;4;3.1
2023;3;Secretaria de Administração;flexiveis;56197.759999999995;54;53;2.71
2023;3;Secretaria de Assuntos Jurídicos e Patrimônio;efetivos;1611861.56;94;84;82.08
2023;3;Secretaria de Assuntos Jurídicos e Patrimônio;funcao_confianca;330626.64;29;26;16.84
2023;3;Secretaria de Assuntos Jurídicos e Patrimônio;comissionados;14772.64;1;1;0.75
2023;3;Secretaria de Assuntos Jurídicos e Patrimônio;flexiveis;6623.04;8;7;0.34
2023;3;Secretaria de Comunicação;funcao_confianca;140407.52;14;12;52.03
2023;3;Secretaria de Comunicação;comissionados;83580.45999999999;6;5;30.97
2023;3;Secretaria de Comunicação;efetivos;40427.229999999996;4;4;14.98
2023;3;Secretaria de Comunicação;flexiveis;5424.0;7;7;2.01
2023;3;Secretaria de Cultura;efetivos;279060.45;48;39;64.23
2023;3;Secretaria de Cultura;funcao_confianca;70414.05;8;6;16.21
2023;3;Secretaria de Cultura;comissionados;67440.6;5;4;15.52
2023;3;Secretaria de Cultura;flexiveis;17560.96;18;16;4.04
2023;3;Secretaria de Desenvolvimento Econômico, Trabalho e Turismo;inativos;618033.8;95;92;51.85
2023;3;Secretaria de Desenvolvimento Econômico, Trabalho e Turismo;efetivos;327463.51;40;37;27.47
2023;3;Secretaria de Desenvolvimento Econômico, Trabalho e Turismo;funcao_confianca;160967.51;17;14;13.5
2023;3;Secretaria de Desenvolvimento Econômico, Trabalho e Turismo;comissionados;76904.26000000001;6;5;6.45
2023;3;Secretaria de Desenvolvimento Econômico, Trabalho e Turismo;flexiveis;8678.4;9;9;0.73
2023;3;Secretaria de Esportes e Lazer;efetivos;559837.28;56;51;76.19
2023;3;Secretaria de Esportes e Lazer;funcao_confianca;128028.59999999999;13;12;17.42
2023;3;Secretaria de Esportes e Lazer;comissionados;29074.9;2;2;3.96
2023;3;Secretaria de Esportes e Lazer;flexiveis;17896.8;15;13;2.44
2023;3;Secretaria de Gabinete Central;efetivos;408213.13;35;33;45.62
2023;3;Secretaria de Gabinete Central;funcao_confianca;378435.5;28;24;42.29
2023;3;Secretaria de Gabinete Central;comissionados;98711.93;7;7;11.03
2023;3;Secretaria de Gabinete Central;flexiveis;9495.359999999999;10;10;1.06
2023;3;Secretaria de Governo;efetivos;436504.76;39;33;37.58
2023;3;Secretaria de Governo;comissionados;386088.04;27;24;33.24
2023;3;Secretaria de Governo;funcao_confianca;301774.48;28;25;25.98
2023;3;Secretaria de Governo;flexiveis;37269.52;39;37;3.21
2023;3;Secretaria de Mobilidade;efetivos;113603.34;8;8;48.67
2023;3;Secretaria de Mobilidade;funcao_confianca;86332.03;7;5;36.99
2023;3;Secretaria de Mobilidade;comissionados;28016.57;2;2;12.0
2023;3;Secretaria de Mobilidade;flexiveis;5460.16;8;7;2.34
2023;3;Secretaria de Planejamento e Desenvolvimento Urbano;efetivos;1154771.52;141;122;76.12
2023;3;Secretaria de Planejamento e Desenvolvimento Urbano;funcao_confianca;292553.38;28;25;19.29
2023;3;Secretaria de Planejamento e Desenvolvimento Urbano;flexiveis;37309.119999999995;34;33;2.46
2023;3;Secretaria de Planejamento e Desenvolvimento Urbano;comissionados;32351.239999999998;2;2;2.13
2023;3;Secretaria de Recursos Humanos;efetivos;646376.46;77;63;67.53
2023;3;Secretaria de Recursos Humanos;funcao_confianca;268663.29;28;23;28.07
2023;3;Secretaria de Recursos Humanos;comissionados;30341.760000000002;2;2;3.17
2023;3;Secretaria de Recursos Humanos;flexiveis;11793.52;13;13;1.23
2023;3;Secretaria de Relações Institucionais e Metropolitanas;comissionados;72945.39;5;5;57.09
2023;3;Secretaria de Relações Institucionais e Metropolitanas;funcao_confianca;43590.6;4;4;34.12
2023;3;Secretaria de Relações Institucionais e Metropolitanas;efetivos;11226.45;1;1;8.79
2023;3;Secretaria de Segurança Urbana;efetivos;4043586.63;396;350;93.59
2023;3;Secretaria de Segurança Urbana;funcao_confianca;259139.16;20;15;6.0
2023;3;Secretaria de Segurança Urbana;comissionados;17617.8;1;1;0.41
2023;3;Secretaria de Serviços Públicos e Obras;efetivos;1005918.26;133;116;71.72
2023;3;Secretaria de Serviços Públicos e Obras;funcao_confianca;267275.9;25;23;19.06
2023;3;Secretaria de Serviços Públicos e Obras;comissionados;127141.06;9;8;9.06
2023;3;Secretaria de Serviços Públicos e Obras;flexiveis;2314.24;3;3;0.16
2023;3;Secretaria do Meio Ambiente, Parques e Jardins;efetivos;550058.76;50;45;70.02
2023;3;Secretaria do Meio Ambiente, Parques e Jardins;funcao_confianca;184008.7;19;16;23.42
2023;3;Secretaria do Meio Ambiente, Parques e Jardins;comissionados;31920.059999999998;2;2;4.06
2023;3;Secretaria do Meio Ambiente, Parques e Jardins;flexiveis;19616.399999999998;18;17;2.5
2023;4;Chefia do Poder Executivo;inativos;604975.54;168;168;100.0
2023;4;Secretaria da Cidadania;efetivos;1084000.68;280;166;61.33
2023;4;Secretaria da Cidadania;funcao_confianca;442396.83;64;45;25.03
2023;4;Secretaria da Cidadania;flexiveis;175709.31999999998;29;27;9.94
2023;4;Secretaria da Cidadania;comissionados;65315.119999999995;5;5;3.7
2023;4;Secretaria da Educação;efetivos;32279885.05;7441;5036;89.19
2023;4;Secretaria da Educação;flexiveis;3423895.78;2576;2541;9.46
2023;4;Secretaria da Educação;funcao_confianca;457003.43;53;40;1.26
2023;4;Secretaria da Educação;comissionados;30508.97;2;2;0.08
2023;4;Secretaria da Fazenda;efetivos;1108705.49;247;142;73.39
2023;4;Secretaria da Fazenda;funcao_confianca;356058.32;47;36;23.57
2023;4;Secretaria da Fazenda;flexiveis;27870.0;27;27;1.84
2023;4;Secretaria da Fazenda;comissionados;18047.64;2;2;1.19
2023;4;Secretaria da Habitação e Regularização Fundiária;efetivos;158396.01;28;19;56.8
2023;4;Secretaria da Habitação e Regularização Fundiária;funcao_confianca;82358.55;13;9;29.53
2023;4;Secretaria da Habitação e Regularização Fundiária;comissionados;30508.97;2;2;10.94
2023;4;Secretaria da Habitação e Regularização Fundiária;flexiveis;7593.599999999999;7;7;2.72
2023;4;Secretaria da Saúde;efetivos;20462677.580000002;3578;2049;84.76
2023;4;Secretaria da Saúde;funcao_confianca;2357030.41;226;150;9.76
2023;4;Secretaria da Saúde;flexiveis;1214134.54;115;111;5.03
2023;4;Secretaria da Saúde;comissionados;108314.37;9;9;0.45
2023;4;Secretaria de Administração;efetivos;1287695.69;265;151;66.26
2023;4;Secretaria de Administração;funcao_confianca;531644.75;69;51;27.36
2023;4;Secretaria de Administração;comissionados;68036.39;5;5;3.5
2023;4;Secretaria de Administração;flexiveis;56086.32;56;56;2.89
2023;4;Secretaria de Assuntos Jurídicos e Patrimônio;efetivos;1403763.22;123;83;81.46
2023;4;Secretaria de Assuntos Jurídicos e Patrimônio;funcao_confianca;302890.95;32;26;17.58
2023;4;Secretaria de Assuntos Jurídicos e Patrimônio;comissionados;12891.17;1;1;0.75
2023;4;Secretaria de Assuntos Jurídicos e Patrimônio;flexiveis;3700.3199999999997;5;5;0.21
2023;4;Secretaria de Comunicação;funcao_confianca;170154.28;20;12;60.94
2023;4;Secretaria de Comunicação;comissionados;69182.48;5;5;24.78
2023;4;Secretaria de Comunicação;efetivos;34462.57;7;4;12.34
2023;4;Secretaria de Comunicação;flexiveis;5424.0;7;7;1.94
2023;4;Secretaria de Cultura;efetivos;229636.84;70;39;64.2
2023;4;Secretaria de Cultura;funcao_confianca;57341.71;8;6;16.03
2023;4;Secretaria de Cultura;comissionados;56291.3;4;4;15.74
2023;4;Secretaria de Cultura;flexiveis;14441.52;15;15;4.04
2023;4;Secretaria de Desenvolvimento Econômico, Trabalho e Turismo;inativos;496473.39;91;91;48.67
2023;4;Secretaria de Desenvolvimento Econômico, Trabalho e Turismo;efetivos;293328.35;67;36;28.76
2023;4;Secretaria de Desenvolvimento Econômico, Trabalho e Turismo;funcao_confianca;146026.35;18;14;14.32
2023;4;Secretaria de Desenvolvimento Econômico, Trabalho e Turismo;comissionados;72147.33;5;5;7.07
2023;4;Secretaria de Desenvolvimento Econômico, Trabalho e Turismo;flexiveis;12077.44;13;13;1.18
2023;4;Secretaria de Esportes e Lazer;efetivos;485087.12;74;51;77.14
2023;4;Secretaria de Esportes e Lazer;funcao_confianca;99382.41;16;12;15.8
2023;4;Secretaria de Esportes e Lazer;comissionados;25782.34;2;2;4.1
2023;4;Secretaria de Esportes e Lazer;flexiveis;18622.4;16;15;2.96
2023;4;Secretaria de Gabinete Central;efetivos;362611.72;56;34;45.08
2023;4;Secretaria de Gabinete Central;funcao_confianca;338740.12;35;25;42.11
2023;4;Secretaria de Gabinete Central;comissionados;93328.73;7;7;11.6
2023;4;Secretaria de Gabinete Central;flexiveis;9668.4;9;9;1.2
2023;4;Secretaria de Governo;comissionados;426584.07;31;28;39.49
2023;4;Secretaria de Governo;efetivos;352286.39;51;31;32.61
2023;4;Secretaria de Governo;funcao_confianca;261801.18;31;24;24.23
2023;4;Secretaria de Governo;flexiveis;39678.799999999996;38;36;3.67
2023;4;Secretaria de Mobilidade;efetivos;98887.46;10;8;49.69
2023;4;Secretaria de Mobilidade;funcao_confianca;64629.04;9;5;32.48
2023;4;Secretaria de Mobilidade;comissionados;25782.34;2;2;12.96
2023;4;Secretaria de Mobilidade;flexiveis;9690.88;10;10;4.87
2023;4;Secretaria de Planejamento e Desenvolvimento Urbano;efetivos;1068272.1;208;119;75.99
2023;4;Secretaria de Planejamento e Desenvolvimento Urbano;funcao_confianca;258540.21;39;24;18.39
2023;4;Secretaria de Planejamento e Desenvolvimento Urbano;comissionados;39532.78999999999;3;3;2.81
2023;4;Secretaria de Planejamento e Desenvolvimento Urbano;flexiveis;39412.0;38;38;2.8
2023;4;Secretaria de Recursos Humanos;efetivos;504684.17;105;62;64.72
2023;4;Secretaria de Recursos Humanos;funcao_confianca;241709.34;31;23;31.0
2023;4;Secretaria de Recursos Humanos;comissionados;19966.84;2;2;2.56
2023;4;Secretaria de Recursos Humanos;flexiveis;13439.199999999999;15;15;1.72
2023;4;Secretaria de Relações Institucionais e Metropolitanas;comissionados;69182.48;5;5;58.27
2023;4;Secretaria de Relações Institucionais e Metropolitanas;funcao_confianca;39421.69;5;4;33.2
2023;4;Secretaria de Relações Institucionais e Metropolitanas;efetivos;10118.82;1;1;8.52
2023;4;Secretaria de Segurança Urbana;efetivos;3425500.25;690;351;91.86
2023;4;Secretaria de Segurança Urbana;funcao_confianca;285873.37;20;15;7.67
2023;4;Secretaria de Segurança Urbana;comissionados;17617.8;1;1;0.47
2023;4;Secretaria de Serviços Públicos e Obras;efetivos;736426.78;184;104;69.84
2023;4;Secretaria de Serviços Públicos e Obras;funcao_confianca;197126.76;25;20;18.7
2023;4;Secretaria de Serviços Públicos e Obras;comissionados;117596.01;10;9;11.15
2023;4;Secretaria de Serviços Públicos e Obras;flexiveis;3254.3999999999996;3;3;0.31
2023;4;Secretaria do Meio Ambiente, Parques e Jardins;efetivos;516453.26;97;57;66.68
2023;4;Secretaria do Meio Ambiente, Parques e Jardins;funcao_confianca;199332.0;26;19;25.74
2023;4;Secretaria do Meio Ambiente, Parques e Jardins;comissionados;40545.46;4;3;5.24
2023;4;Secretaria do Meio Ambiente, Parques e Jardins;flexiveis;18158.239999999998;18;17;2.34
2023;5;Chefia do Poder Executivo;inativos;611177.17;168;168;100.0
2023;5;Secretaria da Cidadania;efetivos;1082274.77;189;175;59.91
2023;5;Secretaria da Cidadania;funcao_confianca;413846.71;47;43;22.91
2023;5;Secretaria da Cidadania;flexiveis;202616.69;31;27;11.22
2023;5;Secretaria da Cidadania;comissionados;107906.57;8;7;5.97
2023;5;Secretaria da Educação;efetivos;32784415.47;5307;5133;90.83
2023;5;Secretaria da Educação;flexiveis;2815173.31;2447;2380;7.8
2023;5;Secretaria da Educação;funcao_confianca;464590.82;46;40;1.29
2023;5;Secretaria da Educação;comissionados;30508.97;2;2;0.08
2023;5;Secretaria da Fazenda;efetivos;1098558.23;159;141;72.96
2023;5;Secretaria da Fazenda;funcao_confianca;352866.84;42;36;23.44
2023;5;Secretaria da Fazenda;flexiveis;27720.0;26;26;1.84
2023;5;Secretaria da Fazenda;comissionados;26530.35;2;2;1.76
2023;5;Secretaria da Habitação e Regularização Fundiária;efetivos;170163.75;21;20;58.41
2023;5;Secretaria da Habitação e Regularização Fundiária;funcao_confianca;82161.93;10;9;28.2
2023;5;Secretaria da Habitação e Regularização Fundiária;comissionados;30508.97;2;2;10.47
2023;5;Secretaria da Habitação e Regularização Fundiária;flexiveis;8512.88;8;8;2.92
2023;5;Secretaria da Saúde;efetivos;20836250.39;2379;2073;85.35
2023;5;Secretaria da Saúde;funcao_confianca;2259154.04;168;152;9.25
2023;5;Secretaria da Saúde;flexiveis;1168527.41;112;107;4.79
2023;5;Secretaria da Saúde;comissionados;148892.82;11;10;0.61
2023;5;Secretaria de Administração;efetivos;1152560.49;186;160;62.34
2023;5;Secretaria de Administração;funcao_confianca;523982.48;58;50;28.34
2023;5;Secretaria de Administração;comissionados;112009.08;6;6;6.06
2023;5;Secretaria de Administração;flexiveis;60300.159999999996;57;56;3.26
2023;5;Secretaria de Assuntos Jurídicos e Patrimônio;efetivos;1301624.66;95;88;80.53
2023;5;Secretaria de Assuntos Jurídicos e Patrimônio;funcao_confianca;295728.9;28;26;18.3
2023;5;Secretaria de Assuntos Jurídicos e Patrimônio;comissionados;12891.17;1;1;0.8
2023;5;Secretaria de Assuntos Jurídicos e Patrimônio;flexiveis;6136.799999999999;7;7;0.38
2023;5;Secretaria de Comunicação;funcao_confianca;105954.39;13;12;46.74
2023;5;Secretaria de Comunicação;comissionados;76126.51;6;5;33.58
2023;5;Secretaria de Comunicação;efetivos;36915.2;6;5;16.28
2023;5;Secretaria de Comunicação;flexiveis;7712.799999999999;7;7;3.4
2023;5;Secretaria de Cultura;efetivos;229940.88;46;39;59.67
2023;5;Secretaria de Cultura;comissionados;77974.25;6;5;20.24
2023;5;Secretaria de Cultura;funcao_confianca;61825.41;7;6;16.04
2023;5;Secretaria de Cultura;flexiveis;15584.96;15;15;4.04
2023;5;Secretaria de Desenvolvimento Econômico, Trabalho e Turismo;inativos;494334.97;91;91;50.27
2023;5;Secretaria de Desenvolvimento Econômico, Trabalho e Turismo;efetivos;261851.66;42;40;26.63
2023;5;Secretaria de Desenvolvimento Econômico, Trabalho e Turismo;funcao_confianca;140180.92;17;15;14.26
2023;5;Secretaria de Desenvolvimento Econômico, Trabalho e Turismo;comissionados;73909.1;5;5;7.52
2023;5;Secretaria de Desenvolvimento Econômico, Trabalho e Turismo;flexiveis;13017.599999999999;12;12;1.32
2023;5;Secretaria de Esportes e Lazer;efetivos;465875.86;56;54;78.06
2023;5;Secretaria de Esportes e Lazer;funcao_confianca;88410.66;12;11;14.81
2023;5;Secretaria de Esportes e Lazer;comissionados;25782.34;2;2;4.32
2023;5;Secretaria de Esportes e Lazer;flexiveis;16745.04;15;15;2.81
2023;5;Secretaria de Gabinete Central;efetivos;400875.55;51;44;48.43
2023;5;Secretaria de Gabinete Central;funcao_confianca;305176.62;29;25;36.86
2023;5;Secretaria de Gabinete Central;comissionados;113095.19;8;8;13.66
2023;5;Secretaria de Gabinete Central;flexiveis;8678.4;8;8;1.05
2023;5;Secretaria de Governo;comissionados;423086.66;32;31;34.73
2023;5;Secretaria de Governo;efetivos;420324.36;41;38;34.5
2023;5;Secretaria de Governo;funcao_confianca;337074.73000000004;34;26;27.67
2023;5;Secretaria de Governo;flexiveis;37693.76;37;36;3.09
2023;5;Secretaria de Mobilidade;efetivos;129443.94;13;9;48.27
2023;5;Secretaria de Mobilidade;funcao_confianca;67374.16;5;5;25.12
2023;5;Secretaria de Mobilidade;comissionados;60516.829999999994;3;3;22.57
2023;5;Secretaria de Mobilidade;flexiveis;10848.0;10;10;4.05
2023;5;Secretaria de Planejamento e Desenvolvimento Urbano;efetivos;989014.45;137;119;74.56
2023;5;Secretaria de Planejamento e Desenvolvimento Urbano;funcao_confianca;259955.35;27;24;19.6
2023;5;Secretaria de Planejamento e Desenvolvimento Urbano;flexiveis;40609.6;39;39;3.06
2023;5;Secretaria de Planejamento e Desenvolvimento Urbano;comissionados;36940.28;3;3;2.78
2023;5;Secretaria de Recursos Humanos;efetivos;475102.83;77;69;63.98
2023;5;Secretaria de Recursos Humanos;funcao_confianca;232882.99;24;22;31.36
2023;5;Secretaria de Recursos Humanos;comissionados;17617.8;1;1;2.37
2023;5;Secretaria de Recursos Humanos;flexiveis;16979.68;18;18;2.29
2023;5;Secretaria de Relações Institucionais e Metropolitanas;comissionados;80927.92;7;6;62.07
2023;5;Secretaria de Relações Institucionais e Metropolitanas;funcao_confianca;39247.979999999996;4;4;30.1
2023;5;Secretaria de Relações Institucionais e Metropolitanas;efetivos;10207.58;1;1;7.83
2023;5;Secretaria de Segurança Urbana;efetivos;3476937.79;368;349;91.29
2023;5;Secretaria de Segurança Urbana;funcao_confianca;301584.06;18;15;7.92
2023;5;Secretaria de Segurança Urbana;comissionados;30079.26;2;2;0.79
2023;5;Secretaria de Serviços Públicos e Obras;efetivos;720359.56;120;108;67.79
2023;5;Secretaria de Serviços Públicos e Obras;funcao_confianca;214340.83000000002;25;21;20.17
2023;5;Secretaria de Serviços Públicos e Obras;comissionados;124614.51;10;10;11.73
2023;5;Secretaria de Serviços Públicos e Obras;flexiveis;3254.3999999999996;3;3;0.31
2023;5;Secretaria do Meio Ambiente, Parques e Jardins;efetivos;534498.85;76;66;64.85
2023;5;Secretaria do Meio Ambiente, Parques e Jardins;funcao_confianca;184131.87;22;19;22.34
2023;5;Secretaria do Meio Ambiente, Parques e Jardins;comissionados;86419.72;4;4;10.49
2023;5;Secretaria do Meio Ambiente, Parques e Jardins;flexiveis;19128.64;19;18;2.32
2023;6;Chefia do Poder Executivo;inativos;602825.89;167;167;100.0
2023;6;Secretaria da Cidadania;efetivos;1161636.99;200;181;63.93
2023;6;Secretaria da Cidadania;funcao_confianca;385941.1;45;38;21.24
2023;6;Secretaria da Cidadania;flexiveis;174510.63;28;27;9.6
2023;6;Secretaria da Cidadania;comissionados;94964.81;7;7;5.23
2023;6;Secretaria da Educação;efetivos;34450490.5;5321;5239;89.95
2023;6;Secretaria da Educação;flexiveis;3273954.33;2544;2496;8.55
2023;6;Secretaria da Educação;funcao_confianca;529975.89;51;45;1.38
2023;6;Secretaria da Educação;comissionados;44015.95;3;3;0.11
2023;6;Secretaria da Fazenda;efetivos;1191329.43;173;141;73.89
2023;6;Secretaria da Fazenda;funcao_confianca;355233.3;38;34;22.03
2023;6;Secretaria da Fazenda;comissionados;38673.5;3;3;2.4
2023;6;Secretaria da Fazenda;flexiveis;27120.0;25;25;1.68
2023;6;Secretaria da Habitação e Regularização Fundiária;efetivos;163896.08;24;21;55.0
2023;6;Secretaria da Habitação e Regularização Fundiária;funcao_confianca;83829.98;9;8;28.13
2023;6;Secretaria da Habitação e Regularização Fundiária;comissionados;41681.32;3;3;13.99
2023;6;Secretaria da Habitação e Regularização Fundiária;flexiveis;8567.52;8;8;2.88
2023;6;Secretaria da Saúde;efetivos;21473273.43;2352;2087;85.78
2023;6;Secretaria da Saúde;funcao_confianca;2270715.54;170;150;9.07
2023;6;Secretaria da Saúde;flexiveis;1119515.94;110;107;4.47
2023;6;Secretaria da Saúde;comissionados;170715.98;14;12;0.68
2023;6;Secretaria de Administração;efetivos;1167724.38;182;161;63.77
2023;6;Secretaria de Administração;funcao_confianca;540939.24;58;51;29.54
2023;6;Secretaria de Administração;comissionados;61530.509999999995;4;4;3.36
2023;6;Secretaria de Administração;flexiveis;60944.399999999994;62;62;3.33
2023;6;Secretaria de Assuntos Jurídicos e Patrimônio;efetivos;1443840.64;100;89;80.25
2023;6;Secretaria de Assuntos Jurídicos e Patrimônio;funcao_confianca;336264.42;30;26;18.69
2023;6;Secretaria de Assuntos Jurídicos e Patrimônio;comissionados;12891.17;1;1;0.72
2023;6;Secretaria de Assuntos Jurídicos e Patrimônio;flexiveis;6097.92;6;6;0.34
2023;6;Secretaria de Comunicação;funcao_confianca;112051.93;14;12;47.22
2023;6;Secretaria de Comunicação;comissionados;69182.48;5;5;29.15
2023;6;Secretaria de Comunicação;efetivos;50075.53;6;5;21.1
2023;6;Secretaria de Comunicação;flexiveis;5989.2;5;5;2.52
2023;6;Secretaria de Cultura;efetivos;221072.99;43;40;57.62
2023;6;Secretaria de Cultura;comissionados;77991.38;6;5;20.33
2023;6;Secretaria de Cultura;funcao_confianca;63927.19;7;6;16.66
2023;6;Secretaria de Cultura;flexiveis;20654.64;24;21;5.38
2023;6;Secretaria de Desenvolvimento Econômico, Trabalho e Turismo;inativos;495877.1;91;91;48.31
2023;6;Secretaria de Desenvolvimento Econômico, Trabalho e Turismo;efetivos;295488.33999999997;45;40;28.79
2023;6;Secretaria de Desenvolvimento Econômico, Trabalho e Turismo;funcao_confianca;148831.97;17;15;14.5
2023;6;Secretaria de Desenvolvimento Econômico, Trabalho e Turismo;comissionados;73909.11;5;5;7.2
2023;6;Secretaria de Desenvolvimento Econômico, Trabalho e Turismo;flexiveis;12258.24;12;12;1.19
2023;6;Secretaria de Esportes e Lazer;efetivos;515526.41;59;54;73.44
2023;6;Secretaria de Esportes e Lazer;funcao_confianca;128396.36;14;12;18.29
2023;6;Secretaria de Esportes e Lazer;comissionados;43400.14;3;3;6.18
2023;6;Secretaria de Esportes e Lazer;flexiveis;14644.8;14;14;2.09
2023;6;Secretaria de Gabinete Central;efetivos;388464.32;46;44;47.8
2023;6;Secretaria de Gabinete Central;funcao_confianca;315405.85;28;25;38.81
2023;6;Secretaria de Gabinete Central;comissionados;100204.01999999999;7;7;12.33
2023;6;Secretaria de Gabinete Central;flexiveis;8678.4;8;8;1.07
2023;6;Secretaria de Governo;efetivos;412284.79;41;36;33.91
2023;6;Secretaria de Governo;comissionados;404511.43;30;28;33.27
2023;6;Secretaria de Governo;funcao_confianca;359816.89;31;29;29.59
2023;6;Secretaria de Governo;flexiveis;39322.64;34;33;3.23
2023;6;Secretaria de Mobilidade;efetivos;115630.01;10;9;49.5
2023;6;Secretaria de Mobilidade;funcao_confianca;81943.47;6;5;35.08
2023;6;Secretaria de Mobilidade;comissionados;25782.34;2;2;11.04
2023;6;Secretaria de Mobilidade;flexiveis;10243.199999999999;11;10;4.38
2023;6;Secretaria de Planejamento e Desenvolvimento Urbano;efetivos;929452.51;136;119;73.64
2023;6;Secretaria de Planejamento e Desenvolvimento Urbano;funcao_confianca;249953.5;28;24;19.8
2023;6;Secretaria de Planejamento e Desenvolvimento Urbano;comissionados;43400.13;3;3;3.44
2023;6;Secretaria de Planejamento e Desenvolvimento Urbano;flexiveis;39292.799999999996;37;37;3.11
2023;6;Secretaria de Recursos Humanos;efetivos;510407.05;85;75;67.57
2023;6;Secretaria de Recursos Humanos;funcao_confianca;207927.5;22;21;27.53
2023;6;Secretaria de Recursos Humanos;flexiveis;19389.28;21;21;2.57
2023;6;Secretaria de Recursos Humanos;comissionados;17617.8;1;1;2.33
2023;6;Secretaria de Relações Institucionais e Metropolitanas;comissionados;69182.48;5;5;51.84
2023;6;Secretaria de Relações Institucionais e Metropolitanas;funcao_confianca;53812.11;7;4;40.32
2023;6;Secretaria de Relações Institucionais e Metropolitanas;efetivos;10462.69;1;1;7.84
2023;6;Secretaria de Segurança Urbana;efetivos;3508067.35;367;343;92.82
2023;6;Secretaria de Segurança Urbana;funcao_confianca;240659.63;16;15;6.37
2023;6;Secretaria de Segurança Urbana;comissionados;30508.97;2;2;0.81
2023;6;Secretaria de Serviços Públicos e Obras;efetivos;758874.25;119;109;69.17
2023;6;Secretaria de Serviços Públicos e Obras;funcao_confianca;214271.92;22;20;19.53
2023;6;Secretaria de Serviços Públicos e Obras;comissionados;120747.16;9;9;11.01
2023;6;Secretaria de Serviços Públicos e Obras;flexiveis;3254.3999999999996;3;3;0.3
2023;6;Secretaria do Meio Ambiente, Parques e Jardins;efetivos;574611.03;77;67;63.68
2023;6;Secretaria do Meio Ambiente, Parques e Jardins;funcao_confianca;233615.81;21;19;25.89
2023;6;Secretaria do Meio Ambiente, Parques e Jardins;comissionados;74421.68;5;5;8.25
2023;6;Secretaria do Meio Ambiente, Parques e Jardins;flexiveis;19627.12;19;19;2.18
2023;7;Chefia do Poder Executivo;inativos;634569.16;165;165;100.0
2023;7;Secretaria da Cidadania;efetivos;1190079.6;216;183;62.67
2023;7;Secretaria da Cidadania;funcao_confianca;412172.95;45;40;21.71
2023;7;Secretaria da Cidadania;flexiveis;188240.05;36;31;9.91
2023;7;Secretaria da Cidadania;comissionados;108383.34;8;8;5.71
2023;7;Secretaria da Educação;efetivos;34894929.6;5329;5198;90.0
2023;7;Secretaria da Educação;flexiveis;3129618.06;2405;2365;8.07
2023;7;Secretaria da Educação;funcao_confianca;677814.9;62;45;1.75
2023;7;Secretaria da Educação;comissionados;68600.03;5;4;0.18
2023;7;Secretaria da Fazenda;efetivos;1154033.04;170;140;73.8
2023;7;Secretaria da Fazenda;funcao_confianca;358177.38;42;33;22.91
2023;7;Secretaria da Fazenda;comissionados;26182.34;2;2;1.67
2023;7;Secretaria da Fazenda;flexiveis;25278.64;27;25;1.62
2023;7;Secretaria da Habitação e Regularização Fundiária;efetivos;206430.46;27;21;60.13
2023;7;Secretaria da Habitação e Regularização Fundiária;funcao_confianca;77035.11;8;8;22.44
2023;7;Secretaria da Habitação e Regularização Fundiária;comissionados;45254.75;4;3;13.18
2023;7;Secretaria da Habitação e Regularização Fundiária;flexiveis;14604.0;11;8;4.25
2023;7;Secretaria da Saúde;efetivos;22612632.65;2599;2107;85.02
2023;7;Secretaria da Saúde;funcao_confianca;2541157.42;182;147;9.55
2023;7;Secretaria da Saúde;flexiveis;1274514.47;116;104;4.79
2023;7;Secretaria da Saúde;comissionados;169224.88;14;12;0.64
2023;7;Secretaria de Administração;efetivos;1206379.01;188;161;62.53
2023;7;Secretaria de Administração;funcao_confianca;592161.83;70;51;30.69
2023;7;Secretaria de Administração;comissionados;68676.13;5;4;3.56
2023;7;Secretaria de Administração;flexiveis;61997.92;63;61;3.21
2023;7;Secretaria de Assuntos Jurídicos e Patrimônio;efetivos;1594469.6;104;88;81.15
2023;7;Secretaria de Assuntos Jurídicos e Patrimônio;funcao_confianca;350252.39;30;25;17.83
2023;7;Secretaria de Assuntos Jurídicos e Patrimônio;comissionados;13091.16;1;1;0.67
2023;7;Secretaria de Assuntos Jurídicos e Patrimônio;flexiveis;6999.4400000000005;7;6;0.36
2023;7;Secretaria de Comunicação;funcao_confianca;128945.53;15;12;50.99
2023;7;Secretaria de Comunicação;comissionados;88310.14;7;6;34.92
2023;7;Secretaria de Comunicação;efetivos;31271.19;4;4;12.37
2023;7;Secretaria de Comunicação;flexiveis;4339.2;4;4;1.72
2023;7;Secretaria de Cultura;efetivos;261655.45;45;41;62.66
2023;7;Secretaria de Cultura;comissionados;80891.74;7;5;19.37
2023;7;Secretaria de Cultura;funcao_confianca;60518.100000000006;6;6;14.49
2023;7;Secretaria de Cultura;flexiveis;14492.4;15;15;3.47
2023;7;Secretaria de Desenvolvimento Econômico, Trabalho e Turismo;inativos;517705.52;90;90;47.33
2023;7;Secretaria de Desenvolvimento Econômico, Trabalho e Turismo;efetivos;302166.58;47;42;27.62
2023;7;Secretaria de Desenvolvimento Econômico, Trabalho e Turismo;funcao_confianca;178808.83;18;14;16.35
2023;7;Secretaria de Desenvolvimento Econômico, Trabalho e Turismo;comissionados;85418.47;8;5;7.81
2023;7;Secretaria de Desenvolvimento Econômico, Trabalho e Turismo;flexiveis;9763.199999999999;12;12;0.89
2023;7;Secretaria de Esportes e Lazer;efetivos;529670.28;62;54;75.67
2023;7;Secretaria de Esportes e Lazer;funcao_confianca;103795.0;15;11;14.83
2023;7;Secretaria de Esportes e Lazer;comissionados;50345.76;4;3;7.19
2023;7;Secretaria de Esportes e Lazer;flexiveis;16127.359999999999;17;15;2.3
2023;7;Secretaria de Gabinete Central;efetivos;448063.35;54;47;49.74
2023;7;Secretaria de Gabinete Central;funcao_confianca;342483.24;34;26;38.02
2023;7;Secretaria de Gabinete Central;comissionados;101404.01999999999;7;7;11.26
2023;7;Secretaria de Gabinete Central;flexiveis;8822.8;8;8;0.98
2023;7;Secretaria de Governo;efetivos;437286.96;46;34;32.72
2023;7;Secretaria de Governo;funcao_confianca;434467.07;44;28;32.51
2023;7;Secretaria de Governo;comissionados;429862.65;33;29;32.17
2023;7;Secretaria de Governo;flexiveis;34755.2;35;33;2.6
2023;7;Secretaria de Mobilidade;efetivos;107094.83;9;9;56.68
2023;7;Secretaria de Mobilidade;funcao_confianca;46492.69;3;3;24.61
2023;7;Secretaria de Mobilidade;comissionados;26182.34;2;2;13.86
2023;7;Secretaria de Mobilidade;flexiveis;9184.64;9;9;4.86
2023;7;Secretaria de Planejamento e Desenvolvimento Urbano;efetivos;1048806.3;148;120;73.51
2023;7;Secretaria de Planejamento e Desenvolvimento Urbano;funcao_confianca;293594.35;31;24;20.58
2023;7;Secretaria de Planejamento e Desenvolvimento Urbano;comissionados;43800.14;3;3;3.07
2023;7;Secretaria de Planejamento e Desenvolvimento Urbano;flexiveis;40544.56;37;36;2.84
2023;7;Secretaria de Recursos Humanos;efetivos;569870.55;97;74;64.48
2023;7;Secretaria de Recursos Humanos;funcao_confianca;272855.7;29;21;30.87
2023;7;Secretaria de Recursos Humanos;flexiveis;23407.92;24;21;2.65
2023;7;Secretaria de Recursos Humanos;comissionados;17617.8;1;1;1.99
2023;7;Secretaria de Relações Institucionais e Metropolitanas;comissionados;77982.62;6;5;59.39
2023;7;Secretaria de Relações Institucionais e Metropolitanas;funcao_confianca;42799.74;4;4;32.6
2023;7;Secretaria de Relações Institucionais e Metropolitanas;efetivos;10522.86;1;1;8.01
2023;7;Secretaria de Segurança Urbana;efetivos;3947537.5;399;346;93.9
2023;7;Secretaria de Segurança Urbana;funcao_confianca;225584.25;18;15;5.37
2023;7;Secretaria de Segurança Urbana;comissionados;30708.97;2;2;0.73
2023;7;Secretaria de Serviços Públicos e Obras;efetivos;829741.51;121;111;70.97
2023;7;Secretaria de Serviços Públicos e Obras;funcao_confianca;210197.38;21;18;17.98
2023;7;Secretaria de Serviços Públicos e Obras;comissionados;125983.75;10;9;10.78
2023;7;Secretaria de Serviços Públicos e Obras;flexiveis;3162.0;3;3;0.27
2023;7;Secretaria do Meio Ambiente, Parques e Jardins;efetivos;584153.91;79;63;65.97
2023;7;Secretaria do Meio Ambiente, Parques e Jardins;funcao_confianca;193516.27;19;19;21.86
2023;7;Secretaria do Meio Ambiente, Parques e Jardins;comissionados;88686.04;5;5;10.02
2023;7;Secretaria do Meio Ambiente, Parques e Jardins;flexiveis;19075.12;20;19;2.15
2023;8;Chefia do Poder Executivo;inativos;645378.73;165;165;100.0
2023;8;Secretaria da Cidadania;efetivos;1276832.77;210;187;62.84
2023;8;Secretaria da Cidadania;funcao_confianca;423337.87;47;40;20.84
2023;8;Secretaria da Cidadania;flexiveis;231847.22999999998;37;31;11.41
2023;8;Secretaria da Cidadania;comissionados;99764.81;7;7;4.91
2023;8;Secretaria da Educação;efetivos;37588933.47;5582;5303;93.08
2023;8;Secretaria da Educação;flexiveis;2210652.2199999997;2179;2161;5.47
2023;8;Secretaria da Educação;funcao_confianca;528211.96;49;44;1.31
2023;8;Secretaria da Educação;comissionados;56708.729999999996;4;4;0.14
2023;8;Secretaria da Fazenda;efetivos;1257729.96;178;141;74.38
2023;8;Secretaria da Fazenda;funcao_confianca;379875.64;42;33;22.47
2023;8;Secretaria da Fazenda;comissionados;33855.18;2;2;2.0
2023;8;Secretaria da Fazenda;flexiveis;19422.8;19;19;1.15
2023;8;Secretaria da Habitação e Regularização Fundiária;efetivos;180332.36;21;21;57.62
2023;8;Secretaria da Habitação e Regularização Fundiária;funcao_confianca;81645.03;9;8;26.09
2023;8;Secretaria da Habitação e Regularização Fundiária;comissionados;45000.14;3;3;14.38
2023;8;Secretaria da Habitação e Regularização Fundiária;flexiveis;6003.92;5;5;1.92
2023;8;Secretaria da Saúde;efetivos;23076610.11;2417;2106;85.74
2023;8;Secretaria da Saúde;funcao_confianca;2311082.01;172;145;8.59
2023;8;Secretaria da Saúde;flexiveis;1328814.31;108;104;4.94
2023;8;Secretaria da Saúde;comissionados;196727.46;14;12;0.73
2023;8;Secretaria de Administração;efetivos;1262155.27;186;160;64.41
2023;8;Secretaria de Administração;funcao_confianca;563182.57;61;51;28.74
2023;8;Secretaria de Administração;comissionados;70329.14;5;5;3.59
2023;8;Secretaria de Administração;flexiveis;63947.6;63;61;3.26
2023;8;Secretaria de Assuntos Jurídicos e Patrimônio;efetivos;1613321.1199999999;105;89;81.47
2023;8;Secretaria de Assuntos Jurídicos e Patrimônio;funcao_confianca;348797.14;31;25;17.61
2023;8;Secretaria de Assuntos Jurídicos e Patrimônio;comissionados;13691.17;1;1;0.69
2023;8;Secretaria de Assuntos Jurídicos e Patrimônio;flexiveis;4568.16;5;5;0.23
2023;8;Secretaria de Comunicação;funcao_confianca;147782.32;15;12;51.54
2023;8;Secretaria de Comunicação;comissionados;101811.36;7;6;35.51
2023;8;Secretaria de Comunicação;efetivos;32800.03;5;4;11.44
2023;8;Secretaria de Comunicação;flexiveis;4339.2;4;4;1.51
2023;8;Secretaria de Cultura;efetivos;262289.96;42;39;60.64
2023;8;Secretaria de Cultura;comissionados;92110.12;6;6;21.29
2023;8;Secretaria de Cultura;funcao_confianca;63561.130000000005;7;6;14.69
2023;8;Secretaria de Cultura;flexiveis;14608.64;16;16;3.38
2023;8;Secretaria de Desenvolvimento Econômico, Trabalho e Turismo;inativos;516559.83;89;89;45.91
2023;8;Secretaria de Desenvolvimento Econômico, Trabalho e Turismo;efetivos;323729.84;47;42;28.77
2023;8;Secretaria de Desenvolvimento Econômico, Trabalho e Turismo;funcao_confianca;170046.13;18;15;15.11
2023;8;Secretaria de Desenvolvimento Econômico, Trabalho e Turismo;comissionados;101957.52;7;7;9.06
2023;8;Secretaria de Desenvolvimento Econômico, Trabalho e Turismo;flexiveis;12832.8;13;13;1.14
2023;8;Secretaria de Esportes e Lazer;efetivos;530665.55;59;57;76.92
2023;8;Secretaria de Esportes e Lazer;funcao_confianca;101254.25;13;11;14.68
2023;8;Secretaria de Esportes e Lazer;comissionados;45000.14;3;3;6.52
2023;8;Secretaria de Esportes e Lazer;flexiveis;13017.599999999999;15;15;1.89
2023;8;Secretaria de Gabinete Central;efetivos;462549.91;54;50;46.68
2023;8;Secretaria de Gabinete Central;funcao_confianca;398790.72;29;24;40.24
2023;8;Secretaria de Gabinete Central;comissionados;122186.17;9;8;12.33
2023;8;Secretaria de Gabinete Central;flexiveis;7439.599999999999;7;7;0.75
2023;8;Secretaria de Governo;comissionados;447492.33;33;31;36.19
2023;8;Secretaria de Governo;efetivos;418257.05;42;34;33.82
2023;8;Secretaria de Governo;funcao_confianca;336980.58;31;27;27.25
2023;8;Secretaria de Governo;flexiveis;33872.56;33;33;2.74
2023;8;Secretaria de Mobilidade;efetivos;114784.34;10;9;57.83
2023;8;Secretaria de Mobilidade;funcao_confianca;45072.79;3;3;22.71
2023;8;Secretaria de Mobilidade;comissionados;27382.34;2;2;13.8
2023;8;Secretaria de Mobilidade;flexiveis;11238.0;11;11;5.66
2023;8;Secretaria de Planejamento e Desenvolvimento Urbano;efetivos;1104612.22;152;129;73.14
2023;8;Secretaria de Planejamento e Desenvolvimento Urbano;funcao_confianca;323274.86;26;23;21.41
2023;8;Secretaria de Planejamento e Desenvolvimento Urbano;comissionados;45000.14;3;3;2.98
2023;8;Secretaria de Planejamento e Desenvolvimento Urbano;flexiveis;37350.96;34;34;2.47
2023;8;Secretaria de Recursos Humanos;efetivos;582150.86;87;81;69.42
2023;8;Secretaria de Recursos Humanos;funcao_confianca;219459.93;22;20;26.17
2023;8;Secretaria de Recursos Humanos;flexiveis;19387.12;18;18;2.31
2023;8;Secretaria de Recursos Humanos;comissionados;17617.8;1;1;2.1
2023;8;Secretaria de Relações Institucionais e Metropolitanas;comissionados;70620.7;5;5;57.19
2023;8;Secretaria de Relações Institucionais e Metropolitanas;funcao_confianca;41710.65;4;4;33.78
2023;8;Secretaria de Relações Institucionais e Metropolitanas;efetivos;11157.35;1;1;9.04
2023;8;Secretaria de Segurança Urbana;efetivos;4108938.43;383;346;94.32
2023;8;Secretaria de Segurança Urbana;funcao_confianca;216364.39;16;15;4.97
2023;8;Secretaria de Segurança Urbana;comissionados;31308.97;2;2;0.72
2023;8;Secretaria de Serviços Públicos e Obras;efetivos;823213.91;124;109;70.01
2023;8;Secretaria de Serviços Públicos e Obras;funcao_confianca;219940.13;22;18;18.7
2023;8;Secretaria de Serviços Públicos e Obras;comissionados;129456.73999999999;12;9;11.01
2023;8;Secretaria de Serviços Públicos e Obras;flexiveis;3254.3999999999996;3;3;0.28
2023;8;Secretaria do Meio Ambiente, Parques e Jardins;efetivos;540588.43;74;66;64.07
2023;8;Secretaria do Meio Ambiente, Parques e Jardins;funcao_confianca;200040.96;23;17;23.71
2023;8;Secretaria do Meio Ambiente, Parques e Jardins;comissionados;84731.61;4;4;10.04
2023;8;Secretaria do Meio Ambiente, Parques e Jardins;flexiveis;18441.6;18;18;2.19
2023;9;Chefia do Poder Executivo;inativos;629096.05;163;163;100.0
2023;9;Secretaria da Cidadania;efetivos;1291072.94;203;188;64.03
2023;9;Secretaria da Cidadania;funcao_confianca;408875.33;44;40;20.28
2023;9;Secretaria da Cidadania;flexiveis;216769.44999999998;35;31;10.75
2023;9;Secretaria da Cidadania;comissionados;99764.81;7;7;4.95
2023;9;Secretaria da Educação;efetivos;37213221.26;5535;5274;90.69
2023;9;Secretaria da Educação;flexiveis;3180072.7399999998;2451;2414;7.75
2023;9;Secretaria da Educação;funcao_confianca;576212.41;52;45;1.4
2023;9;Secretaria da Educação;comissionados;62817.939999999995;4;4;0.15
2023;9;Secretaria da Fazenda;efetivos;1412874.41;146;137;75.16
2023;9;Secretaria da Fazenda;funcao_confianca;435710.41;38;33;23.18
2023;9;Secretaria da Fazenda;flexiveis;17492.399999999998;17;16;0.93
2023;9;Secretaria da Fazenda;comissionados;13691.17;1;1;0.73
2023;9;Secretaria da Habitação e Regularização Fundiária;efetivos;204220.91;27;22;60.09
2023;9;Secretaria da Habitação e Regularização Fundiária;funcao_confianca;86284.35;10;8;25.39
2023;9;Secretaria da Habitação e Regularização Fundiária;comissionados;45000.14;3;3;13.24
2023;9;Secretaria da Habitação e Regularização Fundiária;flexiveis;4339.2;4;4;1.28
2023;9;Secretaria da Saúde;efetivos;22255558.37;2395;2097;85.16
2023;9;Secretaria da Saúde;funcao_confianca;2483689.29;170;147;9.5
2023;9;Secretaria da Saúde;flexiveis;1222827.13;109;99;4.68
2023;9;Secretaria da Saúde;comissionados;171504.91;12;12;0.66
2023;9;Secretaria de Administração;efetivos;1285577.41;180;163;62.99
2023;9;Secretaria de Administração;funcao_confianca;608691.1;58;51;29.82
2023;9;Secretaria de Administração;comissionados;83362.23;5;5;4.08
2023;9;Secretaria de Administração;flexiveis;63429.52;60;59;3.11
2023;9;Secretaria de Assuntos Jurídicos e Patrimônio;efetivos;1581026.68;102;87;80.72
2023;9;Secretaria de Assuntos Jurídicos e Patrimônio;funcao_confianca;351204.23;29;26;17.93
2023;9;Secretaria de Assuntos Jurídicos e Patrimônio;comissionados;21709.5;2;2;1.11
2023;9;Secretaria de Assuntos Jurídicos e Patrimônio;flexiveis;4674.8;7;7;0.24
2023;9;Secretaria de Comunicação;funcao_confianca;135850.31;14;12;55.46
2023;9;Secretaria de Comunicação;comissionados;72904.53;6;5;29.76
2023;9;Secretaria de Comunicação;efetivos;31411.47;4;4;12.82
2023;9;Secretaria de Comunicação;flexiveis;4773.12;5;5;1.95
2023;9;Secretaria de Cultura;efetivos;246000.1;41;39;61.64
2023;9;Secretaria de Cultura;comissionados;72382.48;5;5;18.14
2023;9;Secretaria de Cultura;funcao_confianca;63541.58;6;6;15.92
2023;9;Secretaria de Cultura;flexiveis;17176.0;17;17;4.3
2023;9;Secretaria de Desenvolvimento Econômico, Trabalho e Turismo;inativos;508078.97;89;88;45.93
2023;9;Secretaria de Desenvolvimento Econômico, Trabalho e Turismo;efetivos;326897.72;49;43;29.55
2023;9;Secretaria de Desenvolvimento Econômico, Trabalho e Turismo;funcao_confianca;170383.94;17;15;15.4
2023;9;Secretaria de Desenvolvimento Econômico, Trabalho e Turismo;comissionados;90000.28;6;6;8.14
2023;9;Secretaria de Desenvolvimento Econômico, Trabalho e Turismo;flexiveis;10767.92;12;12;0.97
2023;9;Secretaria de Esportes e Lazer;efetivos;568008.26;62;58;76.5
2023;9;Secretaria de Esportes e Lazer;funcao_confianca;110341.3;12;11;14.86
2023;9;Secretaria de Esportes e Lazer;comissionados;45000.14;3;3;6.06
2023;9;Secretaria de Esportes e Lazer;flexiveis;19154.4;15;15;2.58
2023;9;Secretaria de Gabinete Central;efetivos;509513.18;54;51;53.97
2023;9;Secretaria de Gabinete Central;funcao_confianca;300082.62;27;23;31.78
2023;9;Secretaria de Gabinete Central;comissionados;127422.54;9;8;13.5
2023;9;Secretaria de Gabinete Central;flexiveis;7105.04;7;7;0.75
2023;9;Secretaria de Governo;comissionados;464113.74;36;32;36.81
2023;9;Secretaria de Governo;efetivos;426919.77999999997;40;35;33.86
2023;9;Secretaria de Governo;funcao_confianca;334578.67;28;26;26.54
2023;9;Secretaria de Governo;flexiveis;35082.479999999996;33;33;2.78
2023;9;Secretaria de Mobilidade;efetivos;137813.47999999998;9;9;62.14
2023;9;Secretaria de Mobilidade;funcao_confianca;46502.79;4;3;20.97
2023;9;Secretaria de Mobilidade;comissionados;27382.34;2;2;12.35
2023;9;Secretaria de Mobilidade;flexiveis;10070.16;10;10;4.54
2023;9;Secretaria de Planejamento e Desenvolvimento Urbano;efetivos;1129273.14;148;133;75.04
2023;9;Secretaria de Planejamento e Desenvolvimento Urbano;funcao_confianca;281373.99;27;24;18.7
2023;9;Secretaria de Planejamento e Desenvolvimento Urbano;comissionados;59418.58;5;4;3.95
2023;9;Secretaria de Planejamento e Desenvolvimento Urbano;flexiveis;34923.6;33;33;2.32
2023;9;Secretaria de Recursos Humanos;efetivos;603885.23;86;80;66.65
2023;9;Secretaria de Recursos Humanos;funcao_confianca;264109.98;24;21;29.15
2023;9;Secretaria de Recursos Humanos;flexiveis;20446.48;19;19;2.26
2023;9;Secretaria de Recursos Humanos;comissionados;17617.8;1;1;1.94
2023;9;Secretaria de Relações Institucionais e Metropolitanas;comissionados;72382.48;5;5;54.67
2023;9;Secretaria de Relações Institucionais e Metropolitanas;funcao_confianca;41788.16;4;4;31.56
2023;9;Secretaria de Relações Institucionais e Metropolitanas;efetivos;18230.0;2;1;13.77
2023;9;Secretaria de Segurança Urbana;efetivos;3838556.55;366;344;93.28
2023;9;Secretaria de Segurança Urbana;funcao_confianca;238910.09;18;15;5.81
2023;9;Secretaria de Segurança Urbana;comissionados;31308.97;2;2;0.76
2023;9;Secretaria de Segurança Urbana;flexiveis;6328.0;10;10;0.15
2023;9;Secretaria de Serviços Públicos e Obras;efetivos;876031.04;117;107;73.82
2023;9;Secretaria de Serviços Públicos e Obras;funcao_confianca;193944.26;19;18;16.34
2023;9;Secretaria de Serviços Públicos e Obras;comissionados;113455.98;8;8;9.56
2023;9;Secretaria de Serviços Públicos e Obras;flexiveis;3254.3999999999996;3;3;0.27
2023;9;Secretaria do Meio Ambiente, Parques e Jardins;efetivos;578725.4;74;67;70.03
2023;9;Secretaria do Meio Ambiente, Parques e Jardins;funcao_confianca;181244.2;18;17;21.93
2023;9;Secretaria do Meio Ambiente, Parques e Jardins;comissionados;46312.71;3;3;5.6
2023;9;Secretaria do Meio Ambiente, Parques e Jardins;flexiveis;20141.12;20;20;2.44
2023;10;Chefia do Poder Executivo;inativos;625693.85;162;162;100.0
2023;10;Secretaria da Cidadania;efetivos;1261248.5;204;190;62.09
2023;10;Secretaria da Cidadania;funcao_confianca;426171.76;45;40;20.98
2023;10;Secretaria da Cidadania;flexiveis;244059.11;39;31;12.02
2023;10;Secretaria da Cidadania;comissionados;99764.82;7;7;4.91
2023;10;Secretaria da Educação;efetivos;37203753.01;5397;5268;90.84
2023;10;Secretaria da Educação;flexiveis;3134751.19;2419;2396;7.65
2023;10;Secretaria da Educação;funcao_confianca;555606.61;53;46;1.36
2023;10;Secretaria da Educação;comissionados;62817.939999999995;4;4;0.15
2023;10;Secretaria da Fazenda;efetivos;1164237.07;153;135;75.11
2023;10;Secretaria da Fazenda;funcao_confianca;361003.13;38;33;23.29
2023;10;Secretaria da Fazenda;comissionados;13691.17;1;1;0.88
2023;10;Secretaria da Fazenda;flexiveis;11081.6;11;11;0.71
2023;10;Secretaria da Habitação e Regularização Fundiária;efetivos;248170.99;29;23;63.16
2023;10;Secretaria da Habitação e Regularização Fundiária;funcao_confianca;93303.57;12;8;23.75
2023;10;Secretaria da Habitação e Regularização Fundiária;comissionados;45000.14;3;3;11.45
2023;10;Secretaria da Habitação e Regularização Fundiária;flexiveis;6436.48;6;5;1.64
2023;10;Secretaria da Saúde;efetivos;22413570.57;2339;2090;85.58
2023;10;Secretaria da Saúde;funcao_confianca;2395275.15;168;146;9.15
2023;10;Secretaria da Saúde;flexiveis;1208944.98;114;102;4.62
2023;10;Secretaria da Saúde;comissionados;171504.9;12;12;0.65
2023;10;Secretaria de Administração;efetivos;1232982.33;180;162;63.3
2023;10;Secretaria de Administração;funcao_confianca;569612.91;58;50;29.24
2023;10;Secretaria de Administração;comissionados;83362.23;5;5;4.28
2023;10;Secretaria de Administração;flexiveis;61967.28;59;59;3.18
2023;10;Secretaria de Assuntos Jurídicos e Patrimônio;efetivos;1776439.49;99;87;83.35
2023;10;Secretaria de Assuntos Jurídicos e Patrimônio;funcao_confianca;321091.01;29;25;15.07
2023;10;Secretaria de Assuntos Jurídicos e Patrimônio;comissionados;27382.34;2;2;1.28
2023;10;Secretaria de Assuntos Jurídicos e Patrimônio;flexiveis;6333.599999999999;7;7;0.3
2023;10;Secretaria de Comunicação;funcao_confianca;135729.38;13;12;53.2
2023;10;Secretaria de Comunicação;comissionados;81273.55;6;6;31.85
2023;10;Secretaria de Comunicação;efetivos;32181.67;4;4;12.61
2023;10;Secretaria de Comunicação;flexiveis;5966.4;6;6;2.34
2023;10;Secretaria de Cultura;efetivos;258985.51;48;39;62.2
2023;10;Secretaria de Cultura;comissionados;74127.95999999999;5;5;17.8
2023;10;Secretaria de Cultura;funcao_confianca;63541.58;6;6;15.26
2023;10;Secretaria de Cultura;flexiveis;19699.2;19;18;4.73
2023;10;Secretaria de Desenvolvimento Econômico, Trabalho e Turismo;inativos;498583.96;89;87;46.57
2023;10;Secretaria de Desenvolvimento Econômico, Trabalho e Turismo;efetivos;309451.68;46;42;28.91
2023;10;Secretaria de Desenvolvimento Econômico, Trabalho e Turismo;funcao_confianca;160641.01;16;15;15.01
2023;10;Secretaria de Desenvolvimento Econômico, Trabalho e Turismo;comissionados;90000.28;6;6;8.41
2023;10;Secretaria de Desenvolvimento Econômico, Trabalho e Turismo;flexiveis;11871.199999999999;12;12;1.11
2023;10;Secretaria de Esportes e Lazer;efetivos;566595.36;62;58;75.72
2023;10;Secretaria de Esportes e Lazer;funcao_confianca;106430.24;12;10;14.22
2023;10;Secretaria de Esportes e Lazer;comissionados;58691.31;4;4;7.84
2023;10;Secretaria de Esportes e Lazer;flexiveis;16606.64;14;13;2.22
2023;10;Secretaria de Gabinete Central;efetivos;366308.41;45;40;44.73
2023;10;Secretaria de Gabinete Central;funcao_confianca;288718.31;25;23;35.26
2023;10;Secretaria de Gabinete Central;comissionados;156550.37;11;10;19.12
2023;10;Secretaria de Gabinete Central;flexiveis;7270.88;6;6;0.89
2023;10;Secretaria de Governo;efetivos;531336.21;48;45;35.76
2023;10;Secretaria de Governo;comissionados;466895.48;31;29;31.43
2023;10;Secretaria de Governo;funcao_confianca;455313.38;32;29;30.65
2023;10;Secretaria de Governo;flexiveis;32165.28;31;31;2.16
2023;10;Secretaria de Mobilidade;efetivos;106243.48;9;9;56.42
2023;10;Secretaria de Mobilidade;funcao_confianca;44931.979999999996;3;3;23.86
2023;10;Secretaria de Mobilidade;comissionados;27382.34;2;2;14.54
2023;10;Secretaria de Mobilidade;flexiveis;9763.199999999999;9;9;5.18
2023;10;Secretaria de Planejamento e Desenvolvimento Urbano;efetivos;1055940.55;143;130;72.52
2023;10;Secretaria de Planejamento e Desenvolvimento Urbano;funcao_confianca;305790.57;28;24;21.0
2023;10;Secretaria de Planejamento e Desenvolvimento Urbano;comissionados;58691.31;4;4;4.03
2023;10;Secretaria de Planejamento e Desenvolvimento Urbano;flexiveis;35609.6;34;34;2.45
2023;10;Secretaria de Recursos Humanos;efetivos;583451.4400000001;89;79;69.42
2023;10;Secretaria de Recursos Humanos;funcao_confianca;222833.87;22;21;26.51
2023;10;Secretaria de Recursos Humanos;comissionados;17617.8;1;1;2.1
2023;10;Secretaria de Recursos Humanos;flexiveis;16556.48;18;18;1.97
2023;10;Secretaria de Relações Institucionais e Metropolitanas;comissionados;90782.83;6;6;62.89
2023;10;Secretaria de Relações Institucionais e Metropolitanas;funcao_confianca;42407.2;5;4;29.38
2023;10;Secretaria de Relações Institucionais e Metropolitanas;efetivos;11157.35;1;1;7.73
2023;10;Secretaria de Segurança Urbana;efetivos;3998615.31;376;344;92.95
2023;10;Secretaria de Segurança Urbana;funcao_confianca;258427.86;15;15;6.01
2023;10;Secretaria de Segurança Urbana;comissionados;31308.97;2;2;0.73
2023;10;Secretaria de Segurança Urbana;flexiveis;13704.64;14;14;0.32
2023;10;Secretaria de Serviços Públicos e Obras;efetivos;769601.52;115;105;70.7
2023;10;Secretaria de Serviços Públicos e Obras;funcao_confianca;201134.9;21;18;18.48
2023;10;Secretaria de Serviços Públicos e Obras;comissionados;113455.98999999999;8;8;10.42
2023;10;Secretaria de Serviços Públicos e Obras;flexiveis;4303.04;4;4;0.4
2023;10;Secretaria do Meio Ambiente, Parques e Jardins;efetivos;584269.2;74;67;69.09
2023;10;Secretaria do Meio Ambiente, Parques e Jardins;funcao_confianca;193123.35;18;18;22.84
2023;10;Secretaria do Meio Ambiente, Parques e Jardins;comissionados;47039.979999999996;4;3;5.56
2023;10;Secretaria do Meio Ambiente, Parques e Jardins;flexiveis;21174.0;20;20;2.5
2023;11;Chefia do Poder Executivo;inativos;925019.84;163;162;100.0
2023;11;Secretaria da Cidadania;efetivos;1871344.74;217;193;64.11
2023;11;Secretaria da Cidadania;funcao_confianca;594219.13;44;40;20.36
2023;11;Secretaria da Cidadania;flexiveis;322658.54;37;31;11.05
2023;11;Secretaria da Cidadania;comissionados;130782.84;7;6;4.48
2023;11;Secretaria da Educação;efetivos;52120639.47;5580;5258;92.4
2023;11;Secretaria da Educação;flexiveis;3407600.7399999998;2407;2367;6.04
2023;11;Secretaria da Educação;funcao_confianca;796439.66;56;46;1.41
2023;11;Secretaria da Educação;comissionados;82294.19;4;4;0.15
2023;11;Secretaria da Fazenda;efetivos;1589175.34;148;134;74.16
2023;11;Secretaria da Fazenda;funcao_confianca;543934.12;40;33;25.38
2023;11;Secretaria da Fazenda;flexiveis;9892.32;10;9;0.46
2023;11;Secretaria da Habitação e Regularização Fundiária;efetivos;232578.58;23;21;55.44
2023;11;Secretaria da Habitação e Regularização Fundiária;funcao_confianca;117367.7;8;8;27.98
2023;11;Secretaria da Habitação e Regularização Fundiária;comissionados;64172.89;3;3;15.3
2023;11;Secretaria da Habitação e Regularização Fundiária;flexiveis;5424.0;5;5;1.29
2023;11;Secretaria da Saúde;efetivos;26969120.27;2464;2197;78.84
2023;11;Secretaria da Saúde;flexiveis;3783753.34;103;103;11.06
2023;11;Secretaria da Saúde;funcao_confianca;3226949.24;163;142;9.43
2023;11;Secretaria da Saúde;comissionados;227227.69;12;12;0.66
2023;11;Secretaria de Administração;efetivos;1699224.35;184;161;63.36
2023;11;Secretaria de Administração;funcao_confianca;802523.59;54;50;29.93
2023;11;Secretaria de Administração;comissionados;114511.05;5;5;4.27
2023;11;Secretaria de Administração;flexiveis;65483.2;65;65;2.44
2023;11;Secretaria de Assuntos Jurídicos e Patrimônio;efetivos;1954696.1;98;85;78.76
2023;11;Secretaria de Assuntos Jurídicos e Patrimônio;funcao_confianca;450926.64;27;25;18.17
2023;11;Secretaria de Assuntos Jurídicos e Patrimônio;comissionados;70037.72;4;4;2.82
2023;11;Secretaria de Assuntos Jurídicos e Patrimônio;flexiveis;6333.599999999999;7;7;0.26
2023;11;Secretaria de Comunicação;funcao_confianca;198371.63;17;12;53.7
2023;11;Secretaria de Comunicação;comissionados;118883.04;6;6;32.18
2023;11;Secretaria de Comunicação;efetivos;45666.61;4;4;12.36
2023;11;Secretaria de Comunicação;flexiveis;6508.799999999999;6;6;1.76
2023;11;Secretaria de Cultura;efetivos;323753.61;45;38;59.13
2023;11;Secretaria de Cultura;comissionados;105191.87;5;5;19.21
2023;11;Secretaria de Cultura;funcao_confianca;101194.73999999999;7;6;18.48
2023;11;Secretaria de Cultura;flexiveis;17356.8;17;17;3.17
2023;11;Secretaria de Desenvolvimento Econômico, Trabalho e Turismo;inativos;731624.14;86;86;46.58
2023;11;Secretaria de Desenvolvimento Econômico, Trabalho e Turismo;efetivos;460451.37;48;43;29.32
2023;11;Secretaria de Desenvolvimento Econômico, Trabalho e Turismo;funcao_confianca;238893.39;17;15;15.21
2023;11;Secretaria de Desenvolvimento Econômico, Trabalho e Turismo;comissionados;125570.93;7;6;8.0
2023;11;Secretaria de Desenvolvimento Econômico, Trabalho e Turismo;flexiveis;14067.6;16;14;0.9
2023;11;Secretaria de Esportes e Lazer;efetivos;712848.05;65;58;73.95
2023;11;Secretaria de Esportes e Lazer;funcao_confianca;154607.01;13;10;16.04
2023;11;Secretaria de Esportes e Lazer;comissionados;83466.61;4;4;8.66
2023;11;Secretaria de Esportes e Lazer;flexiveis;13017.599999999999;12;12;1.35
2023;11;Secretaria de Gabinete Central;efetivos;567580.3;48;40;47.62
2023;11;Secretaria de Gabinete Central;funcao_confianca;411801.73;25;22;34.55
2023;11;Secretaria de Gabinete Central;comissionados;208125.25;10;10;17.46
2023;11;Secretaria de Gabinete Central;flexiveis;4339.2;4;4;0.36
2023;11;Secretaria de Governo;efetivos;704392.3;48;44;38.46
2023;11;Secretaria de Governo;comissionados;562495.3;28;27;30.71
2023;11;Secretaria de Governo;funcao_confianca;531835.56;35;29;29.04
2023;11;Secretaria de Governo;flexiveis;32644.239999999998;32;32;1.78
2023;11;Secretaria de Mobilidade;efetivos;152460.12;9;9;56.57
2023;11;Secretaria de Mobilidade;funcao_confianca;66797.97;3;3;24.78
2023;11;Secretaria de Mobilidade;comissionados;37746.19;2;2;14.01
2023;11;Secretaria de Mobilidade;flexiveis;12511.36;11;10;4.64
2023;11;Secretaria de Planejamento e Desenvolvimento Urbano;efetivos;1365922.29;142;126;73.45
2023;11;Secretaria de Planejamento e Desenvolvimento Urbano;funcao_confianca;394485.05;27;23;21.21
2023;11;Secretaria de Planejamento e Desenvolvimento Urbano;comissionados;62327.520000000004;3;3;3.35
2023;11;Secretaria de Planejamento e Desenvolvimento Urbano;flexiveis;36809.6;35;35;1.98
2023;11;Secretaria de Recursos Humanos;efetivos;803209.53;89;80;68.5
2023;11;Secretaria de Recursos Humanos;funcao_confianca;327885.9;24;21;27.96
2023;11;Secretaria de Recursos Humanos;comissionados;24224.48;1;1;2.07
2023;11;Secretaria de Recursos Humanos;flexiveis;17234.399999999998;18;18;1.47
2023;11;Secretaria de Relações Institucionais e Metropolitanas;comissionados;101919.08;5;5;56.67
2023;11;Secretaria de Relações Institucionais e Metropolitanas;funcao_confianca;61482.259999999995;4;4;34.19
2023;11;Secretaria de Relações Institucionais e Metropolitanas;efetivos;16436.03;1;1;9.14
2023;11;Secretaria de Segurança Urbana;efetivos;4956413.96;387;344;92.36
2023;11;Secretaria de Segurança Urbana;funcao_confianca;350559.77;19;15;6.53
2023;11;Secretaria de Segurança Urbana;comissionados;44481.59;2;2;0.83
2023;11;Secretaria de Segurança Urbana;flexiveis;15187.199999999999;14;14;0.28
2023;11;Secretaria de Serviços Públicos e Obras;efetivos;1038296.16;116;104;67.97
2023;11;Secretaria de Serviços Públicos e Obras;funcao_confianca;286920.58;20;18;18.78
2023;11;Secretaria de Serviços Públicos e Obras;comissionados;198093.03999999998;11;9;12.97
2023;11;Secretaria de Serviços Públicos e Obras;flexiveis;4339.2;4;4;0.28
2023;11;Secretaria do Meio Ambiente, Parques e Jardins;efetivos;778974.55;76;67;64.63
2023;11;Secretaria do Meio Ambiente, Parques e Jardins;funcao_confianca;296673.05;23;18;24.61
2023;11;Secretaria do Meio Ambiente, Parques e Jardins;comissionados;109954.94;6;5;9.12
2023;11;Secretaria do Meio Ambiente, Parques e Jardins;flexiveis;19695.44;18;18;1.63
2023;12;Chefia do Poder Executivo;inativos;1319136.54;452;165;100.0
2023;12;Secretaria da Cidadania;efetivos;2513001.87;607;194;63.34
2023;12;Secretaria da Cidadania;funcao_confianca;842563.76;122;39;21.24
2023;12;Secretaria da Cidadania;flexiveis;408798.19;61;29;10.3
2023;12;Secretaria da Cidadania;comissionados;203037.49;21;7;5.12
2023;12;Secretaria da Educação;efetivos;72093029.18;15359;5244;93.95
2023;12;Secretaria da Educação;flexiveis;3517186.18;2444;2337;4.58
2023;12;Secretaria da Educação;funcao_confianca;1061089.1;147;45;1.38
2023;12;Secretaria da Educação;comissionados;66164.16;8;3;0.09
2023;12;Secretaria da Fazenda;efetivos;2256806.52;422;133;73.69
2023;12;Secretaria da Fazenda;funcao_confianca;799607.26;109;33;26.11
2023;12;Secretaria da Fazenda;flexiveis;6160.88;7;7;0.2
2023;12;Secretaria da Habitação e Regularização Fundiária;efetivos;339776.62;64;21;54.85
2023;12;Secretaria da Habitação e Regularização Fundiária;funcao_confianca;166563.36;26;8;26.89
2023;12;Secretaria da Habitação e Regularização Fundiária;comissionados;107658.16;11;3;17.38
2023;12;Secretaria da Habitação e Regularização Fundiária;flexiveis;5424.0;5;5;0.88
2023;12;Secretaria da Saúde;efetivos;44600026.5;6896;2202;89.44
2023;12;Secretaria da Saúde;funcao_confianca;4622484.53;463;144;9.27
2023;12;Secretaria da Saúde;flexiveis;338887.88;60;53;0.68
2023;12;Secretaria da Saúde;comissionados;303350.64;37;12;0.61
2023;12;Secretaria de Administração;efetivos;2439895.76;514;161;64.14
2023;12;Secretaria de Administração;funcao_confianca;1141828.42;164;50;30.01
2023;12;Secretaria de Administração;comissionados;157441.76;16;5;4.14
2023;12;Secretaria de Administração;flexiveis;65128.0;62;61;1.71
2023;12;Secretaria de Assuntos Jurídicos e Patrimônio;efetivos;2948337.7600000002;270;85;80.4
2023;12;Secretaria de Assuntos Jurídicos e Patrimônio;funcao_confianca;625445.75;76;24;17.06
2023;12;Secretaria de Assuntos Jurídicos e Patrimônio;comissionados;86910.73;12;4;2.37
2023;12;Secretaria de Assuntos Jurídicos e Patrimônio;flexiveis;6333.599999999999;7;7;0.17
2023;12;Secretaria de Comunicação;funcao_confianca;260396.83000000002;38;12;51.6
2023;12;Secretaria de Comunicação;comissionados;167283.64;18;6;33.15
2023;12;Secretaria de Comunicação;efetivos;70166.18;14;4;13.9
2023;12;Secretaria de Comunicação;flexiveis;6806.4;6;6;1.35
2023;12;Secretaria de Cultura;efetivos;497837.57;117;39;63.41
2023;12;Secretaria de Cultura;comissionados;142537.52;15;5;18.15
2023;12;Secretaria de Cultura;funcao_confianca;126053.75;18;6;16.05
2023;12;Secretaria de Cultura;flexiveis;18723.12;18;18;2.38
2023;12;Secretaria de Desenvolvimento Econômico, Trabalho e Turismo;inativos;1019571.1;242;89;47.2
2023;12;Secretaria de Desenvolvimento Econômico, Trabalho e Turismo;efetivos;618930.0599999999;132;42;28.65
2023;12;Secretaria de Desenvolvimento Econômico, Trabalho e Turismo;funcao_confianca;344148.58;48;15;15.93
2023;12;Secretaria de Desenvolvimento Econômico, Trabalho e Turismo;comissionados;161286.98;16;6;7.47
2023;12;Secretaria de Desenvolvimento Econômico, Trabalho e Turismo;flexiveis;16137.84;15;15;0.75
2023;12;Secretaria de Esportes e Lazer;efetivos;1151742.47;185;58;77.2
2023;12;Secretaria de Esportes e Lazer;funcao_confianca;216103.68;35;10;14.48
2023;12;Secretaria de Esportes e Lazer;comissionados;111623.69;12;4;7.48
2023;12;Secretaria de Esportes e Lazer;flexiveis;12502.8;12;12;0.84
2023;12;Secretaria de Gabinete Central;efetivos;710727.2;123;39;44.53
2023;12;Secretaria de Gabinete Central;funcao_confianca;589865.08;75;23;36.96
2023;12;Secretaria de Gabinete Central;comissionados;291227.69;31;11;18.25
2023;12;Secretaria de Gabinete Central;flexiveis;4339.2;4;4;0.27
2023;12;Secretaria de Governo;efetivos;1089761.75;142;45;42.38
2023;12;Secretaria de Governo;funcao_confianca;750939.01;93;29;29.2
2023;12;Secretaria de Governo;comissionados;700316.33;78;26;27.23
2023;12;Secretaria de Governo;flexiveis;30519.6;28;28;1.19
2023;12;Secretaria de Mobilidade;efetivos;259295.06;32;10;58.64
2023;12;Secretaria de Mobilidade;funcao_confianca;123158.97;13;4;27.85
2023;12;Secretaria de Mobilidade;comissionados;48910.01;6;2;11.06
2023;12;Secretaria de Mobilidade;flexiveis;10848.0;10;10;2.45
2023;12;Secretaria de Planejamento e Desenvolvimento Urbano;efetivos;2008344.32;406;126;75.78
2023;12;Secretaria de Planejamento e Desenvolvimento Urbano;funcao_confianca;522196.5;76;23;19.7
2023;12;Secretaria de Planejamento e Desenvolvimento Urbano;comissionados;80454.88;8;3;3.04
2023;12;Secretaria de Planejamento e Desenvolvimento Urbano;flexiveis;39286.72;37;37;1.48
2023;12;Secretaria de Recursos Humanos;efetivos;1067858.1;246;77;66.81
2023;12;Secretaria de Recursos Humanos;funcao_confianca;479726.7;70;21;30.01
2023;12;Secretaria de Recursos Humanos;comissionados;30831.15;2;1;1.93
2023;12;Secretaria de Recursos Humanos;flexiveis;19964.079999999998;20;20;1.25
2023;12;Secretaria de Relações Institucionais e Metropolitanas;comissionados;134510.18;16;5;56.19
2023;12;Secretaria de Relações Institucionais e Metropolitanas;funcao_confianca;82776.31;12;4;34.58
2023;12;Secretaria de Relações Institucionais e Metropolitanas;efetivos;22114.7;3;1;9.24
2023;12;Secretaria de Segurança Urbana;efetivos;7843707.44;1045;339;93.88
2023;12;Secretaria de Segurança Urbana;funcao_confianca;436938.25;47;15;5.23
2023;12;Secretaria de Segurança Urbana;comissionados;58054.21;5;2;0.69
2023;12;Secretaria de Segurança Urbana;flexiveis;15910.4;15;15;0.19
2023;12;Secretaria de Serviços Públicos e Obras;efetivos;1538462.47;328;104;70.13
2023;12;Secretaria de Serviços Públicos e Obras;funcao_confianca;388681.65;56;18;17.72
2023;12;Secretaria de Serviços Públicos e Obras;comissionados;261812.4;30;9;11.94
2023;12;Secretaria de Serviços Públicos e Obras;flexiveis;4684.48;4;4;0.21
2023;12;Secretaria do Meio Ambiente, Parques e Jardins;efetivos;1167762.35;210;68;67.94
2023;12;Secretaria do Meio Ambiente, Parques e Jardins;funcao_confianca;434785.7;59;18;25.3
2023;12;Secretaria do Meio Ambiente, Parques e Jardins;comissionados;98828.32;11;4;5.75
2023;12;Secretaria do Meio Ambiente, Parques e Jardins;flexiveis;17378.239999999998;18;18;1.01
2024;1;Chefia do Poder Executivo;comissionados;13691.17;1;1;100.0
2024;1;Inativos e Pensionistas (Encargos);inativos;1120139.24;245;245;100.0
2024;1;Secretaria da Cidadania;efetivos;1381462.78;214;196;54.82
2024;1;Secretaria da Cidadania;flexiveis;635038.73;69;43;25.2
2024;1;Secretaria da Cidadania;funcao_confianca;419306.07;42;40;16.64
2024;1;Secretaria da Cidadania;comissionados;84055.42;6;6;3.34
2024;1;Secretaria da Educação;efetivos;44390412.48;9167;4984;94.34
2024;1;Secretaria da Educação;flexiveis;1996757.36;1941;1910;4.24
2024;1;Secretaria da Educação;funcao_confianca;550990.45;54;44;1.17
2024;1;Secretaria da Educação;comissionados;113278.77;5;4;0.24
2024;1;Secretaria da Fazenda;efetivos;1131450.99;145;134;74.71
2024;1;Secretaria da Fazenda;funcao_confianca;377448.47;36;34;24.92
2024;1;Secretaria da Fazenda;flexiveis;5492.88;6;5;0.36
2024;1;Secretaria da Habitação e Regularização Fundiária;efetivos;199920.19;24;22;60.41
2024;1;Secretaria da Habitação e Regularização Fundiária;funcao_confianca;89375.38;10;8;27.01
2024;1;Secretaria da Habitação e Regularização Fundiária;comissionados;36541.89;3;3;11.04
2024;1;Secretaria da Habitação e Regularização Fundiária;flexiveis;5098.88;6;6;1.54
2024;1;Secretaria da Saúde;efetivos;23240087.92;2432;2188;88.09
2024;1;Secretaria da Saúde;funcao_confianca;2892224.2;165;144;10.96
2024;1;Secretaria da Saúde;comissionados;164522.91;13;12;0.62
2024;1;Secretaria da Saúde;flexiveis;84605.87;38;38;0.32
2024;1;Secretaria de Administração;efetivos;1286781.11;180;164;61.25
2024;1;Secretaria de Administração;funcao_confianca;648109.88;56;50;30.85
2024;1;Secretaria de Administração;comissionados;110963.44;6;5;5.28
2024;1;Secretaria de Administração;flexiveis;55095.68;53;53;2.62
2024;1;Secretaria de Assuntos Jurídicos e Patrimônio;efetivos;1825190.26;100;84;82.94
2024;1;Secretaria de Assuntos Jurídicos e Patrimônio;funcao_confianca;319860.76;30;25;14.53
2024;1;Secretaria de Assuntos Jurídicos e Patrimônio;comissionados;49800.86;4;3;2.26
2024;1;Secretaria de Assuntos Jurídicos e Patrimônio;flexiveis;5791.12;7;7;0.26
2024;1;Secretaria de Comunicação;funcao_confianca;175750.47;13;12;62.3
2024;1;Secretaria de Comunicação;comissionados;68455.85;5;5;24.27
2024;1;Secretaria de Comunicação;efetivos;32997.5;5;4;11.7
2024;1;Secretaria de Comunicação;flexiveis;4879.2;5;5;1.73
2024;1;Secretaria de Cultura;efetivos;268663.2;43;39;65.22
2024;1;Secretaria de Cultura;comissionados;72382.48;5;5;17.57
2024;1;Secretaria de Cultura;funcao_confianca;54647.94;5;5;13.27
2024;1;Secretaria de Cultura;flexiveis;16221.679999999998;17;17;3.94
2024;1;Secretaria de Desenvolvimento Econômico, Trabalho e Turismo;efetivos;77724.22;6;6;48.19
2024;1;Secretaria de Desenvolvimento Econômico, Trabalho e Turismo;comissionados;45000.119999999995;3;3;27.9
2024;1;Secretaria de Desenvolvimento Econômico, Trabalho e Turismo;funcao_confianca;28134.019999999997;2;2;17.44
2024;1;Secretaria de Desenvolvimento Econômico, Trabalho e Turismo;flexiveis;10418.4;10;10;6.46
2024;1;Secretaria de Esportes e Lazer;efetivos;538046.72;64;57;75.66
2024;1;Secretaria de Esportes e Lazer;funcao_confianca;102526.88;12;10;14.42
2024;1;Secretaria de Esportes e Lazer;comissionados;58691.31;4;4;8.25
2024;1;Secretaria de Esportes e Lazer;flexiveis;11900.24;12;12;1.67
2024;1;Secretaria de Gabinete Central;efetivos;490473.77999999997;45;39;49.56
2024;1;Secretaria de Gabinete Central;funcao_confianca;331727.35;24;23;33.52
2024;1;Secretaria de Gabinete Central;comissionados;162881.16;12;11;16.46
2024;1;Secretaria de Gabinete Central;flexiveis;4562.08;4;4;0.46
2024;1;Secretaria de Governo;efetivos;499982.58;54;45;36.59
2024;1;Secretaria de Governo;funcao_confianca;433850.14;30;29;31.75
2024;1;Secretaria de Governo;comissionados;403264.83999999997;30;26;29.51
2024;1;Secretaria de Governo;flexiveis;29331.44;27;27;2.15
2024;1;Secretaria de Mobilidade;efetivos;127897.01000000001;13;11;52.24
2024;1;Secretaria de Mobilidade;funcao_confianca;78100.20999999999;6;4;31.9
2024;1;Secretaria de Mobilidade;comissionados;27382.34;2;2;11.19
2024;1;Secretaria de Mobilidade;flexiveis;11426.56;11;11;4.67
2024;1;Secretaria de Planejamento e Desenvolvimento Urbano;efetivos;1071590.62;131;124;73.74
2024;1;Secretaria de Planejamento e Desenvolvimento Urbano;funcao_confianca;304600.62;25;25;20.96
2024;1;Secretaria de Planejamento e Desenvolvimento Urbano;comissionados;45000.14;3;3;3.1
2024;1;Secretaria de Planejamento e Desenvolvimento Urbano;flexiveis;32000.399999999998;34;34;2.2
2024;1;Secretaria de Recursos Humanos;efetivos;602809.16;92;79;64.69
2024;1;Secretaria de Recursos Humanos;funcao_confianca;290056.69;26;22;31.13
2024;1;Secretaria de Recursos Humanos;flexiveis;21392.079999999998;22;20;2.3
2024;1;Secretaria de Recursos Humanos;comissionados;17617.8;1;1;1.89
2024;1;Secretaria de Relações Institucionais e Metropolitanas;comissionados;72382.48;5;5;55.94
2024;1;Secretaria de Relações Institucionais e Metropolitanas;funcao_confianca;45837.69;7;4;35.42
2024;1;Secretaria de Relações Institucionais e Metropolitanas;efetivos;11180.81;1;1;8.64
2024;1;Secretaria de Relações do Trabalho e Qualificação Profissional;efetivos;124581.06999999999;18;17;58.35
2024;1;Secretaria de Relações do Trabalho e Qualificação Profissional;comissionados;45000.14;3;3;21.08
2024;1;Secretaria de Relações do Trabalho e Qualificação Profissional;funcao_confianca;41769.99;6;4;19.56
2024;1;Secretaria de Relações do Trabalho e Qualificação Profissional;flexiveis;2169.6;2;2;1.02
2024;1;Secretaria de Segurança Urbana;efetivos;3807669.47;366;336;93.54
2024;1;Secretaria de Segurança Urbana;funcao_confianca;215471.99;15;15;5.29
2024;1;Secretaria de Segurança Urbana;comissionados;31308.97;2;2;0.77
2024;1;Secretaria de Segurança Urbana;flexiveis;16272.0;15;15;0.4
2024;1;Secretaria de Serviços Públicos e Obras;efetivos;783140.71;110;105;70.02
2024;1;Secretaria de Serviços Públicos e Obras;funcao_confianca;203848.07;23;18;18.23
2024;1;Secretaria de Serviços Públicos e Obras;comissionados;128203.37;9;9;11.46
2024;1;Secretaria de Serviços Públicos e Obras;flexiveis;3254.3999999999996;3;3;0.29
2024;1;Secretaria do Meio Ambiente, Parques e Jardins;efetivos;755025.0599999999;97;89;67.5
2024;1;Secretaria do Meio Ambiente, Parques e Jardins;funcao_confianca;276955.28;28;25;24.76
2024;1;Secretaria do Meio Ambiente, Parques e Jardins;comissionados;65400.52;5;5;5.85
2024;1;Secretaria do Meio Ambiente, Parques e Jardins;flexiveis;21227.84;22;21;1.9
2024;2;Inativos e Pensionistas (Encargos);inativos;1112014.74;248;248;100.0
2024;2;Secretaria da Cidadania;efetivos;1446037.17;220;197;66.71
2024;2;Secretaria da Cidadania;funcao_confianca;431150.74;43;38;19.89
2024;2;Secretaria da Cidadania;flexiveis;189918.22;31;29;8.76
2024;2;Secretaria da Cidadania;comissionados;100451.25;8;8;4.63
2024;2;Secretaria da Educação;efetivos;35507724.9;5098;5043;95.99
2024;2;Secretaria da Educação;funcao_confianca;721764.3;50;45;1.95
2024;2;Secretaria da Educação;flexiveis;712246.27;875;842;1.93
2024;2;Secretaria da Educação;comissionados;50818.409999999996;4;3;0.14
2024;2;Secretaria da Fazenda;efetivos;1305216.09;153;133;71.77
2024;2;Secretaria da Fazenda;funcao_confianca;510389.03;39;33;28.06
2024;2;Secretaria da Fazenda;flexiveis;3109.7599999999998;3;3;0.17
2024;2;Secretaria da Habitação e Regularização Fundiária;efetivos;251629.63;27;22;65.99
2024;2;Secretaria da Habitação e Regularização Fundiária;funcao_confianca;81434.56;8;8;21.36
2024;2;Secretaria da Habitação e Regularização Fundiária;comissionados;45000.14;3;3;11.8
2024;2;Secretaria da Habitação e Regularização Fundiária;flexiveis;3254.3999999999996;3;3;0.85
2024;2;Secretaria da Saúde;efetivos;24415723.3;2671;2325;89.92
2024;2;Secretaria da Saúde;funcao_confianca;2506258.34;168;141;9.23
2024;2;Secretaria da Saúde;comissionados;151286.27;14;12;0.56
2024;2;Secretaria da Saúde;flexiveis;78724.99;38;36;0.29
2024;2;Secretaria de Administração;efetivos;1360922.94;186;165;62.65
2024;2;Secretaria de Administração;funcao_confianca;687679.03;58;50;31.66
2024;2;Secretaria de Administração;comissionados;80211.65;5;5;3.69
2024;2;Secretaria de Administração;flexiveis;43592.64;49;49;2.01
2024;2;Secretaria de Assuntos Jurídicos e Patrimônio;efetivos;1545084.25;95;85;79.31
2024;2;Secretaria de Assuntos Jurídicos e Patrimônio;funcao_confianca;357370.47;30;25;18.35
2024;2;Secretaria de Assuntos Jurídicos e Patrimônio;comissionados;41073.5;3;3;2.11
2024;2;Secretaria de Assuntos Jurídicos e Patrimônio;flexiveis;4524.0;5;5;0.23
2024;2;Secretaria de Comunicação;funcao_confianca;183069.58;16;12;52.72
2024;2;Secretaria de Comunicação;comissionados;101846.53;8;7;29.33
2024;2;Secretaria de Comunicação;efetivos;56597.51;7;6;16.3
2024;2;Secretaria de Comunicação;flexiveis;5713.28;6;6;1.65
2024;2;Secretaria de Cultura;efetivos;248199.03;44;38;61.79
2024;2;Secretaria de Cultura;comissionados;74564.3;6;5;18.56
2024;2;Secretaria de Cultura;funcao_confianca;62012.48;7;6;15.44
2024;2;Secretaria de Cultura;flexiveis;16924.8;16;16;4.21
2024;2;Secretaria de Desenvolvimento Econômico, Trabalho e Turismo;efetivos;165022.88999999998;14;13;52.14
2024;2;Secretaria de Desenvolvimento Econômico, Trabalho e Turismo;funcao_confianca;111328.9;10;9;35.17
2024;2;Secretaria de Desenvolvimento Econômico, Trabalho e Turismo;comissionados;31308.97;2;2;9.89
2024;2;Secretaria de Desenvolvimento Econômico, Trabalho e Turismo;flexiveis;8854.4;10;10;2.8
2024;2;Secretaria de Esportes e Lazer;efetivos;640584.21;65;59;81.41
2024;2;Secretaria de Esportes e Lazer;funcao_confianca;94845.51000000001;11;10;12.05
2024;2;Secretaria de Esportes e Lazer;comissionados;45000.14;3;3;5.72
2024;2;Secretaria de Esportes e Lazer;flexiveis;6416.4;6;6;0.82
2024;2;Secretaria de Gabinete Central;efetivos;375586.62;44;38;42.46
2024;2;Secretaria de Gabinete Central;funcao_confianca;324529.97;26;22;36.69
2024;2;Secretaria de Gabinete Central;comissionados;181260.02;13;13;20.49
2024;2;Secretaria de Gabinete Central;flexiveis;3254.3999999999996;3;3;0.37
2024;2;Secretaria de Governo;efetivos;495533.56;50;45;37.82
2024;2;Secretaria de Governo;funcao_confianca;401239.13;33;30;30.63
2024;2;Secretaria de Governo;comissionados;385443.06;27;25;29.42
2024;2;Secretaria de Governo;flexiveis;27922.239999999998;28;28;2.13
2024;2;Secretaria de Mobilidade;efetivos;118451.59;11;11;48.39
2024;2;Secretaria de Mobilidade;funcao_confianca;88126.92;5;4;36.0
2024;2;Secretaria de Mobilidade;comissionados;27382.34;2;2;11.19
2024;2;Secretaria de Mobilidade;flexiveis;10848.0;11;11;4.43
2024;2;Secretaria de Planejamento e Desenvolvimento Urbano;efetivos;1014617.49;136;122;72.92
2024;2;Secretaria de Planejamento e Desenvolvimento Urbano;funcao_confianca;276861.67;26;24;19.9
2024;2;Secretaria de Planejamento e Desenvolvimento Urbano;comissionados;61745.82;5;4;4.44
2024;2;Secretaria de Planejamento e Desenvolvimento Urbano;flexiveis;38267.84;36;36;2.75
2024;2;Secretaria de Recursos Humanos;efetivos;646124.67;87;79;67.24
2024;2;Secretaria de Recursos Humanos;funcao_confianca;279856.68;23;21;29.12
2024;2;Secretaria de Recursos Humanos;comissionados;17617.8;1;1;1.83
2024;2;Secretaria de Recursos Humanos;flexiveis;17284.48;17;17;1.8
2024;2;Secretaria de Relações Institucionais e Metropolitanas;comissionados;60145.86;5;4;53.37
2024;2;Secretaria de Relações Institucionais e Metropolitanas;funcao_confianca;41374.6;4;4;36.71
2024;2;Secretaria de Relações Institucionais e Metropolitanas;efetivos;11180.82;1;1;9.92
2024;2;Secretaria de Relações do Trabalho e Qualificação Profissional;efetivos;207192.76;33;28;63.94
2024;2;Secretaria de Relações do Trabalho e Qualificação Profissional;comissionados;63319.5;4;4;19.54
2024;2;Secretaria de Relações do Trabalho e Qualificação Profissional;funcao_confianca;51384.18;5;5;15.86
2024;2;Secretaria de Relações do Trabalho e Qualificação Profissional;flexiveis;2169.6;2;2;0.67
2024;2;Secretaria de Segurança Urbana;efetivos;4140196.43;390;336;92.91
2024;2;Secretaria de Segurança Urbana;funcao_confianca;258897.1;17;15;5.81
2024;2;Secretaria de Segurança Urbana;comissionados;40117.87;3;2;0.9
2024;2;Secretaria de Segurança Urbana;flexiveis;17023.6;16;16;0.38
2024;2;Secretaria de Serviços Públicos e Obras;efetivos;845788.94;117;103;64.63
2024;2;Secretaria de Serviços Públicos e Obras;funcao_confianca;264008.83;22;19;20.17
2024;2;Secretaria de Serviços Públicos e Obras;comissionados;195566.42;15;12;14.94
2024;2;Secretaria de Serviços Públicos e Obras;flexiveis;3254.3999999999996;3;3;0.25
2024;2;Secretaria do Meio Ambiente, Parques e Jardins;efetivos;643858.89;83;76;63.56
2024;2;Secretaria do Meio Ambiente, Parques e Jardins;funcao_confianca;261871.76;24;19;25.85
2024;2;Secretaria do Meio Ambiente, Parques e Jardins;comissionados;88855.51;7;7;8.77
2024;2;Secretaria do Meio Ambiente, Parques e Jardins;flexiveis;18406.239999999998;18;18;1.82
2024;3;Inativos e Pensionistas (Encargos);inativos;1249543.15;247;247;100.0
2024;3;Secretaria da Cidadania;efetivos;1687883.32;224;196;66.25
2024;3;Secretaria da Cidadania;funcao_confianca;507927.96;40;38;19.94
2024;3;Secretaria da Cidadania;flexiveis;235318.36;30;29;9.24
2024;3;Secretaria da Cidadania;comissionados;116550.07;10;8;4.57
2024;3;Secretaria da Educação;efetivos;46348941.9;5189;5008;93.26
2024;3;Secretaria da Educação;flexiveis;2582724.48;2173;2159;5.2
2024;3;Secretaria da Educação;funcao_confianca;716469.16;58;47;1.44
2024;3;Secretaria da Educação;comissionados;49064.119999999995;3;3;0.1
2024;3;Secretaria da Fazenda;efetivos;1604807.23;153;131;78.72
2024;3;Secretaria da Fazenda;funcao_confianca;430913.98;39;33;21.14
2024;3;Secretaria da Fazenda;flexiveis;3010.3999999999996;3;3;0.15
2024;3;Secretaria da Habitação e Regularização Fundiária;efetivos;233319.12;23;22;61.58
2024;3;Secretaria da Habitação e Regularização Fundiária;funcao_confianca;93465.45;8;8;24.67
2024;3;Secretaria da Habitação e Regularização Fundiária;comissionados;48513.08;3;3;12.8
2024;3;Secretaria da Habitação e Regularização Fundiária;flexiveis;3579.8399999999997;4;4;0.94
2024;3;Secretaria da Saúde;efetivos;28578777.0;2644;2392;89.54
2024;3;Secretaria da Saúde;funcao_confianca;3039808.06;164;144;9.52
2024;3;Secretaria da Saúde;comissionados;193574.92;14;13;0.61
2024;3;Secretaria da Saúde;flexiveis;104442.4;40;38;0.33
2024;3;Secretaria de Administração;efetivos;1713465.75;193;172;67.31
2024;3;Secretaria de Administração;funcao_confianca;678483.97;56;51;26.65
2024;3;Secretaria de Administração;comissionados;99501.23;6;5;3.91
2024;3;Secretaria de Administração;flexiveis;54340.72;52;51;2.13
2024;3;Secretaria de Assuntos Jurídicos e Patrimônio;efetivos;1788935.84;90;85;80.82
2024;3;Secretaria de Assuntos Jurídicos e Patrimônio;funcao_confianca;373412.37;30;25;16.87
2024;3;Secretaria de Assuntos Jurídicos e Patrimônio;comissionados;46631.880000000005;3;3;2.11
2024;3;Secretaria de Assuntos Jurídicos e Patrimônio;flexiveis;4401.44;5;5;0.2
2024;3;Secretaria de Comunicação;funcao_confianca;202277.47;15;12;51.04
2024;3;Secretaria de Comunicação;comissionados;113885.22;7;7;28.73
2024;3;Secretaria de Comunicação;efetivos;74749.09999999999;8;7;18.86
2024;3;Secretaria de Comunicação;flexiveis;5424.0;5;5;1.37
2024;3;Secretaria de Cultura;efetivos;374010.74;44;37;65.92
2024;3;Secretaria de Cultura;comissionados;91943.48999999999;6;5;16.21
2024;3;Secretaria de Cultura;funcao_confianca;84523.34;8;6;14.9
2024;3;Secretaria de Cultura;flexiveis;16850.559999999998;16;16;2.97
2024;3;Secretaria de Desenvolvimento Econômico, Trabalho e Turismo;efetivos;189883.41999999998;13;12;54.6
2024;3;Secretaria de Desenvolvimento Econômico, Trabalho e Turismo;funcao_confianca;116445.82;9;9;33.48
2024;3;Secretaria de Desenvolvimento Econômico, Trabalho e Turismo;comissionados;33206.56;2;2;9.55
2024;3;Secretaria de Desenvolvimento Econômico, Trabalho e Turismo;flexiveis;8261.119999999999;8;8;2.38
2024;3;Secretaria de Esportes e Lazer;efetivos;672460.77;61;58;77.24
2024;3;Secretaria de Esportes e Lazer;funcao_confianca;109316.47;10;10;12.56
2024;3;Secretaria de Esportes e Lazer;comissionados;81390.46;5;5;9.35
2024;3;Secretaria de Esportes e Lazer;flexiveis;7407.719999999999;8;8;0.85
2024;3;Secretaria de Gabinete Central;efetivos;413257.39;37;36;40.59
2024;3;Secretaria de Gabinete Central;funcao_confianca;387383.21;23;22;38.05
2024;3;Secretaria de Gabinete Central;comissionados;214303.13;14;13;21.05
2024;3;Secretaria de Gabinete Central;flexiveis;3254.3999999999996;3;3;0.32
2024;3;Secretaria de Governo;efetivos;613732.32;53;45;40.42
2024;3;Secretaria de Governo;funcao_confianca;448172.38;31;29;29.52
2024;3;Secretaria de Governo;comissionados;424732.95;26;26;27.97
2024;3;Secretaria de Governo;flexiveis;31708.079999999998;30;30;2.09
2024;3;Secretaria de Mobilidade;efetivos;155139.57;11;11;51.67
2024;3;Secretaria de Mobilidade;funcao_confianca;99495.08;4;4;33.14
2024;3;Secretaria de Mobilidade;comissionados;31177.52;2;2;10.38
2024;3;Secretaria de Mobilidade;flexiveis;14446.88;14;13;4.81
2024;3;Secretaria de Planejamento e Desenvolvimento Urbano;efetivos;1367463.75;136;122;74.82
2024;3;Secretaria de Planejamento e Desenvolvimento Urbano;funcao_confianca;369734.07;26;24;20.23
2024;3;Secretaria de Planejamento e Desenvolvimento Urbano;comissionados;48303.909999999996;3;3;2.64
2024;3;Secretaria de Planejamento e Desenvolvimento Urbano;flexiveis;42079.04;41;41;2.3
2024;3;Secretaria de Recursos Humanos;efetivos;713494.72;85;79;67.19
2024;3;Secretaria de Recursos Humanos;funcao_confianca;310100.51;27;22;29.2
2024;3;Secretaria de Recursos Humanos;flexiveis;20683.52;19;18;1.95
2024;3;Secretaria de Recursos Humanos;comissionados;17617.8;1;1;1.66
2024;3;Secretaria de Relações Institucionais e Metropolitanas;comissionados;64451.28;4;4;48.35
2024;3;Secretaria de Relações Institucionais e Metropolitanas;funcao_confianca;56131.39;5;4;42.1
2024;3;Secretaria de Relações Institucionais e Metropolitanas;efetivos;12730.48;1;1;9.55
2024;3;Secretaria de Relações do Trabalho e Qualificação Profissional;efetivos;194590.87;28;27;53.97
2024;3;Secretaria de Relações do Trabalho e Qualificação Profissional;funcao_confianca;94225.39;5;5;26.14
2024;3;Secretaria de Relações do Trabalho e Qualificação Profissional;comissionados;69446.62;4;4;19.26
2024;3;Secretaria de Relações do Trabalho e Qualificação Profissional;flexiveis;2264.96;3;3;0.63
2024;3;Secretaria de Segurança Urbana;efetivos;5145585.42;387;336;93.17
2024;3;Secretaria de Segurança Urbana;funcao_confianca;327792.82;18;15;5.94
2024;3;Secretaria de Segurança Urbana;comissionados;33206.56;2;2;0.6
2024;3;Secretaria de Segurança Urbana;flexiveis;16272.0;15;15;0.29
2024;3;Secretaria de Serviços Públicos e Obras;efetivos;1069516.51;112;104;70.03
2024;3;Secretaria de Serviços Públicos e Obras;funcao_confianca;271929.99;20;18;17.8
2024;3;Secretaria de Serviços Públicos e Obras;comissionados;182698.61;12;12;11.96
2024;3;Secretaria de Serviços Públicos e Obras;flexiveis;3178.08;3;3;0.21
2024;3;Secretaria do Meio Ambiente, Parques e Jardins;efetivos;878456.59;89;79;68.32
2024;3;Secretaria do Meio Ambiente, Parques e Jardins;funcao_confianca;266809.3;23;19;20.75
2024;3;Secretaria do Meio Ambiente, Parques e Jardins;comissionados;109691.25;7;7;8.53
2024;3;Secretaria do Meio Ambiente, Parques e Jardins;flexiveis;30918.399999999998;29;25;2.4
2024;4;Inativos e Pensionistas (Encargos);inativos;1147594.79;258;246;100.0
2024;4;Secretaria da Cidadania;efetivos;1526588.97;225;198;60.64
2024;4;Secretaria da Cidadania;funcao_confianca;436823.87;42;37;17.35
2024;4;Secretaria da Cidadania;comissionados;334794.76;17;15;13.3
2024;4;Secretaria da Cidadania;flexiveis;219395.32;32;30;8.71
2024;4;Secretaria da Educação;efetivos;39820039.38;5178;4997;89.95
2024;4;Secretaria da Educação;flexiveis;3663453.62;2762;2703;8.28
2024;4;Secretaria da Educação;funcao_confianca;634706.09;55;47;1.43
2024;4;Secretaria da Educação;comissionados;152120.86000000002;10;10;0.34
2024;4;Secretaria da Fazenda;efetivos;1286911.05;155;129;72.76
2024;4;Secretaria da Fazenda;funcao_confianca;456471.75;36;33;25.81
2024;4;Secretaria da Fazenda;comissionados;23661.050000000003;3;3;1.34
2024;4;Secretaria da Fazenda;flexiveis;1564.8;3;2;0.09
2024;4;Secretaria da Habitação e Regularização Fundiária;efetivos;213866.86;30;22;49.73
2024;4;Secretaria da Habitação e Regularização Fundiária;comissionados;118218.04000000001;7;7;27.49
2024;4;Secretaria da Habitação e Regularização Fundiária;funcao_confianca;92788.51;9;8;21.58
2024;4;Secretaria da Habitação e Regularização Fundiária;flexiveis;5170.88;5;5;1.2
2024;4;Secretaria da Saúde;efetivos;26463429.01;2877;2405;88.63
2024;4;Secretaria da Saúde;funcao_confianca;2937783.6;177;144;9.84
2024;4;Secretaria da Saúde;comissionados;401233.45;20;19;1.34
2024;4;Secretaria da Saúde;flexiveis;56326.44;39;39;0.19
2024;4;Secretaria de Administração;efetivos;1496219.61;202;176;62.68
2024;4;Secretaria de Administração;funcao_confianca;666515.14;62;50;27.92
2024;4;Secretaria de Administração;comissionados;164133.84;9;9;6.88
2024;4;Secretaria de Administração;flexiveis;60317.84;56;54;2.53
2024;4;Secretaria de Assuntos Jurídicos e Patrimônio;efetivos;1556514.18;99;86;74.92
2024;4;Secretaria de Assuntos Jurídicos e Patrimônio;funcao_confianca;428954.83;29;25;20.65
2024;4;Secretaria de Assuntos Jurídicos e Patrimônio;comissionados;87605.89;4;4;4.22
2024;4;Secretaria de Assuntos Jurídicos e Patrimônio;flexiveis;4418.48;6;6;0.21
2024;4;Secretaria de Comunicação;comissionados;305790.45;13;13;56.41
2024;4;Secretaria de Comunicação;funcao_confianca;168133.13;15;12;31.01
2024;4;Secretaria de Comunicação;efetivos;62777.75;6;6;11.58
2024;4;Secretaria de Comunicação;flexiveis;5424.0;5;5;1.0
2024;4;Secretaria de Cultura;efetivos;264050.26;41;36;47.69
2024;4;Secretaria de Cultura;comissionados;202950.11000000002;10;10;36.65
2024;4;Secretaria de Cultura;funcao_confianca;71438.09;6;6;12.9
2024;4;Secretaria de Cultura;flexiveis;15283.359999999999;16;16;2.76
2024;4;Secretaria de Desenvolvimento Econômico, Trabalho e Turismo;efetivos;124869.05;13;12;38.48
2024;4;Secretaria de Desenvolvimento Econômico, Trabalho e Turismo;comissionados;99211.55;7;7;30.58
2024;4;Secretaria de Desenvolvimento Econômico, Trabalho e Turismo;funcao_confianca;94967.93;10;8;29.27
2024;4;Secretaria de Desenvolvimento Econômico, Trabalho e Turismo;flexiveis;5424.0;5;5;1.67
2024;4;Secretaria de Esportes e Lazer;efetivos;735459.16;66;60;72.96
2024;4;Secretaria de Esportes e Lazer;comissionados;158546.24;9;9;15.73
2024;4;Secretaria de Esportes e Lazer;funcao_confianca;106373.97;11;10;10.55
2024;4;Secretaria de Esportes e Lazer;flexiveis;7593.599999999999;7;7;0.75
2024;4;Secretaria de Gabinete Central;comissionados;511278.38;19;19;43.6
2024;4;Secretaria de Gabinete Central;efetivos;355374.93;39;35;30.3
2024;4;Secretaria de Gabinete Central;funcao_confianca;301200.91;23;23;25.68
2024;4;Secretaria de Gabinete Central;flexiveis;4917.76;5;5;0.42
2024;4;Secretaria de Governo;comissionados;947115.23;40;38;49.18
2024;4;Secretaria de Governo;efetivos;539009.67;48;46;27.99
2024;4;Secretaria de Governo;funcao_confianca;412673.18;31;29;21.43
2024;4;Secretaria de Governo;flexiveis;27208.399999999998;28;28;1.41
2024;4;Secretaria de Mobilidade;efetivos;138204.08000000002;16;12;39.51
2024;4;Secretaria de Mobilidade;comissionados;104450.7;5;5;29.86
2024;4;Secretaria de Mobilidade;funcao_confianca;93295.15;4;4;26.67
2024;4;Secretaria de Mobilidade;flexiveis;13862.16;13;13;3.96
2024;4;Secretaria de Planejamento e Desenvolvimento Urbano;efetivos;1245923.83;142;123;74.01
2024;4;Secretaria de Planejamento e Desenvolvimento Urbano;funcao_confianca;285301.59;25;24;16.95
2024;4;Secretaria de Planejamento e Desenvolvimento Urbano;comissionados;108420.95;9;9;6.44
2024;4;Secretaria de Planejamento e Desenvolvimento Urbano;flexiveis;43815.28;40;39;2.6
2024;4;Secretaria de Recursos Humanos;efetivos;682354.83;93;83;63.25
2024;4;Secretaria de Recursos Humanos;funcao_confianca;326975.44;28;22;30.31
2024;4;Secretaria de Recursos Humanos;comissionados;48534.25;3;3;4.5
2024;4;Secretaria de Recursos Humanos;flexiveis;20965.36;19;17;1.94
2024;4;Secretaria de Relações Institucionais e Metropolitanas;comissionados;191717.92;9;9;71.96
2024;4;Secretaria de Relações Institucionais e Metropolitanas;efetivos;51603.82;6;4;19.37
2024;4;Secretaria de Relações Institucionais e Metropolitanas;funcao_confianca;23107.82;2;2;8.67
2024;4;Secretaria de Relações do Trabalho e Qualificação Profissional;efetivos;193208.03;35;27;47.41
2024;4;Secretaria de Relações do Trabalho e Qualificação Profissional;comissionados;142541.66999999998;7;7;34.98
2024;4;Secretaria de Relações do Trabalho e Qualificação Profissional;funcao_confianca;69584.12;6;5;17.08
2024;4;Secretaria de Relações do Trabalho e Qualificação Profissional;flexiveis;2169.6;2;2;0.53
2024;4;Secretaria de Segurança Urbana;efetivos;4031787.88;369;332;92.1
2024;4;Secretaria de Segurança Urbana;funcao_confianca;235892.25;15;15;5.39
2024;4;Secretaria de Segurança Urbana;comissionados;89128.98000000001;5;5;2.04
2024;4;Secretaria de Segurança Urbana;flexiveis;20970.399999999998;20;19;0.48
2024;4;Secretaria de Serviços Públicos e Obras;efetivos;846294.35;109;102;53.37
2024;4;Secretaria de Serviços Públicos e Obras;comissionados;498981.25;18;18;31.47
2024;4;Secretaria de Serviços Públicos e Obras;funcao_confianca;238193.46;19;18;15.02
2024;4;Secretaria de Serviços Públicos e Obras;flexiveis;2169.6;2;2;0.14
2024;4;Secretaria do Meio Ambiente, Parques e Jardins;efetivos;746632.22;85;77;58.38
2024;4;Secretaria do Meio Ambiente, Parques e Jardins;comissionados;257409.11000000002;12;12;20.13
2024;4;Secretaria do Meio Ambiente, Parques e Jardins;funcao_confianca;243789.99;23;19;19.06
2024;4;Secretaria do Meio Ambiente, Parques e Jardins;flexiveis;31110.239999999998;29;27;2.43
2024;5;Inativos e Pensionistas (Encargos);inativos;1127065.15;245;241;100.0
2024;5;Secretaria da Cidadania;efetivos;1574633.42;232;198;63.98
2024;5;Secretaria da Cidadania;funcao_confianca;482022.68;43;36;19.59
2024;5;Secretaria da Cidadania;flexiveis;233297.44;45;29;9.48
2024;5;Secretaria da Cidadania;comissionados;171021.4;12;11;6.95
2024;5;Secretaria da Educação;efetivos;39267021.01;5129;5001;87.84
2024;5;Secretaria da Educação;flexiveis;4719638.89;2968;2889;10.56
2024;5;Secretaria da Educação;funcao_confianca;614490.18;52;46;1.37
2024;5;Secretaria da Educação;comissionados;101723.04;7;7;0.23
2024;5;Secretaria da Fazenda;efetivos;1502059.23;143;128;72.22
2024;5;Secretaria da Fazenda;funcao_confianca;533120.54;35;33;25.63
2024;5;Secretaria da Fazenda;comissionados;42348.94;3;3;2.04
2024;5;Secretaria da Fazenda;flexiveis;2169.6;2;2;0.1
2024;5;Secretaria da Habitação e Regularização Fundiária;efetivos;201396.69;23;21;54.56
2024;5;Secretaria da Habitação e Regularização Fundiária;funcao_confianca;89696.91;9;8;24.3
2024;5;Secretaria da Habitação e Regularização Fundiária;comissionados;72603.72;5;5;19.67
2024;5;Secretaria da Habitação e Regularização Fundiária;flexiveis;5424.0;5;5;1.47
2024;5;Secretaria da Saúde;efetivos;26417575.89;2681;2405;90.99
2024;5;Secretaria da Saúde;funcao_confianca;2407961.31;155;139;8.29
2024;5;Secretaria da Saúde;comissionados;155628.52;12;11;0.54
2024;5;Secretaria da Saúde;flexiveis;53424.02;43;41;0.18
2024;5;Secretaria de Administração;efetivos;1515350.25;196;176;64.58
2024;5;Secretaria de Administração;funcao_confianca;635886.7;56;50;27.1
2024;5;Secretaria de Administração;comissionados;137612.93;10;9;5.87
2024;5;Secretaria de Administração;flexiveis;57482.96;58;57;2.45
2024;5;Secretaria de Assuntos Jurídicos e Patrimônio;efetivos;1813107.31;96;87;82.47
2024;5;Secretaria de Assuntos Jurídicos e Patrimônio;funcao_confianca;363837.87;27;24;16.55
2024;5;Secretaria de Assuntos Jurídicos e Patrimônio;comissionados;15951.66;1;1;0.73
2024;5;Secretaria de Assuntos Jurídicos e Patrimônio;flexiveis;5578.639999999999;6;6;0.25
2024;5;Secretaria de Comunicação;funcao_confianca;149446.04;12;12;44.21
2024;5;Secretaria de Comunicação;comissionados;121959.95;8;7;36.08
2024;5;Secretaria de Comunicação;efetivos;61229.85;8;6;18.11
2024;5;Secretaria de Comunicação;flexiveis;5424.0;5;5;1.6
2024;5;Secretaria de Cultura;efetivos;376460.94;41;36;65.92
2024;5;Secretaria de Cultura;comissionados;106350.31;7;7;18.62
2024;5;Secretaria de Cultura;funcao_confianca;70326.31;6;6;12.31
2024;5;Secretaria de Cultura;flexiveis;17969.68;19;19;3.15
2024;5;Secretaria de Desenvolvimento Econômico, Trabalho e Turismo;efetivos;140599.61000000002;13;13;40.97
2024;5;Secretaria de Desenvolvimento Econômico, Trabalho e Turismo;comissionados;105525.72;5;5;30.75
2024;5;Secretaria de Desenvolvimento Econômico, Trabalho e Turismo;funcao_confianca;88611.22;10;8;25.82
2024;5;Secretaria de Desenvolvimento Econômico, Trabalho e Turismo;flexiveis;8459.039999999999;8;8;2.46
2024;5;Secretaria de Esportes e Lazer;efetivos;608718.71;74;59;76.25
2024;5;Secretaria de Esportes e Lazer;funcao_confianca;104709.42;10;10;13.12
2024;5;Secretaria de Esportes e Lazer;comissionados;75281.95;5;5;9.43
2024;5;Secretaria de Esportes e Lazer;flexiveis;9654.72;9;9;1.21
2024;5;Secretaria de Gabinete Central;efetivos;380294.85;42;36;46.17
2024;5;Secretaria de Gabinete Central;funcao_confianca;298383.92;26;22;36.23
2024;5;Secretaria de Gabinete Central;comissionados;137231.65;10;9;16.66
2024;5;Secretaria de Gabinete Central;flexiveis;7775.04;8;8;0.94
2024;5;Secretaria de Governo;efetivos;564362.59;52;48;43.18
2024;5;Secretaria de Governo;funcao_confianca;465259.86;30;27;35.6
2024;5;Secretaria de Governo;comissionados;245642.75999999998;15;15;18.8
2024;5;Secretaria de Governo;flexiveis;31675.12;31;31;2.42
2024;5;Secretaria de Mobilidade;efetivos;240726.78;15;12;69.01
2024;5;Secretaria de Mobilidade;funcao_confianca;64822.75;4;4;18.58
2024;5;Secretaria de Mobilidade;comissionados;27492.96;2;2;7.88
2024;5;Secretaria de Mobilidade;flexiveis;15787.199999999999;17;17;4.53
2024;5;Secretaria de Planejamento e Desenvolvimento Urbano;efetivos;1198052.91;156;122;72.6
2024;5;Secretaria de Planejamento e Desenvolvimento Urbano;funcao_confianca;297816.72;27;24;18.05
2024;5;Secretaria de Planejamento e Desenvolvimento Urbano;comissionados;116023.54;8;8;7.03
2024;5;Secretaria de Planejamento e Desenvolvimento Urbano;flexiveis;38427.92;38;38;2.33
2024;5;Secretaria de Recursos Humanos;efetivos;728189.99;95;84;67.6
2024;5;Secretaria de Recursos Humanos;funcao_confianca;295571.95;28;23;27.44
2024;5;Secretaria de Recursos Humanos;comissionados;37813.5;3;3;3.51
2024;5;Secretaria de Recursos Humanos;flexiveis;15553.92;15;15;1.44
2024;5;Secretaria de Relações Institucionais e Metropolitanas;comissionados;88089.01999999999;6;6;57.48
2024;5;Secretaria de Relações Institucionais e Metropolitanas;funcao_confianca;48396.44;5;4;31.58
2024;5;Secretaria de Relações Institucionais e Metropolitanas;efetivos;16756.29;2;2;10.93
2024;5;Secretaria de Relações do Trabalho e Qualificação Profissional;efetivos;187034.37;34;28;58.74
2024;5;Secretaria de Relações do Trabalho e Qualificação Profissional;comissionados;76006.8;6;6;23.87
2024;5;Secretaria de Relações do Trabalho e Qualificação Profissional;funcao_confianca;50099.57;5;5;15.74
2024;5;Secretaria de Relações do Trabalho e Qualificação Profissional;flexiveis;5243.2;5;4;1.65
2024;5;Secretaria de Segurança Urbana;efetivos;4223682.9799999995;363;332;93.5
2024;5;Secretaria de Segurança Urbana;funcao_confianca;230532.1;16;14;5.1
2024;5;Secretaria de Segurança Urbana;comissionados;42348.94;3;3;0.94
2024;5;Secretaria de Segurança Urbana;flexiveis;20741.12;21;21;0.46
2024;5;Secretaria de Serviços Públicos e Obras;efetivos;871413.18;116;104;68.36
2024;5;Secretaria de Serviços Públicos e Obras;funcao_confianca;279310.97;18;18;21.91
2024;5;Secretaria de Serviços Públicos e Obras;comissionados;121975.92;9;8;9.57
2024;5;Secretaria de Serviços Públicos e Obras;flexiveis;2061.12;2;2;0.16
2024;5;Secretaria do Meio Ambiente, Parques e Jardins;efetivos;667108.79;83;75;64.75
2024;5;Secretaria do Meio Ambiente, Parques e Jardins;funcao_confianca;243364.12;24;19;23.62
2024;5;Secretaria do Meio Ambiente, Parques e Jardins;comissionados;90641.5;7;6;8.8
2024;5;Secretaria do Meio Ambiente, Parques e Jardins;flexiveis;29214.399999999998;28;27;2.84
2024;6;Chefia do Poder Executivo;comissionados;65123.61;3;3;48.45
2024;6;Chefia do Poder Executivo;funcao_confianca;38121.95;2;2;28.36
2024;6;Chefia do Poder Executivo;efetivos;31181.29;2;2;23.2
2024;6;Inativos e Pensionistas (Encargos);inativos;1126123.12;241;241;100.0
2024;6;Secretaria da Cidadania;efetivos;1579219.1300000001;212;195;64.54
2024;6;Secretaria da Cidadania;funcao_confianca;517237.79;42;37;21.14
2024;6;Secretaria da Cidadania;flexiveis;218901.44;30;30;8.95
2024;6;Secretaria da Cidadania;comissionados;131540.07;10;10;5.38
2024;6;Secretaria da Educação;efetivos;39129293.59;5181;5076;88.21
2024;6;Secretaria da Educação;flexiveis;4496766.86;2896;2846;10.14
2024;6;Secretaria da Educação;funcao_confianca;624858.06;51;47;1.41
2024;6;Secretaria da Educação;comissionados;110178.23999999999;8;8;0.25
2024;6;Secretaria da Fazenda;efetivos;1329924.5;154;128;73.19
2024;6;Secretaria da Fazenda;funcao_confianca;443726.73;38;33;24.42
2024;6;Secretaria da Fazenda;comissionados;42423.94;3;3;2.33
2024;6;Secretaria da Fazenda;flexiveis;1084.8;1;1;0.06
2024;6;Secretaria da Habitação e Regularização Fundiária;efetivos;199407.68;24;22;52.95
2024;6;Secretaria da Habitação e Regularização Fundiária;funcao_confianca;99058.9;9;8;26.3
2024;6;Secretaria da Habitação e Regularização Fundiária;comissionados;72703.72;5;5;19.31
2024;6;Secretaria da Habitação e Regularização Fundiária;flexiveis;5424.0;5;5;1.44
2024;6;Secretaria da Saúde;efetivos;26191530.57;2693;2398;90.59
2024;6;Secretaria da Saúde;funcao_confianca;2520350.65;164;143;8.72
2024;6;Secretaria da Saúde;comissionados;141051.69;10;9;0.49
2024;6;Secretaria da Saúde;flexiveis;58717.25;49;47;0.2
2024;6;Secretaria de Administração;efetivos;1446248.85;200;172;61.96
2024;6;Secretaria de Administração;funcao_confianca;677122.1;59;50;29.01
2024;6;Secretaria de Administração;comissionados;156025.25;10;10;6.68
2024;6;Secretaria de Administração;flexiveis;54642.4;54;54;2.34
2024;6;Secretaria de Assuntos Jurídicos e Patrimônio;efetivos;1598119.57;93;85;76.04
2024;6;Secretaria de Assuntos Jurídicos e Patrimônio;funcao_confianca;482780.24;26;25;22.97
2024;6;Secretaria de Assuntos Jurídicos e Patrimônio;comissionados;15976.66;1;1;0.76
2024;6;Secretaria de Assuntos Jurídicos e Patrimônio;flexiveis;4769.5199999999995;7;7;0.23
2024;6;Secretaria de Comunicação;funcao_confianca;160403.41;15;12;47.4
2024;6;Secretaria de Comunicação;comissionados;112929.93;8;8;33.37
2024;6;Secretaria de Comunicação;efetivos;59635.02;6;6;17.62
2024;6;Secretaria de Comunicação;flexiveis;5424.0;5;5;1.6
2024;6;Secretaria de Cultura;efetivos;320703.56;43;34;58.09
2024;6;Secretaria de Cultura;funcao_confianca;123602.61;8;6;22.39
2024;6;Secretaria de Cultura;comissionados;88339.89;6;6;16.0
2024;6;Secretaria de Cultura;flexiveis;19414.719999999998;19;19;3.52
2024;6;Secretaria de Desenvolvimento Econômico, Trabalho e Turismo;efetivos;124056.09;14;13;40.86
2024;6;Secretaria de Desenvolvimento Econômico, Trabalho e Turismo;funcao_confianca;96187.86;11;9;31.68
2024;6;Secretaria de Desenvolvimento Econômico, Trabalho e Turismo;comissionados;74834.73999999999;6;5;24.65
2024;6;Secretaria de Desenvolvimento Econômico, Trabalho e Turismo;flexiveis;8516.64;7;7;2.81
2024;6;Secretaria de Esportes e Lazer;efetivos;717421.03;66;59;77.93
2024;6;Secretaria de Esportes e Lazer;funcao_confianca;115823.99;14;10;12.58
2024;6;Secretaria de Esportes e Lazer;comissionados;73813.22;5;5;8.02
2024;6;Secretaria de Esportes e Lazer;flexiveis;13588.4;13;12;1.48
2024;6;Secretaria de Gabinete Central;funcao_confianca;389527.96;29;23;42.45
2024;6;Secretaria de Gabinete Central;efetivos;384848.2;42;36;41.94
2024;6;Secretaria de Gabinete Central;comissionados;135845.93;9;9;14.81
2024;6;Secretaria de Gabinete Central;flexiveis;7308.639999999999;8;8;0.8
2024;6;Secretaria de Governo;efetivos;553421.84;47;44;48.05
2024;6;Secretaria de Governo;funcao_confianca;396335.41000000003;29;26;34.41
2024;6;Secretaria de Governo;comissionados;169924.54;12;12;14.75
2024;6;Secretaria de Governo;flexiveis;32016.399999999998;32;32;2.78
2024;6;Secretaria de Mobilidade;efetivos;150960.24;12;12;57.09
2024;6;Secretaria de Mobilidade;funcao_confianca;66711.15;5;4;25.23
2024;6;Secretaria de Mobilidade;comissionados;27542.96;2;2;10.42
2024;6;Secretaria de Mobilidade;flexiveis;19195.36;17;16;7.26
2024;6;Secretaria de Planejamento e Desenvolvimento Urbano;efetivos;1100979.43;144;120;67.85
2024;6;Secretaria de Planejamento e Desenvolvimento Urbano;funcao_confianca;376724.16000000003;31;24;23.22
2024;6;Secretaria de Planejamento e Desenvolvimento Urbano;comissionados;104125.19;7;7;6.42
2024;6;Secretaria de Planejamento e Desenvolvimento Urbano;flexiveis;40726.64;40;40;2.51
2024;6;Secretaria de Recursos Humanos;efetivos;701741.17;98;84;68.46
2024;6;Secretaria de Recursos Humanos;funcao_confianca;266246.99;23;22;25.97
2024;6;Secretaria de Recursos Humanos;comissionados;41314.44;3;3;4.03
2024;6;Secretaria de Recursos Humanos;flexiveis;15779.44;17;17;1.54
2024;6;Secretaria de Relações Institucionais e Metropolitanas;comissionados;94087.70999999999;7;7;60.11
2024;6;Secretaria de Relações Institucionais e Metropolitanas;funcao_confianca;45629.07;4;4;29.15
2024;6;Secretaria de Relações Institucionais e Metropolitanas;efetivos;16806.28;2;2;10.74
2024;6;Secretaria de Relações do Trabalho e Qualificação Profissional;efetivos;198648.8;32;28;60.39
2024;6;Secretaria de Relações do Trabalho e Qualificação Profissional;comissionados;70503.61;5;5;21.43
2024;6;Secretaria de Relações do Trabalho e Qualificação Profissional;funcao_confianca;55465.14;5;5;16.86
2024;6;Secretaria de Relações do Trabalho e Qualificação Profissional;flexiveis;4339.2;4;4;1.32
2024;6;Secretaria de Segurança Urbana;efetivos;3994227.92;358;329;91.95
2024;6;Secretaria de Segurança Urbana;funcao_confianca;286035.9;16;14;6.58
2024;6;Secretaria de Segurança Urbana;comissionados;42423.94;3;3;0.98
2024;6;Secretaria de Segurança Urbana;flexiveis;21370.559999999998;21;21;0.49
2024;6;Secretaria de Serviços Públicos e Obras;efetivos;855105.39;113;102;71.33
2024;6;Secretaria de Serviços Públicos e Obras;funcao_confianca;224095.76;20;19;18.69
2024;6;Secretaria de Serviços Públicos e Obras;comissionados;115127.66;8;8;9.6
2024;6;Secretaria de Serviços Públicos e Obras;flexiveis;4411.52;5;4;0.37
2024;6;Secretaria do Meio Ambiente, Parques e Jardins;efetivos;746082.4400000001;85;75;68.64
2024;6;Secretaria do Meio Ambiente, Parques e Jardins;funcao_confianca;225550.75;22;19;20.75
2024;6;Secretaria do Meio Ambiente, Parques e Jardins;comissionados;89498.98;7;6;8.23
2024;6;Secretaria do Meio Ambiente, Parques e Jardins;flexiveis;25793.6;25;25;2.37
2024;7;Chefia do Poder Executivo;comissionados;65098.61;3;3;42.35
2024;7;Chefia do Poder Executivo;funcao_confianca;57500.51;3;2;37.4
2024;7;Chefia do Poder Executivo;efetivos;31131.29;2;2;20.25
2024;7;Inativos e Pensionistas (Encargos);inativos;1110933.42;237;237;100.0
2024;7;Secretaria da Cidadania;efetivos;1587913.61;236;193;66.17
2024;7;Secretaria da Cidadania;funcao_confianca;453154.08;45;37;18.88
2024;7;Secretaria da Cidadania;flexiveis;212492.82;30;30;8.86
2024;7;Secretaria da Cidadania;comissionados;146038.47;11;11;6.09
2024;7;Secretaria da Educação;efetivos;39509007.52;5247;5063;87.89
2024;7;Secretaria da Educação;flexiveis;4713864.72;2917;2876;10.49
2024;7;Secretaria da Educação;funcao_confianca;640773.16;60;47;1.43
2024;7;Secretaria da Educação;comissionados;87459.7;6;6;0.19
2024;7;Secretaria da Fazenda;efetivos;1362712.02;155;128;74.34
2024;7;Secretaria da Fazenda;funcao_confianca;413182.03;41;33;22.54
2024;7;Secretaria da Fazenda;comissionados;56095.409999999996;4;4;3.06
2024;7;Secretaria da Fazenda;flexiveis;1084.8;1;1;0.06
2024;7;Secretaria da Habitação e Regularização Fundiária;efetivos;197682.82;22;21;57.01
2024;7;Secretaria da Habitação e Regularização Fundiária;funcao_confianca;85483.81999999999;8;8;24.65
2024;7;Secretaria da Habitação e Regularização Fundiária;comissionados;58215.36;5;5;16.79
2024;7;Secretaria da Habitação e Regularização Fundiária;flexiveis;5370.719999999999;6;6;1.55
2024;7;Secretaria da Saúde;efetivos;27252442.81;3341;2396;90.29
2024;7;Secretaria da Saúde;funcao_confianca;2744974.55;181;139;9.09
2024;7;Secretaria da Saúde;comissionados;144503.78;11;11;0.48
2024;7;Secretaria da Saúde;flexiveis;41928.24;46;44;0.14
2024;7;Secretaria de Administração;efetivos;1536798.04;206;172;62.68
2024;7;Secretaria de Administração;funcao_confianca;647719.71;68;50;26.42
2024;7;Secretaria de Administração;comissionados;218774.88999999998;12;11;8.92
2024;7;Secretaria de Administração;flexiveis;48385.119999999995;49;48;1.97
2024;7;Secretaria de Assuntos Jurídicos e Patrimônio;efetivos;1563918.32;113;82;78.48
2024;7;Secretaria de Assuntos Jurídicos e Patrimônio;funcao_confianca;406147.68;31;25;20.38
2024;7;Secretaria de Assuntos Jurídicos e Patrimônio;comissionados;15951.66;1;1;0.8
2024;7;Secretaria de Assuntos Jurídicos e Patrimônio;flexiveis;6651.12;8;7;0.33
2024;7;Secretaria de Comunicação;funcao_confianca;138354.94;13;12;42.54
2024;7;Secretaria de Comunicação;comissionados;114452.66;8;8;35.19
2024;7;Secretaria de Comunicação;efetivos;64982.99;7;7;19.98
2024;7;Secretaria de Comunicação;flexiveis;7448.96;7;6;2.29
2024;7;Secretaria de Cultura;efetivos;241665.4;39;37;60.29
2024;7;Secretaria de Cultura;comissionados;76566.15;6;6;19.1
2024;7;Secretaria de Cultura;funcao_confianca;60865.84;5;5;15.18
2024;7;Secretaria de Cultura;flexiveis;21732.96;21;21;5.42
2024;7;Secretaria de Desenvolvimento Econômico, Trabalho e Turismo;efetivos;149519.84;20;16;49.03
2024;7;Secretaria de Desenvolvimento Econômico, Trabalho e Turismo;funcao_confianca;81706.62;9;7;26.79
2024;7;Secretaria de Desenvolvimento Econômico, Trabalho e Turismo;comissionados;67453.43;6;5;22.12
2024;7;Secretaria de Desenvolvimento Econômico, Trabalho e Turismo;flexiveis;6264.0;6;6;2.05
2024;7;Secretaria de Esportes e Lazer;efetivos;610319.89;71;58;74.06
2024;7;Secretaria de Esportes e Lazer;funcao_confianca;120762.86;14;10;14.65
2024;7;Secretaria de Esportes e Lazer;comissionados;76894.36;6;6;9.33
2024;7;Secretaria de Esportes e Lazer;flexiveis;16127.359999999999;16;15;1.96
2024;7;Secretaria de Gabinete Central;efetivos;347648.83999999997;43;35;41.73
2024;7;Secretaria de Gabinete Central;funcao_confianca;343083.65;28;24;41.18
2024;7;Secretaria de Gabinete Central;comissionados;135796.81;9;9;16.3
2024;7;Secretaria de Gabinete Central;flexiveis;6598.0;7;7;0.79
2024;7;Secretaria de Governo;efetivos;610221.06;54;42;47.23
2024;7;Secretaria de Governo;funcao_confianca;441672.25;39;27;34.18
2024;7;Secretaria de Governo;comissionados;208661.1;11;11;16.15
2024;7;Secretaria de Governo;flexiveis;31486.32;32;32;2.44
2024;7;Secretaria de Mobilidade;efetivos;121941.04000000001;16;14;48.91
2024;7;Secretaria de Mobilidade;funcao_confianca;75577.3;5;5;30.32
2024;7;Secretaria de Mobilidade;comissionados;35800.95;3;3;14.36
2024;7;Secretaria de Mobilidade;flexiveis;15977.119999999999;16;16;6.41
2024;7;Secretaria de Planejamento e Desenvolvimento Urbano;efetivos;1259437.94;161;122;71.2
2024;7;Secretaria de Planejamento e Desenvolvimento Urbano;funcao_confianca;350281.6;30;24;19.8
2024;7;Secretaria de Planejamento e Desenvolvimento Urbano;comissionados;120749.56;9;9;6.83
2024;7;Secretaria de Planejamento e Desenvolvimento Urbano;flexiveis;38477.2;37;37;2.18
2024;7;Secretaria de Recursos Humanos;efetivos;627421.59;98;83;63.75
2024;7;Secretaria de Recursos Humanos;funcao_confianca;291700.87;28;23;29.64
2024;7;Secretaria de Recursos Humanos;comissionados;48142.42;4;4;4.89
2024;7;Secretaria de Recursos Humanos;flexiveis;17001.12;16;16;1.73
2024;7;Secretaria de Relações Institucionais e Metropolitanas;comissionados;98269.39;8;7;60.95
2024;7;Secretaria de Relações Institucionais e Metropolitanas;funcao_confianca;46214.99;4;4;28.66
2024;7;Secretaria de Relações Institucionais e Metropolitanas;efetivos;16756.28;2;2;10.39
2024;7;Secretaria de Relações do Trabalho e Qualificação Profissional;efetivos;189066.92;33;27;58.4
2024;7;Secretaria de Relações do Trabalho e Qualificação Profissional;comissionados;65447.99;4;4;20.21
2024;7;Secretaria de Relações do Trabalho e Qualificação Profissional;funcao_confianca;64439.1;9;5;19.9
2024;7;Secretaria de Relações do Trabalho e Qualificação Profissional;flexiveis;4809.28;5;5;1.49
2024;7;Secretaria de Segurança Urbana;efetivos;4309610.53;377;327;92.94
2024;7;Secretaria de Segurança Urbana;funcao_confianca;263054.86;20;15;5.67
2024;7;Secretaria de Segurança Urbana;comissionados;42348.94;3;3;0.91
2024;7;Secretaria de Segurança Urbana;flexiveis;21961.2;21;21;0.47
2024;7;Secretaria de Serviços Públicos e Obras;efetivos;866165.42;118;103;71.8
2024;7;Secretaria de Serviços Públicos e Obras;funcao_confianca;221876.73;24;17;18.39
2024;7;Secretaria de Serviços Públicos e Obras;comissionados;114026.73;8;8;9.45
2024;7;Secretaria de Serviços Públicos e Obras;flexiveis;4339.2;4;4;0.36
2024;7;Secretaria do Meio Ambiente, Parques e Jardins;efetivos;732886.9400000001;101;77;64.85
2024;7;Secretaria do Meio Ambiente, Parques e Jardins;funcao_confianca;259743.96;22;18;22.98
2024;7;Secretaria do Meio Ambiente, Parques e Jardins;comissionados;114066.61;9;9;10.09
2024;7;Secretaria do Meio Ambiente, Parques e Jardins;flexiveis;23505.6;23;23;2.08
2024;8;Chefia do Poder Executivo;funcao_confianca;72268.75;4;2;40.46
2024;8;Chefia do Poder Executivo;comissionados;64598.61;3;3;36.17
2024;8;Chefia do Poder Executivo;efetivos;41746.73;3;2;23.37
2024;8;Inativos e Pensionistas (Encargos);inativos;1101651.31;235;235;100.0
2024;8;Secretaria da Cidadania;efetivos;1618520.64;224;197;67.17
2024;8;Secretaria da Cidadania;funcao_confianca;435790.4;46;36;18.09
2024;8;Secretaria da Cidadania;flexiveis;225260.92;38;31;9.35
2024;8;Secretaria da Cidadania;comissionados;129900.9;10;10;5.39
2024;8;Secretaria da Educação;efetivos;39330341.96;5271;5079;91.4
2024;8;Secretaria da Educação;flexiveis;2933360.58;2537;2440;6.82
2024;8;Secretaria da Educação;funcao_confianca;654700.33;53;47;1.52
2024;8;Secretaria da Educação;comissionados;112394.0;7;7;0.26
2024;8;Secretaria da Fazenda;efetivos;1367575.36;157;130;73.52
2024;8;Secretaria da Fazenda;funcao_confianca;423351.72000000003;42;34;22.76
2024;8;Secretaria da Fazenda;comissionados;68239.04;5;5;3.67
2024;8;Secretaria da Fazenda;flexiveis;1072.48;1;1;0.06
2024;8;Secretaria da Habitação e Regularização Fundiária;efetivos;196654.65;23;21;54.57
2024;8;Secretaria da Habitação e Regularização Fundiária;funcao_confianca;101365.83;10;8;28.13
2024;8;Secretaria da Habitação e Regularização Fundiária;comissionados;55981.3;4;4;15.53
2024;8;Secretaria da Habitação e Regularização Fundiária;flexiveis;6364.16;6;6;1.77
2024;8;Secretaria da Saúde;efetivos;25540948.49;2750;2400;90.47
2024;8;Secretaria da Saúde;funcao_confianca;2507620.11;164;141;8.88
2024;8;Secretaria da Saúde;comissionados;131369.25;10;10;0.47
2024;8;Secretaria da Saúde;flexiveis;50982.56;55;51;0.18
2024;8;Secretaria de Administração;efetivos;1521594.42;202;181;64.82
2024;8;Secretaria de Administração;funcao_confianca;616017.99;58;49;26.24
2024;8;Secretaria de Administração;comissionados;164565.68;11;10;7.01
2024;8;Secretaria de Administração;flexiveis;45298.64;46;45;1.93
2024;8;Secretaria de Assuntos Jurídicos e Patrimônio;efetivos;1376333.69;100;87;81.21
2024;8;Secretaria de Assuntos Jurídicos e Patrimônio;funcao_confianca;298407.47;27;24;17.61
2024;8;Secretaria de Assuntos Jurídicos e Patrimônio;comissionados;13723.34;1;1;0.81
2024;8;Secretaria de Assuntos Jurídicos e Patrimônio;flexiveis;6333.599999999999;7;7;0.37
2024;8;Secretaria de Comunicação;funcao_confianca;146544.32;14;12;42.29
2024;8;Secretaria de Comunicação;comissionados;128794.12999999999;9;9;37.17
2024;8;Secretaria de Comunicação;efetivos;64657.979999999996;7;7;18.66
2024;8;Secretaria de Comunicação;flexiveis;6508.799999999999;6;6;1.88
2024;8;Secretaria de Cultura;efetivos;255951.02;43;37;57.18
2024;8;Secretaria de Cultura;comissionados;88470.33;7;7;19.77
2024;8;Secretaria de Cultura;funcao_confianca;80685.49;6;6;18.03
2024;8;Secretaria de Cultura;flexiveis;22496.879999999997;22;22;5.03
2024;8;Secretaria de Desenvolvimento Econômico, Trabalho e Turismo;efetivos;152341.78;19;16;44.05
2024;8;Secretaria de Desenvolvimento Econômico, Trabalho e Turismo;funcao_confianca;123081.52;10;8;35.59
2024;8;Secretaria de Desenvolvimento Econômico, Trabalho e Turismo;comissionados;64193.299999999996;5;5;18.56
2024;8;Secretaria de Desenvolvimento Econômico, Trabalho e Turismo;flexiveis;6219.5199999999995;7;7;1.8
2024;8;Secretaria de Esportes e Lazer;efetivos;611833.29;64;61;75.66
2024;8;Secretaria de Esportes e Lazer;funcao_confianca;95622.02;10;10;11.82
2024;8;Secretaria de Esportes e Lazer;comissionados;84168.89;6;6;10.41
2024;8;Secretaria de Esportes e Lazer;flexiveis;17054.16;15;15;2.11
2024;8;Secretaria de Gabinete Central;efetivos;320511.73;39;34;37.89
2024;8;Secretaria de Gabinete Central;funcao_confianca;304045.37;28;23;35.94
2024;8;Secretaria de Gabinete Central;comissionados;213085.21;11;10;25.19
2024;8;Secretaria de Gabinete Central;flexiveis;8362.88;9;9;0.99
2024;8;Secretaria de Governo;efetivos;504779.22000000003;52;41;45.94
2024;8;Secretaria de Governo;funcao_confianca;402740.23;32;27;36.66
2024;8;Secretaria de Governo;comissionados;157502.81;11;11;14.34
2024;8;Secretaria de Governo;flexiveis;33689.92;38;37;3.07
2024;8;Secretaria de Mobilidade;efetivos;128613.74;15;14;47.44
2024;8;Secretaria de Mobilidade;funcao_confianca;75483.41;5;5;27.84
2024;8;Secretaria de Mobilidade;comissionados;49488.74;3;3;18.25
2024;8;Secretaria de Mobilidade;flexiveis;17528.899999999998;20;20;6.47
2024;8;Secretaria de Planejamento e Desenvolvimento Urbano;efetivos;1091905.34;134;119;71.08
2024;8;Secretaria de Planejamento e Desenvolvimento Urbano;funcao_confianca;310432.07;29;24;20.21
2024;8;Secretaria de Planejamento e Desenvolvimento Urbano;comissionados;95834.49;7;6;6.24
2024;8;Secretaria de Planejamento e Desenvolvimento Urbano;flexiveis;38019.439999999995;37;37;2.47
2024;8;Secretaria de Recursos Humanos;efetivos;650833.3;94;86;66.4
2024;8;Secretaria de Recursos Humanos;funcao_confianca;269398.93;24;23;27.49
2024;8;Secretaria de Recursos Humanos;comissionados;41314.44;3;3;4.22
2024;8;Secretaria de Recursos Humanos;flexiveis;18585.76;20;19;1.9
2024;8;Secretaria de Relações Institucionais e Metropolitanas;comissionados;63446.2;5;4;46.33
2024;8;Secretaria de Relações Institucionais e Metropolitanas;funcao_confianca;56723.25;6;4;41.42
2024;8;Secretaria de Relações Institucionais e Metropolitanas;efetivos;16781.28;2;2;12.25
2024;8;Secretaria de Relações do Trabalho e Qualificação Profissional;efetivos;192531.08000000002;32;27;59.78
2024;8;Secretaria de Relações do Trabalho e Qualificação Profissional;comissionados;65522.99;4;4;20.34
2024;8;Secretaria de Relações do Trabalho e Qualificação Profissional;funcao_confianca;55790.13;5;5;17.32
2024;8;Secretaria de Relações do Trabalho e Qualificação Profissional;flexiveis;8244.48;8;8;2.56
2024;8;Secretaria de Segurança Urbana;efetivos;4433184.86;351;326;93.94
2024;8;Secretaria de Segurança Urbana;funcao_confianca;208544.85;14;13;4.42
2024;8;Secretaria de Segurança Urbana;comissionados;51796.26;3;3;1.1
2024;8;Secretaria de Segurança Urbana;flexiveis;25890.559999999998;24;22;0.55
2024;8;Secretaria de Serviços Públicos e Obras;efetivos;865361.24;118;107;70.8
2024;8;Secretaria de Serviços Públicos e Obras;funcao_confianca;219300.0;24;18;17.94
2024;8;Secretaria de Serviços Públicos e Obras;comissionados;129377.81999999999;9;9;10.58
2024;8;Secretaria de Serviços Públicos e Obras;flexiveis;8256.56;8;7;0.68
2024;8;Secretaria do Meio Ambiente, Parques e Jardins;efetivos;699607.35;87;80;68.46
2024;8;Secretaria do Meio Ambiente, Parques e Jardins;funcao_confianca;209173.44;21;18;20.47
2024;8;Secretaria do Meio Ambiente, Parques e Jardins;comissionados;87584.7;6;6;8.57
2024;8;Secretaria do Meio Ambiente, Parques e Jardins;flexiveis;25585.76;24;24;2.5
2024;9;Chefia do Poder Executivo;comissionados;63619.84;3;3;52.24
2024;9;Chefia do Poder Executivo;efetivos;32766.75;3;2;26.91
2024;9;Chefia do Poder Executivo;funcao_confianca;25397.29;2;2;20.85
2024;9;Inativos e Pensionistas (Encargos);inativos;1122335.64;234;234;100.0
2024;9;Secretaria da Cidadania;efetivos;1531165.16;216;197;65.44
2024;9;Secretaria da Cidadania;funcao_confianca;464617.2;39;36;19.86
2024;9;Secretaria da Cidadania;flexiveis;222735.16;34;33;9.52
2024;9;Secretaria da Cidadania;comissionados;121451.15;11;9;5.19
2024;9;Secretaria da Educação;efetivos;40057267.49;5333;5096;88.13
2024;9;Secretaria da Educação;flexiveis;4701396.95;2910;2870;10.34
2024;9;Secretaria da Educação;funcao_confianca;625922.9299999999;51;46;1.38
2024;9;Secretaria da Educação;comissionados;68982.4;5;5;0.15
2024;9;Secretaria da Fazenda;efetivos;1497785.86;140;130;72.58
2024;9;Secretaria da Fazenda;funcao_confianca;490375.38;41;34;23.76
2024;9;Secretaria da Fazenda;comissionados;74492.58;6;5;3.61
2024;9;Secretaria da Fazenda;flexiveis;1084.8;1;1;0.05
2024;9;Secretaria da Habitação e Regularização Fundiária;efetivos;208706.41;26;21;57.7
2024;9;Secretaria da Habitação e Regularização Fundiária;funcao_confianca;86280.51;8;8;23.85
2024;9;Secretaria da Habitação e Regularização Fundiária;comissionados;59007.24;4;4;16.31
2024;9;Secretaria da Habitação e Regularização Fundiária;flexiveis;7738.24;7;7;2.14
2024;9;Secretaria da Saúde;efetivos;25676241.05;2701;2400;90.09
2024;9;Secretaria da Saúde;funcao_confianca;2630719.77;169;141;9.23
2024;9;Secretaria da Saúde;comissionados;136698.37;9;9;0.48
2024;9;Secretaria da Saúde;flexiveis;56879.52;51;49;0.2
2024;9;Secretaria de Administração;efetivos;1478710.42;193;179;64.47
2024;9;Secretaria de Administração;funcao_confianca;616552.43;57;50;26.88
2024;9;Secretaria de Administração;comissionados;150775.44;11;10;6.57
2024;9;Secretaria de Administração;flexiveis;47775.2;49;47;2.08
2024;9;Secretaria de Assuntos Jurídicos e Patrimônio;efetivos;1489849.76;95;85;82.72
2024;9;Secretaria de Assuntos Jurídicos e Patrimônio;funcao_confianca;306439.36;27;23;17.01
2024;9;Secretaria de Assuntos Jurídicos e Patrimônio;flexiveis;4873.36;7;7;0.27
2024;9;Secretaria de Comunicação;funcao_confianca;179487.32;16;12;49.73
2024;9;Secretaria de Comunicação;comissionados;99846.67;7;7;27.66
2024;9;Secretaria de Comunicação;efetivos;75091.45;9;7;20.8
2024;9;Secretaria de Comunicação;flexiveis;6508.799999999999;6;6;1.8
2024;9;Secretaria de Cultura;efetivos;288256.27;44;38;59.24
2024;9;Secretaria de Cultura;comissionados;93819.38;7;7;19.28
2024;9;Secretaria de Cultura;funcao_confianca;80835.49;6;6;16.61
2024;9;Secretaria de Cultura;flexiveis;23685.6;22;22;4.87
2024;9;Secretaria de Desenvolvimento Econômico, Trabalho e Turismo;efetivos;143173.54;17;16;43.96
2024;9;Secretaria de Desenvolvimento Econômico, Trabalho e Turismo;funcao_confianca;112437.23000000001;10;8;34.52
2024;9;Secretaria de Desenvolvimento Econômico, Trabalho e Turismo;comissionados;61226.659999999996;4;4;18.8
2024;9;Secretaria de Desenvolvimento Econômico, Trabalho e Turismo;flexiveis;8859.199999999999;8;8;2.72
2024;9;Secretaria de Esportes e Lazer;efetivos;588243.31;65;60;75.07
2024;9;Secretaria de Esportes e Lazer;funcao_confianca;105611.04000000001;10;10;13.48
2024;9;Secretaria de Esportes e Lazer;comissionados;73363.22;5;5;9.36
2024;9;Secretaria de Esportes e Lazer;flexiveis;16372.48;15;15;2.09
2024;9;Secretaria de Gabinete Central;efetivos;355178.83;41;35;43.38
2024;9;Secretaria de Gabinete Central;funcao_confianca;325294.37;27;23;39.73
2024;9;Secretaria de Gabinete Central;comissionados;129977.4;6;6;15.87
2024;9;Secretaria de Gabinete Central;flexiveis;8318.4;8;8;1.02
2024;9;Secretaria de Governo;efetivos;504969.54;44;39;45.47
2024;9;Secretaria de Governo;funcao_confianca;433957.66000000003;30;28;39.07
2024;9;Secretaria de Governo;comissionados;136521.71;10;9;12.29
2024;9;Secretaria de Governo;flexiveis;35131.2;36;36;3.16
2024;9;Secretaria de Mobilidade;efetivos;128349.78;15;14;53.88
2024;9;Secretaria de Mobilidade;funcao_confianca;77412.6;6;5;32.5
2024;9;Secretaria de Mobilidade;flexiveis;18650.52;19;18;7.83
2024;9;Secretaria de Mobilidade;comissionados;13796.48;1;1;5.79
2024;9;Secretaria de Planejamento e Desenvolvimento Urbano;efetivos;1159161.42;138;124;71.62
2024;9;Secretaria de Planejamento e Desenvolvimento Urbano;funcao_confianca;323759.52;26;24;20.0
2024;9;Secretaria de Planejamento e Desenvolvimento Urbano;comissionados;91161.81999999999;7;6;5.63
2024;9;Secretaria de Planejamento e Desenvolvimento Urbano;flexiveis;44513.6;45;45;2.75
2024;9;Secretaria de Recursos Humanos;efetivos;726693.2;102;88;68.22
2024;9;Secretaria de Recursos Humanos;funcao_confianca;261084.07;27;22;24.51
2024;9;Secretaria de Recursos Humanos;comissionados;59007.24;4;4;5.54
2024;9;Secretaria de Recursos Humanos;flexiveis;18392.32;18;18;1.73
2024;9;Secretaria de Relações Institucionais e Metropolitanas;comissionados;72334.98999999999;4;4;52.22
2024;9;Secretaria de Relações Institucionais e Metropolitanas;funcao_confianca;42365.11;4;4;30.58
2024;9;Secretaria de Relações Institucionais e Metropolitanas;efetivos;23828.1;3;2;17.2
2024;9;Secretaria de Relações do Trabalho e Qualificação Profissional;efetivos;178956.1;33;27;57.25
2024;9;Secretaria de Relações do Trabalho e Qualificação Profissional;comissionados;62828.56;4;4;20.1
2024;9;Secretaria de Relações do Trabalho e Qualificação Profissional;funcao_confianca;62429.62;8;5;19.97
2024;9;Secretaria de Relações do Trabalho e Qualificação Profissional;flexiveis;8369.039999999999;8;8;2.68
2024;9;Secretaria de Segurança Urbana;efetivos;3950976.78;348;325;94.02
2024;9;Secretaria de Segurança Urbana;funcao_confianca;214619.46;16;13;5.11
2024;9;Secretaria de Segurança Urbana;flexiveis;23020.8;22;22;0.55
2024;9;Secretaria de Segurança Urbana;comissionados;13796.48;1;1;0.33
2024;9;Secretaria de Serviços Públicos e Obras;efetivos;926344.06;111;106;73.32
2024;9;Secretaria de Serviços Públicos e Obras;funcao_confianca;214963.75;22;18;17.01
2024;9;Secretaria de Serviços Públicos e Obras;comissionados;117190.62;8;8;9.28
2024;9;Secretaria de Serviços Públicos e Obras;flexiveis;4939.2;6;6;0.39
2024;9;Secretaria do Meio Ambiente, Parques e Jardins;efetivos;709958.08;84;79;67.38
2024;9;Secretaria do Meio Ambiente, Parques e Jardins;funcao_confianca;231168.99;22;20;21.94
2024;9;Secretaria do Meio Ambiente, Parques e Jardins;comissionados;87709.69;6;6;8.32
2024;9;Secretaria do Meio Ambiente, Parques e Jardins;flexiveis;24807.68;24;24;2.35
2024;10;Chefia do Poder Executivo;comissionados;56768.47;3;3;44.95
2024;10;Chefia do Poder Executivo;funcao_confianca;38221.95;2;2;30.26
2024;10;Chefia do Poder Executivo;efetivos;31315.6;2;2;24.79
2024;10;Inativos e Pensionistas (Encargos);inativos;1116450.53;232;232;100.0
2024;10;Secretaria da Cidadania;efetivos;1536879.3;219;197;66.99
2024;10;Secretaria da Cidadania;funcao_confianca;417818.35;37;36;18.21
2024;10;Secretaria da Cidadania;flexiveis;221109.16;34;34;9.64
2024;10;Secretaria da Cidadania;comissionados;118290.65;10;9;5.16
2024;10;Secretaria da Educação;efetivos;39899739.19;5231;5080;87.26
2024;10;Secretaria da Educação;flexiveis;5132118.92;3009;2967;11.22
2024;10;Secretaria da Educação;funcao_confianca;615132.35;52;45;1.35
2024;10;Secretaria da Educação;comissionados;78651.52;7;7;0.17
2024;10;Secretaria da Fazenda;efetivos;1300539.93;142;129;73.04
2024;10;Secretaria da Fazenda;funcao_confianca;421658.96;36;34;23.68
2024;10;Secretaria da Fazenda;comissionados;57346.97;4;4;3.22
2024;10;Secretaria da Fazenda;flexiveis;1084.8;1;1;0.06
2024;10;Secretaria da Habitação e Regularização Fundiária;efetivos;194412.52;23;21;52.03
2024;10;Secretaria da Habitação e Regularização Fundiária;funcao_confianca;108085.83;10;8;28.93
2024;10;Secretaria da Habitação e Regularização Fundiária;comissionados;63551.58;4;4;17.01
2024;10;Secretaria da Habitação e Regularização Fundiária;flexiveis;7593.599999999999;7;7;2.03
2024;10;Secretaria da Saúde;efetivos;25638901.55;2691;2404;90.75
2024;10;Secretaria da Saúde;funcao_confianca;2425202.54;159;138;8.58
2024;10;Secretaria da Saúde;comissionados;140583.96;9;9;0.5
2024;10;Secretaria da Saúde;flexiveis;49086.56;46;46;0.17
2024;10;Secretaria de Administração;efetivos;1517703.61;199;179;62.92
2024;10;Secretaria de Administração;funcao_confianca;670164.58;53;50;27.78
2024;10;Secretaria de Administração;comissionados;175417.66;12;12;7.27
2024;10;Secretaria de Administração;flexiveis;48808.0;49;49;2.02
2024;10;Secretaria de Assuntos Jurídicos e Patrimônio;efetivos;2270489.63;93;85;88.7
2024;10;Secretaria de Assuntos Jurídicos e Patrimônio;funcao_confianca;284727.01;25;23;11.12
2024;10;Secretaria de Assuntos Jurídicos e Patrimônio;flexiveis;4517.84;5;5;0.18
2024;10;Secretaria de Comunicação;funcao_confianca;166762.84;16;12;47.64
2024;10;Secretaria de Comunicação;comissionados;104712.0;8;8;29.91
2024;10;Secretaria de Comunicação;efetivos;70761.62;8;7;20.21
2024;10;Secretaria de Comunicação;flexiveis;7845.679999999999;6;6;2.24
2024;10;Secretaria de Cultura;efetivos;279540.31;40;38;58.19
2024;10;Secretaria de Cultura;funcao_confianca;90728.85;7;7;18.89
2024;10;Secretaria de Cultura;comissionados;88089.88;6;6;18.34
2024;10;Secretaria de Cultura;flexiveis;22018.8;22;22;4.58
2024;10;Secretaria de Desenvolvimento Econômico, Trabalho e Turismo;efetivos;135971.91999999998;17;16;43.18
2024;10;Secretaria de Desenvolvimento Econômico, Trabalho e Turismo;funcao_confianca;109261.29;8;8;34.7
2024;10;Secretaria de Desenvolvimento Econômico, Trabalho e Turismo;comissionados;61001.659999999996;4;4;19.37
2024;10;Secretaria de Desenvolvimento Econômico, Trabalho e Turismo;flexiveis;8678.4;8;8;2.76
2024;10;Secretaria de Esportes e Lazer;efetivos;601573.95;63;60;73.84
2024;10;Secretaria de Esportes e Lazer;funcao_confianca;110557.73999999999;13;10;13.57
2024;10;Secretaria de Esportes e Lazer;comissionados;86221.73999999999;6;6;10.58
2024;10;Secretaria de Esportes e Lazer;flexiveis;16372.72;16;16;2.01
2024;10;Secretaria de Gabinete Central;efetivos;351456.32;39;35;44.62
2024;10;Secretaria de Gabinete Central;funcao_confianca;328747.18;26;23;41.73
2024;10;Secretaria de Gabinete Central;comissionados;98100.13;7;7;12.45
2024;10;Secretaria de Gabinete Central;flexiveis;9403.199999999999;9;9;1.19
2024;10;Secretaria de Governo;efetivos;566557.99;41;40;49.06
2024;10;Secretaria de Governo;funcao_confianca;390420.78;29;27;33.81
2024;10;Secretaria de Governo;comissionados;162057.79;13;13;14.03
2024;10;Secretaria de Governo;flexiveis;35755.6;34;34;3.1
2024;10;Secretaria de Mobilidade;efetivos;133659.72;17;15;54.38
2024;10;Secretaria de Mobilidade;funcao_confianca;75433.06999999999;5;5;30.69
2024;10;Secretaria de Mobilidade;flexiveis;18692.32;17;17;7.61
2024;10;Secretaria de Mobilidade;comissionados;17998.739999999998;2;2;7.32
2024;10;Secretaria de Planejamento e Desenvolvimento Urbano;efetivos;1236800.76;143;123;73.14
2024;10;Secretaria de Planejamento e Desenvolvimento Urbano;funcao_confianca;311476.73;26;24;18.42
2024;10;Secretaria de Planejamento e Desenvolvimento Urbano;comissionados;98770.54;7;7;5.84
2024;10;Secretaria de Planejamento e Desenvolvimento Urbano;flexiveis;43849.28;40;40;2.59
2024;10;Secretaria de Recursos Humanos;efetivos;705181.46;104;88;67.73
2024;10;Secretaria de Recursos Humanos;funcao_confianca;261686.04;26;22;25.13
2024;10;Secretaria de Recursos Humanos;comissionados;57689.93;5;5;5.54
2024;10;Secretaria de Recursos Humanos;flexiveis;16657.2;17;17;1.6
2024;10;Secretaria de Relações Institucionais e Metropolitanas;comissionados;51945.93;5;5;45.3
2024;10;Secretaria de Relações Institucionais e Metropolitanas;funcao_confianca;43583.1;4;3;38.01
2024;10;Secretaria de Relações Institucionais e Metropolitanas;efetivos;19133.14;3;3;16.69
2024;10;Secretaria de Relações do Trabalho e Qualificação Profissional;efetivos;183504.21;28;27;57.18
2024;10;Secretaria de Relações do Trabalho e Qualificação Profissional;comissionados;76677.95999999999;4;4;23.89
2024;10;Secretaria de Relações do Trabalho e Qualificação Profissional;funcao_confianca;53355.17;5;5;16.63
2024;10;Secretaria de Relações do Trabalho e Qualificação Profissional;flexiveis;7368.88;8;8;2.3
2024;10;Secretaria de Segurança Urbana;efetivos;3974168.33;346;323;93.81
2024;10;Secretaria de Segurança Urbana;funcao_confianca;208780.99;13;13;4.93
2024;10;Secretaria de Segurança Urbana;comissionados;28888.54;4;4;0.68
2024;10;Secretaria de Segurança Urbana;flexiveis;24599.52;23;23;0.58
2024;10;Secretaria de Serviços Públicos e Obras;efetivos;883588.93;111;103;70.89
2024;10;Secretaria de Serviços Públicos e Obras;funcao_confianca;241878.14;21;19;19.41
2024;10;Secretaria de Serviços Públicos e Obras;comissionados;116665.62;8;8;9.36
2024;10;Secretaria de Serviços Públicos e Obras;flexiveis;4339.2;4;4;0.35
2024;10;Secretaria do Meio Ambiente, Parques e Jardins;efetivos;739719.97;97;80;68.82
2024;10;Secretaria do Meio Ambiente, Parques e Jardins;funcao_confianca;225508.47;20;19;20.98
2024;10;Secretaria do Meio Ambiente, Parques e Jardins;comissionados;88759.26;7;7;8.26
2024;10;Secretaria do Meio Ambiente, Parques e Jardins;flexiveis;20873.44;21;21;1.94
2024;11;Chefia do Poder Executivo;funcao_confianca;74173.91;4;2;35.92
2024;11;Chefia do Poder Executivo;comissionados;73407.5;4;3;35.55
2024;11;Chefia do Poder Executivo;efetivos;58893.03;4;2;28.52
2024;11;Inativos e Pensionistas (Encargos);inativos;1951563.9;436;231;100.0
2024;11;Secretaria da Cidadania;efetivos;2624005.96;408;194;64.91
2024;11;Secretaria da Cidadania;funcao_confianca;790415.07;72;35;19.55
2024;11;Secretaria da Cidadania;flexiveis;411009.04;63;34;10.17
2024;11;Secretaria da Cidadania;comissionados;217132.46;20;10;5.37
2024;11;Secretaria da Educação;efetivos;71420275.92;10166;5062;91.85
2024;11;Secretaria da Educação;flexiveis;5050963.88;3008;2854;6.5
2024;11;Secretaria da Educação;funcao_confianca;1160079.37;102;47;1.49
2024;11;Secretaria da Educação;comissionados;129018.55;12;6;0.17
2024;11;Secretaria da Fazenda;efetivos;2171065.0;273;128;71.86
2024;11;Secretaria da Fazenda;funcao_confianca;788737.52;74;34;26.1
2024;11;Secretaria da Fazenda;comissionados;60536.06;6;3;2.0
2024;11;Secretaria da Fazenda;flexiveis;1084.8;1;1;0.04
2024;11;Secretaria da Habitação e Regularização Fundiária;efetivos;355499.87;43;21;58.96
2024;11;Secretaria da Habitação e Regularização Fundiária;funcao_confianca;164265.82;17;8;27.24
2024;11;Secretaria da Habitação e Regularização Fundiária;comissionados;75600.98;6;3;12.54
2024;11;Secretaria da Habitação e Regularização Fundiária;flexiveis;7593.599999999999;7;7;1.26
2024;11;Secretaria da Saúde;efetivos;41133990.87;5033;2408;89.98
2024;11;Secretaria da Saúde;funcao_confianca;4241422.2;288;137;9.28
2024;11;Secretaria da Saúde;comissionados;285049.77999999997;22;11;0.62
2024;11;Secretaria da Saúde;flexiveis;54497.439999999995;54;51;0.12
2024;11;Secretaria de Administração;efetivos;2605157.14;370;178;63.94
2024;11;Secretaria de Administração;funcao_confianca;1210014.3699999999;104;50;29.7
2024;11;Secretaria de Administração;comissionados;207605.59;19;10;5.1
2024;11;Secretaria de Administração;flexiveis;51474.72;49;48;1.26
2024;11;Secretaria de Assuntos Jurídicos e Patrimônio;efetivos;3132489.25;180;85;84.75
2024;11;Secretaria de Assuntos Jurídicos e Patrimônio;funcao_confianca;558821.99;46;23;15.12
2024;11;Secretaria de Assuntos Jurídicos e Patrimônio;flexiveis;4784.639999999999;6;6;0.13
2024;11;Secretaria de Comunicação;funcao_confianca;264919.91000000003;26;12;47.54
2024;11;Secretaria de Comunicação;comissionados;180144.5;16;8;32.33
2024;11;Secretaria de Comunicação;efetivos;106802.33;15;7;19.16
2024;11;Secretaria de Comunicação;flexiveis;5424.0;5;5;0.97
2024;11;Secretaria de Cultura;efetivos;460719.38;77;38;58.66
2024;11;Secretaria de Cultura;funcao_confianca;157494.07;15;7;20.05
2024;11;Secretaria de Cultura;comissionados;146963.39;12;6;18.71
2024;11;Secretaria de Cultura;flexiveis;20178.079999999998;20;20;2.57
2024;11;Secretaria de Desenvolvimento Econômico, Trabalho e Turismo;efetivos;338637.37;33;16;56.37
2024;11;Secretaria de Desenvolvimento Econômico, Trabalho e Turismo;funcao_confianca;160472.74;16;8;26.71
2024;11;Secretaria de Desenvolvimento Econômico, Trabalho e Turismo;comissionados;92969.2;8;5;15.48
2024;11;Secretaria de Desenvolvimento Econômico, Trabalho e Turismo;flexiveis;8678.4;8;8;1.44
2024;11;Secretaria de Esportes e Lazer;efetivos;958244.06;120;60;74.38
2024;11;Secretaria de Esportes e Lazer;funcao_confianca;204232.66;21;10;15.85
2024;11;Secretaria de Esportes e Lazer;comissionados;110561.66;10;5;8.58
2024;11;Secretaria de Esportes e Lazer;flexiveis;15187.199999999999;15;15;1.18
2024;11;Secretaria de Gabinete Central;efetivos;631340.59;72;35;43.38
2024;11;Secretaria de Gabinete Central;funcao_confianca;580493.11;49;23;39.89
2024;11;Secretaria de Gabinete Central;comissionados;234027.1;19;10;16.08
2024;11;Secretaria de Gabinete Central;flexiveis;9403.199999999999;9;9;0.65
2024;11;Secretaria de Governo;efetivos;897378.77;82;39;47.58
2024;11;Secretaria de Governo;funcao_confianca;712104.52;60;27;37.76
2024;11;Secretaria de Governo;comissionados;243234.44;22;11;12.9
2024;11;Secretaria de Governo;flexiveis;33309.04;31;31;1.77
2024;11;Secretaria de Mobilidade;efetivos;240603.44;33;16;51.75
2024;11;Secretaria de Mobilidade;funcao_confianca;166922.96;12;5;35.91
2024;11;Secretaria de Mobilidade;comissionados;40274.96;4;2;8.66
2024;11;Secretaria de Mobilidade;flexiveis;17098.079999999998;16;16;3.68
2024;11;Secretaria de Planejamento e Desenvolvimento Urbano;efetivos;2028460.28;256;124;72.9
2024;11;Secretaria de Planejamento e Desenvolvimento Urbano;funcao_confianca;561643.56;53;24;20.19
2024;11;Secretaria de Planejamento e Desenvolvimento Urbano;comissionados;151381.18;11;6;5.44
2024;11;Secretaria de Planejamento e Desenvolvimento Urbano;flexiveis;40913.36;38;38;1.47
2024;11;Secretaria de Recursos Humanos;efetivos;1181668.07;182;89;64.25
2024;11;Secretaria de Recursos Humanos;funcao_confianca;538442.16;46;22;29.28
2024;11;Secretaria de Recursos Humanos;comissionados;97711.86;10;5;5.31
2024;11;Secretaria de Recursos Humanos;flexiveis;21244.239999999998;19;18;1.16
2024;11;Secretaria de Relações Institucionais e Metropolitanas;comissionados;91206.35;10;5;43.12
2024;11;Secretaria de Relações Institucionais e Metropolitanas;funcao_confianca;88512.55;9;4;41.85
2024;11;Secretaria de Relações Institucionais e Metropolitanas;efetivos;31804.739999999998;4;2;15.04
2024;11;Secretaria de Relações do Trabalho e Qualificação Profissional;efetivos;304197.69;56;27;60.66
2024;11;Secretaria de Relações do Trabalho e Qualificação Profissional;funcao_confianca;106745.57;10;5;21.29
2024;11;Secretaria de Relações do Trabalho e Qualificação Profissional;comissionados;82022.73;6;4;16.36
2024;11;Secretaria de Relações do Trabalho e Qualificação Profissional;flexiveis;8533.76;8;8;1.7
2024;11;Secretaria de Segurança Urbana;efetivos;6952320.07;679;323;92.74
2024;11;Secretaria de Segurança Urbana;funcao_confianca;429456.69;28;13;5.73
2024;11;Secretaria de Segurança Urbana;comissionados;83990.38;8;4;1.12
2024;11;Secretaria de Segurança Urbana;flexiveis;30880.64;28;26;0.41
2024;11;Secretaria de Serviços Públicos e Obras;efetivos;1406219.18;217;104;69.47
2024;11;Secretaria de Serviços Públicos e Obras;funcao_confianca;403294.88;38;18;19.92
2024;11;Secretaria de Serviços Públicos e Obras;comissionados;211306.43;17;9;10.44
2024;11;Secretaria de Serviços Públicos e Obras;flexiveis;3254.3999999999996;4;4;0.16
2024;11;Secretaria do Meio Ambiente, Parques e Jardins;efetivos;1276225.56;170;81;67.93
2024;11;Secretaria do Meio Ambiente, Parques e Jardins;funcao_confianca;421305.93;41;19;22.43
2024;11;Secretaria do Meio Ambiente, Parques e Jardins;comissionados;158638.21;14;8;8.44
2024;11;Secretaria do Meio Ambiente, Parques e Jardins;flexiveis;22503.6;22;21;1.2
2024;12;Chefia do Poder Executivo;efetivos;159088.33000000002;5;2;50.4
2024;12;Chefia do Poder Executivo;comissionados;82216.41;4;3;26.05
2024;12;Chefia do Poder Executivo;funcao_confianca;74323.9;4;2;23.55
2024;12;Inativos e Pensionistas (Encargos);inativos;2164432.86;429;228;100.0
2024;12;Secretaria da Cidadania;efetivos;2729227.72;433;194;64.98
2024;12;Secretaria da Cidadania;funcao_confianca;792254.28;74;35;18.86
2024;12;Secretaria da Cidadania;flexiveis;467384.45;93;35;11.13
2024;12;Secretaria da Cidadania;comissionados;211430.51;20;10;5.03
2024;12;Secretaria da Educação;efetivos;71893306.14;10239;5050;91.82
2024;12;Secretaria da Educação;flexiveis;5083183.31;2819;2777;6.49
2024;12;Secretaria da Educação;funcao_confianca;1195700.79;107;47;1.53
2024;12;Secretaria da Educação;comissionados;129393.56;12;6;0.17
2024;12;Secretaria da Fazenda;efetivos;2408710.86;285;128;72.33
2024;12;Secretaria da Fazenda;funcao_confianca;850746.91;76;34;25.55
2024;12;Secretaria da Fazenda;comissionados;69552.83;6;3;2.09
2024;12;Secretaria da Fazenda;flexiveis;1084.8;1;1;0.03
2024;12;Secretaria da Habitação e Regularização Fundiária;efetivos;380196.86;46;21;57.45
2024;12;Secretaria da Habitação e Regularização Fundiária;funcao_confianca;177220.57;18;8;26.78
2024;12;Secretaria da Habitação e Regularização Fundiária;comissionados;96159.76999999999;9;5;14.53
2024;12;Secretaria da Habitação e Regularização Fundiária;flexiveis;8191.2;7;7;1.24
2024;12;Secretaria da Saúde;efetivos;47874854.76;5285;2403;90.62
2024;12;Secretaria da Saúde;funcao_confianca;4679552.02;317;139;8.86
2024;12;Secretaria da Saúde;comissionados;222945.03;18;9;0.42
2024;12;Secretaria da Saúde;flexiveis;55516.4;51;50;0.11
2024;12;Secretaria de Administração;efetivos;2770956.52;387;179;64.91
2024;12;Secretaria de Administração;funcao_confianca;1245718.15;112;50;29.18
2024;12;Secretaria de Administração;comissionados;199373.69;18;9;4.67
2024;12;Secretaria de Administração;flexiveis;52834.96;49;47;1.24
2024;12;Secretaria de Assuntos Jurídicos e Patrimônio;efetivos;3519144.61;185;84;86.78
2024;12;Secretaria de Assuntos Jurídicos e Patrimônio;funcao_confianca;531539.43;49;23;13.11
2024;12;Secretaria de Assuntos Jurídicos e Patrimônio;flexiveis;4704.0;5;5;0.12
2024;12;Secretaria de Comunicação;funcao_confianca;269499.01;26;12;45.81
2024;12;Secretaria de Comunicação;comissionados;186912.63;16;8;31.77
2024;12;Secretaria de Comunicação;efetivos;126489.05;15;7;21.5
2024;12;Secretaria de Comunicação;flexiveis;5389.2;5;5;0.92
2024;12;Secretaria de Cultura;efetivos;449127.49;76;37;57.79
2024;12;Secretaria de Cultura;funcao_confianca;154970.7;15;7;19.94
2024;12;Secretaria de Cultura;comissionados;151868.99;13;7;19.54
2024;12;Secretaria de Cultura;flexiveis;21236.399999999998;20;20;2.73
2024;12;Secretaria de Desenvolvimento Econômico, Trabalho e Turismo;efetivos;205786.41999999998;33;15;41.05
2024;12;Secretaria de Desenvolvimento Econômico, Trabalho e Turismo;funcao_confianca;171085.94;19;8;34.13
2024;12;Secretaria de Desenvolvimento Econômico, Trabalho e Turismo;comissionados;115992.45;10;5;23.14
2024;12;Secretaria de Desenvolvimento Econômico, Trabalho e Turismo;flexiveis;8467.36;8;8;1.69
2024;12;Secretaria de Esportes e Lazer;efetivos;1114780.22;137;61;76.66
2024;12;Secretaria de Esportes e Lazer;funcao_confianca;214859.13999999998;21;10;14.77
2024;12;Secretaria de Esportes e Lazer;comissionados;110386.62999999999;10;5;7.59
2024;12;Secretaria de Esportes e Lazer;flexiveis;14226.96;14;14;0.98
2024;12;Secretaria de Gabinete Central;efetivos;650976.32;81;35;45.12
2024;12;Secretaria de Gabinete Central;funcao_confianca;591891.03;51;23;41.02
2024;12;Secretaria de Gabinete Central;comissionados;190896.33;18;9;13.23
2024;12;Secretaria de Gabinete Central;flexiveis;9041.6;9;9;0.63
2024;12;Secretaria de Governo;efetivos;1015922.92;90;40;51.49
2024;12;Secretaria de Governo;funcao_confianca;708376.05;60;27;35.9
2024;12;Secretaria de Governo;comissionados;216336.22999999998;20;10;10.96
2024;12;Secretaria de Governo;flexiveis;32423.76;34;34;1.64
2024;12;Secretaria de Mobilidade;efetivos;266522.74;36;16;53.71
2024;12;Secretaria de Mobilidade;funcao_confianca;150313.28;11;5;30.29
2024;12;Secretaria de Mobilidade;comissionados;62612.39;6;3;12.62
2024;12;Secretaria de Mobilidade;flexiveis;16808.0;16;16;3.39
2024;12;Secretaria de Planejamento e Desenvolvimento Urbano;efetivos;2075939.61;274;123;72.93
2024;12;Secretaria de Planejamento e Desenvolvimento Urbano;funcao_confianca;575276.23;57;24;20.21
2024;12;Secretaria de Planejamento e Desenvolvimento Urbano;comissionados;155548.1;14;7;5.46
2024;12;Secretaria de Planejamento e Desenvolvimento Urbano;flexiveis;39815.92;37;37;1.4
2024;12;Secretaria de Recursos Humanos;efetivos;1260838.6;194;89;64.71
2024;12;Secretaria de Recursos Humanos;funcao_confianca;569807.29;48;22;29.24
2024;12;Secretaria de Recursos Humanos;comissionados;98011.84;10;5;5.03
2024;12;Secretaria de Recursos Humanos;flexiveis;19879.52;18;17;1.02
2024;12;Secretaria de Relações Institucionais e Metropolitanas;comissionados;93476.25;10;5;44.36
2024;12;Secretaria de Relações Institucionais e Metropolitanas;funcao_confianca;86154.53;8;4;40.89
2024;12;Secretaria de Relações Institucionais e Metropolitanas;efetivos;31083.05;4;2;14.75
2024;12;Secretaria de Relações do Trabalho e Qualificação Profissional;efetivos;378430.64;60;28;67.52
2024;12;Secretaria de Relações do Trabalho e Qualificação Profissional;funcao_confianca;113854.96;11;5;20.31
2024;12;Secretaria de Relações do Trabalho e Qualificação Profissional;comissionados;60577.57;6;3;10.81
2024;12;Secretaria de Relações do Trabalho e Qualificação Profissional;flexiveis;7593.6;8;8;1.35
2024;12;Secretaria de Segurança Urbana;efetivos;7148841.5;651;319;93.18
2024;12;Secretaria de Segurança Urbana;funcao_confianca;410914.42;29;13;5.36
2024;12;Secretaria de Segurança Urbana;comissionados;84215.36;8;4;1.1
2024;12;Secretaria de Segurança Urbana;flexiveis;28046.8;26;26;0.37
2024;12;Secretaria de Serviços Públicos e Obras;efetivos;1520115.24;224;104;69.76
2024;12;Secretaria de Serviços Públicos e Obras;funcao_confianca;434674.55;43;20;19.95
2024;12;Secretaria de Serviços Públicos e Obras;comissionados;220960.78;17;8;10.14
2024;12;Secretaria de Serviços Públicos e Obras;flexiveis;3254.3999999999996;3;3;0.15
2024;12;Secretaria do Meio Ambiente, Parques e Jardins;efetivos;1304541.41;172;78;68.45
2024;12;Secretaria do Meio Ambiente, Parques e Jardins;funcao_confianca;468615.81;46;20;24.59
2024;12;Secretaria do Meio Ambiente, Parques e Jardins;comissionados;110437.35;12;6;5.79
2024;12;Secretaria do Meio Ambiente, Parques e Jardins;flexiveis;22262.239999999998;21;21;1.17
2025;1;Chefia do Poder Executivo;comissionados;61662.3;3;3;43.17
2025;1;Chefia do Poder Executivo;funcao_confianca;41148.1;2;2;28.81
2025;1;Chefia do Poder Executivo;efetivos;40022.69;2;2;28.02
2025;1;Inativos e Pensionistas (Encargos);inativos;1075154.34;225;225;100.0
2025;1;Secretaria da Cidadania;efetivos;1416508.03;216;195;63.77
2025;1;Secretaria da Cidadania;funcao_confianca;428665.54;40;35;19.3
2025;1;Secretaria da Cidadania;flexiveis;224482.4;35;35;10.11
2025;1;Secretaria da Cidadania;comissionados;151784.01;12;11;6.83
2025;1;Secretaria da Educação;efetivos;49815689.31;9409;5040;93.7
2025;1;Secretaria da Educação;flexiveis;2602293.93;2254;2233;4.89
2025;1;Secretaria da Educação;funcao_confianca;657732.39;59;47;1.24
2025;1;Secretaria da Educação;comissionados;89347.65;6;6;0.17
2025;1;Secretaria da Fazenda;efetivos;1307279.88;146;130;75.66
2025;1;Secretaria da Fazenda;funcao_confianca;377130.69;32;31;21.83
2025;1;Secretaria da Fazenda;comissionados;42348.93;3;3;2.45
2025;1;Secretaria da Fazenda;flexiveis;1060.16;1;1;0.06
2025;1;Secretaria da Habitação e Regularização Fundiária;efetivos;207497.58000000002;24;22;57.01
2025;1;Secretaria da Habitação e Regularização Fundiária;funcao_confianca;92117.0;9;8;25.31
2025;1;Secretaria da Habitação e Regularização Fundiária;comissionados;58357.24;4;4;16.03
2025;1;Secretaria da Habitação e Regularização Fundiária;flexiveis;6024.0;6;6;1.65
2025;1;Secretaria da Saúde;efetivos;24950632.34;2672;2395;90.87
2025;1;Secretaria da Saúde;funcao_confianca;2318867.64;155;139;8.45
2025;1;Secretaria da Saúde;comissionados;140834.71;9;9;0.51
2025;1;Secretaria da Saúde;flexiveis;47504.64;47;47;0.17
2025;1;Secretaria de Administração;efetivos;1672346.83;194;180;65.95
2025;1;Secretaria de Administração;funcao_confianca;684570.41;57;50;27.0
2025;1;Secretaria de Administração;comissionados;129205.5;9;9;5.1
2025;1;Secretaria de Administração;flexiveis;49500.72;50;49;1.95
2025;1;Secretaria de Assuntos Jurídicos e Patrimônio;efetivos;2219308.62;98;84;88.64
2025;1;Secretaria de Assuntos Jurídicos e Patrimônio;funcao_confianca;280212.19;27;23;11.19
2025;1;Secretaria de Assuntos Jurídicos e Patrimônio;flexiveis;4231.2;5;5;0.17
2025;1;Secretaria de Comunicação;funcao_confianca;135920.21;14;12;42.35
2025;1;Secretaria de Comunicação;comissionados;101206.18;7;7;31.53
2025;1;Secretaria de Comunicação;efetivos;80160.28;8;6;24.98
2025;1;Secretaria de Comunicação;flexiveis;3657.52;4;4;1.14
2025;1;Secretaria de Cultura;efetivos;234948.96;40;35;55.51
2025;1;Secretaria de Cultura;comissionados;93348.08;6;6;22.06
2025;1;Secretaria de Cultura;funcao_confianca;76993.28;7;7;18.19
2025;1;Secretaria de Cultura;flexiveis;17926.8;18;18;4.24
2025;1;Secretaria de Desenvolvimento Econômico, Trabalho e Turismo;efetivos;111945.01;20;15;37.37
2025;1;Secretaria de Desenvolvimento Econômico, Trabalho e Turismo;funcao_confianca;108172.05;8;8;36.11
2025;1;Secretaria de Desenvolvimento Econômico, Trabalho e Turismo;comissionados;73069.79;5;5;24.39
2025;1;Secretaria de Desenvolvimento Econômico, Trabalho e Turismo;flexiveis;6373.84;8;8;2.13
2025;1;Secretaria de Esportes e Lazer;efetivos;641419.83;73;62;76.57
2025;1;Secretaria de Esportes e Lazer;funcao_confianca;120412.43;11;10;14.37
2025;1;Secretaria de Esportes e Lazer;comissionados;63247.11;5;5;7.55
2025;1;Secretaria de Esportes e Lazer;flexiveis;12643.199999999999;13;13;1.51
2025;1;Secretaria de Gabinete Central;efetivos;369168.07;38;37;45.17
2025;1;Secretaria de Gabinete Central;funcao_confianca;310842.47;25;23;38.03
2025;1;Secretaria de Gabinete Central;comissionados;136168.18;9;9;16.66
2025;1;Secretaria de Gabinete Central;flexiveis;1084.8;1;1;0.13
2025;1;Secretaria de Governo;efetivos;478891.51;44;37;45.91
2025;1;Secretaria de Governo;funcao_confianca;389415.8;31;28;37.33
2025;1;Secretaria de Governo;comissionados;146608.03;11;11;14.06
2025;1;Secretaria de Governo;flexiveis;28164.239999999998;31;31;2.7
2025;1;Secretaria de Inclusão e Transtorno do Espectro Autista;comissionados;11745.2;1;1;100.0
2025;1;Secretaria de Mobilidade;efetivos;136412.29;16;15;50.19
2025;1;Secretaria de Mobilidade;funcao_confianca;79232.92;6;5;29.15
2025;1;Secretaria de Mobilidade;comissionados;42348.94;3;3;15.58
2025;1;Secretaria de Mobilidade;flexiveis;13813.119999999999;18;18;5.08
2025;1;Secretaria de Planejamento e Desenvolvimento Urbano;efetivos;1182797.26;131;124;72.14
2025;1;Secretaria de Planejamento e Desenvolvimento Urbano;funcao_confianca;286060.17;26;24;17.45
2025;1;Secretaria de Planejamento e Desenvolvimento Urbano;comissionados;129334.73999999999;8;8;7.89
2025;1;Secretaria de Planejamento e Desenvolvimento Urbano;flexiveis;41296.159999999996;37;37;2.52
2025;1;Secretaria de Recursos Humanos;efetivos;692112.85;108;87;64.79
2025;1;Secretaria de Recursos Humanos;funcao_confianca;287813.15;25;22;26.94
2025;1;Secretaria de Recursos Humanos;comissionados;73713.20999999999;5;5;6.9
2025;1;Secretaria de Recursos Humanos;flexiveis;14636.24;15;15;1.37
2025;1;Secretaria de Relações Institucionais e Metropolitanas;comissionados;73233.04;5;5;41.97
2025;1;Secretaria de Relações Institucionais e Metropolitanas;efetivos;53407.57;3;2;30.61
2025;1;Secretaria de Relações Institucionais e Metropolitanas;funcao_confianca;47839.71;5;4;27.42
2025;1;Secretaria de Relações do Trabalho e Qualificação Profissional;efetivos;206692.6;31;29;61.89
2025;1;Secretaria de Relações do Trabalho e Qualificação Profissional;comissionados;59864.16;4;4;17.93
2025;1;Secretaria de Relações do Trabalho e Qualificação Profissional;funcao_confianca;52833.51;7;5;15.82
2025;1;Secretaria de Relações do Trabalho e Qualificação Profissional;flexiveis;14572.24;16;16;4.36
2025;1;Secretaria de Segurança Urbana;efetivos;3918646.89;356;321;93.49
2025;1;Secretaria de Segurança Urbana;funcao_confianca;186364.05000000002;12;12;4.45
2025;1;Secretaria de Segurança Urbana;comissionados;59966.74;4;4;1.43
2025;1;Secretaria de Segurança Urbana;flexiveis;26665.76;26;26;0.64
2025;1;Secretaria de Serviços Públicos e Obras;efetivos;853685.27;107;103;70.46
2025;1;Secretaria de Serviços Públicos e Obras;funcao_confianca;244806.13;23;20;20.21
2025;1;Secretaria de Serviços Públicos e Obras;comissionados;109809.28;8;8;9.06
2025;1;Secretaria de Serviços Públicos e Obras;flexiveis;3254.3999999999996;3;3;0.27
2025;1;Secretaria do Meio Ambiente, Parques e Jardins;efetivos;721805.51;86;79;66.96
2025;1;Secretaria do Meio Ambiente, Parques e Jardins;funcao_confianca;219177.67;20;19;20.33
2025;1;Secretaria do Meio Ambiente, Parques e Jardins;comissionados;114152.48999999999;9;9;10.59
2025;1;Secretaria do Meio Ambiente, Parques e Jardins;flexiveis;22787.52;23;22;2.11
2025;2;Chefia do Poder Executivo;comissionados;64598.61;3;3;49.25
2025;2;Chefia do Poder Executivo;funcao_confianca;43083.259999999995;2;2;32.85
2025;2;Chefia do Poder Executivo;efetivos;23474.6;1;1;17.9
2025;2;Inativos e Pensionistas (Encargos);inativos;1121971.7;227;227;100.0
2025;2;Secretaria da Cidadania;efetivos;1577059.28;222;195;63.1
2025;2;Secretaria da Cidadania;funcao_confianca;463114.08;38;35;18.53
2025;2;Secretaria da Cidadania;flexiveis;274546.05;39;35;10.98
2025;2;Secretaria da Cidadania;comissionados;184658.64;15;15;7.39
2025;2;Secretaria da Educação;efetivos;40509918.12;5141;5069;96.95
2025;2;Secretaria da Educação;funcao_confianca;632762.45;49;45;1.51
2025;2;Secretaria da Educação;flexiveis;527540.59;709;688;1.26
2025;2;Secretaria da Educação;comissionados;116250.1;8;8;0.28
2025;2;Secretaria da Fazenda;efetivos;1350409.18;146;128;74.48
2025;2;Secretaria da Fazenda;funcao_confianca;428544.15;39;32;23.64
2025;2;Secretaria da Fazenda;comissionados;33010.35;3;3;1.82
2025;2;Secretaria da Fazenda;flexiveis;1078.64;1;1;0.06
2025;2;Secretaria da Habitação e Regularização Fundiária;efetivos;232221.93;27;21;58.29
2025;2;Secretaria da Habitação e Regularização Fundiária;funcao_confianca;107490.51999999999;8;8;26.98
2025;2;Secretaria da Habitação e Regularização Fundiária;comissionados;53225.53;4;4;13.36
2025;2;Secretaria da Habitação e Regularização Fundiária;flexiveis;5424.0;5;5;1.36
2025;2;Secretaria da Mulher;comissionados;30043.66;3;3;54.91
2025;2;Secretaria da Mulher;efetivos;12555.59;1;1;22.95
2025;2;Secretaria da Mulher;funcao_confianca;12110.38;1;1;22.14
2025;2;Secretaria da Saúde;efetivos;26970360.1;2796;2417;89.87
2025;2;Secretaria da Saúde;funcao_confianca;2766526.78;165;139;9.22
2025;2;Secretaria da Saúde;comissionados;222067.43;15;15;0.74
2025;2;Secretaria da Saúde;flexiveis;51597.76;52;49;0.17
2025;2;Secretaria de Administração;efetivos;838232.74;124;110;57.58
2025;2;Secretaria de Administração;funcao_confianca;454869.55;38;33;31.24
2025;2;Secretaria de Administração;comissionados;114830.81999999999;5;5;7.89
2025;2;Secretaria de Administração;flexiveis;47945.28;46;46;3.29
2025;2;Secretaria de Assuntos Jurídicos e Patrimônio;efetivos;1953626.85;100;89;86.65
2025;2;Secretaria de Assuntos Jurídicos e Patrimônio;funcao_confianca;297107.18;26;23;13.18
2025;2;Secretaria de Assuntos Jurídicos e Patrimônio;flexiveis;3796.0;4;4;0.17
2025;2;Secretaria de Comunicação;funcao_confianca;150367.91999999998;14;12;42.35
2025;2;Secretaria de Comunicação;comissionados;140121.41;10;10;39.47
2025;2;Secretaria de Comunicação;efetivos;58645.560000000005;6;6;16.52
2025;2;Secretaria de Comunicação;flexiveis;5894.08;7;6;1.66
2025;2;Secretaria de Cultura;efetivos;251971.26;38;35;57.0
2025;2;Secretaria de Cultura;comissionados;87928.77;6;6;19.89
2025;2;Secretaria de Cultura;funcao_confianca;81462.03;8;7;18.43
2025;2;Secretaria de Cultura;flexiveis;20724.8;21;21;4.69
2025;2;Secretaria de Desenvolvimento Econômico, Trabalho e Turismo;funcao_confianca;60550.61;6;5;37.27
2025;2;Secretaria de Desenvolvimento Econômico, Trabalho e Turismo;efetivos;58204.76;8;8;35.83
2025;2;Secretaria de Desenvolvimento Econômico, Trabalho e Turismo;comissionados;43700.81;3;3;26.9
2025;2;Secretaria de Empreendedorismo da Micro e Pequena Empresa;comissionados;17617.8;1;1;45.0
2025;2;Secretaria de Empreendedorismo da Micro e Pequena Empresa;funcao_confianca;13070.77;1;1;33.39
2025;2;Secretaria de Empreendedorismo da Micro e Pequena Empresa;efetivos;8459.64;1;1;21.61
2025;2;Secretaria de Esportes e Lazer;efetivos;634964.05;67;63;71.07
2025;2;Secretaria de Esportes e Lazer;comissionados;126851.91;10;10;14.2
2025;2;Secretaria de Esportes e Lazer;funcao_confianca;117874.73;11;10;13.19
2025;2;Secretaria de Esportes e Lazer;flexiveis;13704.64;15;15;1.53
2025;2;Secretaria de Gabinete Central;efetivos;802500.83;87;80;59.11
2025;2;Secretaria de Gabinete Central;funcao_confianca;417510.8;35;30;30.75
2025;2;Secretaria de Gabinete Central;comissionados;136653.39;9;9;10.06
2025;2;Secretaria de Gabinete Central;flexiveis;1084.8;1;1;0.08
2025;2;Secretaria de Governo;efetivos;517283.74;42;38;40.28
2025;2;Secretaria de Governo;funcao_confianca;489221.96;34;31;38.1
2025;2;Secretaria de Governo;comissionados;253714.74000000002;21;21;19.76
2025;2;Secretaria de Governo;flexiveis;23972.239999999998;26;25;1.87
2025;2;Secretaria de Inclusão e Transtorno do Espectro Autista;comissionados;40601.67;3;3;47.92
2025;2;Secretaria de Inclusão e Transtorno do Espectro Autista;funcao_confianca;28119.03;2;2;33.19
2025;2;Secretaria de Inclusão e Transtorno do Espectro Autista;efetivos;16012.9;2;2;18.9
2025;2;Secretaria de Mobilidade;efetivos;134755.26;16;15;47.09
2025;2;Secretaria de Mobilidade;funcao_confianca;102561.20000000001;8;6;35.84
2025;2;Secretaria de Mobilidade;comissionados;29931.65;2;2;10.46
2025;2;Secretaria de Mobilidade;flexiveis;18943.92;19;19;6.62
2025;2;Secretaria de Parcerias;efetivos;270434.26;30;27;58.28
2025;2;Secretaria de Parcerias;funcao_confianca;100264.35;10;7;21.61
2025;2;Secretaria de Parcerias;comissionados;93342.67;7;7;20.12
2025;2;Secretaria de Planejamento e Desenvolvimento Urbano;efetivos;1191149.98;143;123;73.76
2025;2;Secretaria de Planejamento e Desenvolvimento Urbano;funcao_confianca;329055.64;28;24;20.38
2025;2;Secretaria de Planejamento e Desenvolvimento Urbano;comissionados;60272.65;4;4;3.73
2025;2;Secretaria de Planejamento e Desenvolvimento Urbano;flexiveis;34360.08;34;34;2.13
2025;2;Secretaria de Recursos Humanos;efetivos;708423.28;104;87;67.73
2025;2;Secretaria de Recursos Humanos;funcao_confianca;276197.01;26;22;26.41
2025;2;Secretaria de Recursos Humanos;comissionados;47051.46;3;3;4.5
2025;2;Secretaria de Recursos Humanos;flexiveis;14266.08;14;14;1.36
2025;2;Secretaria de Relações Institucionais e Metropolitanas;funcao_confianca;65841.95;6;5;43.96
2025;2;Secretaria de Relações Institucionais e Metropolitanas;comissionados;61430.36;4;4;41.01
2025;2;Secretaria de Relações Institucionais e Metropolitanas;efetivos;22510.12;3;2;15.03
2025;2;Secretaria de Relações do Trabalho e Qualificação Profissional;efetivos;221032.1;36;29;59.26
2025;2;Secretaria de Relações do Trabalho e Qualificação Profissional;comissionados;89511.88;6;6;24.0
2025;2;Secretaria de Relações do Trabalho e Qualificação Profissional;funcao_confianca;50203.4;5;4;13.46
2025;2;Secretaria de Relações do Trabalho e Qualificação Profissional;flexiveis;12222.64;13;13;3.28
2025;2;Secretaria de Segurança Urbana;efetivos;4326550.14;398;367;93.06
2025;2;Secretaria de Segurança Urbana;funcao_confianca;236241.51;15;12;5.08
2025;2;Secretaria de Segurança Urbana;comissionados;61933.73;4;4;1.33
2025;2;Secretaria de Segurança Urbana;flexiveis;24683.12;25;25;0.53
2025;2;Secretaria de Serviços Públicos e Obras;efetivos;966790.08;119;104;70.02
2025;2;Secretaria de Serviços Públicos e Obras;funcao_confianca;240906.31;22;20;17.45
2025;2;Secretaria de Serviços Públicos e Obras;comissionados;170241.87;12;12;12.33
2025;2;Secretaria de Serviços Públicos e Obras;flexiveis;2769.6;3;3;0.2
2025;2;Secretaria de Turismo;comissionados;75733.66;5;5;47.46
2025;2;Secretaria de Turismo;efetivos;45825.229999999996;5;5;28.72
2025;2;Secretaria de Turismo;funcao_confianca;33251.05;3;3;20.84
2025;2;Secretaria de Turismo;flexiveis;4776.08;4;4;2.99
2025;2;Secretaria do Meio Ambiente, Parques e Jardins;efetivos;779214.62;93;80;69.22
2025;2;Secretaria do Meio Ambiente, Parques e Jardins;funcao_confianca;242247.53;24;19;21.52
2025;2;Secretaria do Meio Ambiente, Parques e Jardins;comissionados;82475.40000000001;6;6;7.33
2025;2;Secretaria do Meio Ambiente, Parques e Jardins;flexiveis;21794.399999999998;22;22;1.94
2025;3;Chefia do Poder Executivo;comissionados;72325.91;3;3;49.31
2025;3;Chefia do Poder Executivo;funcao_confianca;48142.479999999996;4;2;32.82
2025;3;Chefia do Poder Executivo;efetivos;26215.98;2;1;17.87
2025;3;Inativos e Pensionistas (Encargos);inativos;1196757.42;419;223;100.0
2025;3;Secretaria da Cidadania;efetivos;1868283.78;413;194;66.24
2025;3;Secretaria da Cidadania;funcao_confianca;497297.38;74;35;17.63
2025;3;Secretaria da Cidadania;flexiveis;274798.07;63;34;9.74
2025;3;Secretaria da Cidadania;comissionados;180135.88;24;13;6.39
2025;3;Secretaria da Educação;efetivos;52794771.11;10221;5192;91.44
2025;3;Secretaria da Educação;flexiveis;4092608.75;2902;2902;7.09
2025;3;Secretaria da Educação;funcao_confianca;728965.38;97;47;1.26
2025;3;Secretaria da Educação;comissionados;118791.01000000001;13;7;0.21
2025;3;Secretaria da Fazenda;efetivos;1652878.19;269;125;75.76
2025;3;Secretaria da Fazenda;funcao_confianca;495496.56;73;35;22.71
2025;3;Secretaria da Fazenda;comissionados;32176.54;4;2;1.47
2025;3;Secretaria da Fazenda;flexiveis;1084.8;1;1;0.05
2025;3;Secretaria da Habitação e Regularização Fundiária;efetivos;267597.25;45;21;56.97
2025;3;Secretaria da Habitação e Regularização Fundiária;funcao_confianca;103677.36;17;7;22.07
2025;3;Secretaria da Habitação e Regularização Fundiária;comissionados;91031.99;9;5;19.38
2025;3;Secretaria da Habitação e Regularização Fundiária;flexiveis;7376.639999999999;7;7;1.57
2025;3;Secretaria da Mulher;efetivos;67397.02;7;3;52.73
2025;3;Secretaria da Mulher;comissionados;37333.090000000004;3;2;29.21
2025;3;Secretaria da Mulher;funcao_confianca;23095.57;5;2;18.07
2025;3;Secretaria da Saúde;efetivos;30908679.28;5132;2415;91.0
2025;3;Secretaria da Saúde;funcao_confianca;2744907.74;293;137;8.08
2025;3;Secretaria da Saúde;comissionados;265928.83;31;16;0.78
2025;3;Secretaria da Saúde;flexiveis;47662.4;49;49;0.14
2025;3;Secretaria de Administração;efetivos;1021771.67;220;107;60.82
2025;3;Secretaria de Administração;funcao_confianca;560975.17;72;33;33.39
2025;3;Secretaria de Administração;comissionados;55077.93;5;3;3.28
2025;3;Secretaria de Administração;flexiveis;42170.88;42;42;2.51
2025;3;Secretaria de Assuntos Jurídicos e Patrimônio;efetivos;2199654.79;182;88;85.73
2025;3;Secretaria de Assuntos Jurídicos e Patrimônio;funcao_confianca;363043.31;52;23;14.15
2025;3;Secretaria de Assuntos Jurídicos e Patrimônio;flexiveis;3093.6000000000004;3;3;0.12
2025;3;Secretaria de Comunicação;funcao_confianca;156567.07;25;12;40.63
2025;3;Secretaria de Comunicação;comissionados;152492.18000000002;17;9;39.57
2025;3;Secretaria de Comunicação;efetivos;70905.15;14;6;18.4
2025;3;Secretaria de Comunicação;flexiveis;5424.0;6;6;1.41
2025;3;Secretaria de Cultura;efetivos;290636.46;76;34;54.7
2025;3;Secretaria de Cultura;comissionados;120808.26000000001;12;6;22.74
2025;3;Secretaria de Cultura;funcao_confianca;97931.29000000001;15;7;18.43
2025;3;Secretaria de Cultura;flexiveis;21915.92;21;21;4.13
2025;3;Secretaria de Desenvolvimento Econômico, Trabalho e Turismo;efetivos;95615.42;15;7;42.48
2025;3;Secretaria de Desenvolvimento Econômico, Trabalho e Turismo;comissionados;76377.53;7;4;33.93
2025;3;Secretaria de Desenvolvimento Econômico, Trabalho e Turismo;funcao_confianca;51569.7;8;4;22.91
2025;3;Secretaria de Desenvolvimento Econômico, Trabalho e Turismo;flexiveis;1518.72;2;1;0.67
2025;3;Secretaria de Empreendedorismo da Micro e Pequena Empresa;efetivos;88535.89;20;10;48.91
2025;3;Secretaria de Empreendedorismo da Micro e Pequena Empresa;funcao_confianca;70035.75;12;6;38.69
2025;3;Secretaria de Empreendedorismo da Micro e Pequena Empresa;comissionados;22460.22;1;1;12.41
2025;3;Secretaria de Esportes e Lazer;efetivos;857124.04;129;63;74.62
2025;3;Secretaria de Esportes e Lazer;comissionados;161278.18000000002;19;10;14.04
2025;3;Secretaria de Esportes e Lazer;funcao_confianca;115077.55;18;9;10.02
2025;3;Secretaria de Esportes e Lazer;flexiveis;15187.199999999999;14;14;1.32
2025;3;Secretaria de Gabinete Central;efetivos;974406.07;169;82;58.27
2025;3;Secretaria de Gabinete Central;funcao_confianca;513314.45999999996;62;31;30.7
2025;3;Secretaria de Gabinete Central;comissionados;183291.77000000002;19;10;10.96
2025;3;Secretaria de Gabinete Central;flexiveis;1084.8;1;1;0.06
2025;3;Secretaria de Governo;efetivos;552241.36;73;33;37.06
2025;3;Secretaria de Governo;funcao_confianca;520944.79;60;29;34.96
2025;3;Secretaria de Governo;comissionados;396087.11000000004;47;28;26.58
2025;3;Secretaria de Governo;flexiveis;20898.64;24;24;1.4
2025;3;Secretaria de Inclusão e Transtorno do Espectro Autista;funcao_confianca;56077.56;7;4;51.8
2025;3;Secretaria de Inclusão e Transtorno do Espectro Autista;comissionados;52184.71000000001;5;3;48.2
2025;3;Secretaria de Mobilidade;funcao_confianca;170914.76;21;9;45.59
2025;3;Secretaria de Mobilidade;efetivos;156157.66;28;14;41.65
2025;3;Secretaria de Mobilidade;comissionados;32572.71;4;2;8.69
2025;3;Secretaria de Mobilidade;flexiveis;15259.519999999999;15;15;4.07
2025;3;Secretaria de Parcerias;efetivos;319547.45;54;24;54.82
2025;3;Secretaria de Parcerias;funcao_confianca;132409.12;21;9;22.72
2025;3;Secretaria de Parcerias;comissionados;130912.02;14;8;22.46
2025;3;Secretaria de Planejamento e Desenvolvimento Urbano;efetivos;1451417.42;267;123;74.22
2025;3;Secretaria de Planejamento e Desenvolvimento Urbano;funcao_confianca;371923.02999999997;49;23;19.02
2025;3;Secretaria de Planejamento e Desenvolvimento Urbano;comissionados;99303.68;8;5;5.08
2025;3;Secretaria de Planejamento e Desenvolvimento Urbano;flexiveis;32801.76;31;31;1.68
2025;3;Secretaria de Recursos Humanos;efetivos;903973.5599999999;186;88;68.59
2025;3;Secretaria de Recursos Humanos;funcao_confianca;350814.85;48;22;26.62
2025;3;Secretaria de Recursos Humanos;comissionados;50176.84;4;3;3.81
2025;3;Secretaria de Recursos Humanos;flexiveis;12909.119999999999;12;12;0.98
2025;3;Secretaria de Relações Institucionais e Metropolitanas;funcao_confianca;129818.82;12;6;57.81
2025;3;Secretaria de Relações Institucionais e Metropolitanas;comissionados;70407.17000000001;7;4;31.35
2025;3;Secretaria de Relações Institucionais e Metropolitanas;efetivos;24347.33;4;2;10.84
2025;3;Secretaria de Relações do Trabalho e Qualificação Profissional;efetivos;215771.4;46;21;59.22
2025;3;Secretaria de Relações do Trabalho e Qualificação Profissional;comissionados;84754.13;9;5;23.26
2025;3;Secretaria de Relações do Trabalho e Qualificação Profissional;funcao_confianca;54042.82;8;4;14.83
2025;3;Secretaria de Relações do Trabalho e Qualificação Profissional;flexiveis;9800.16;11;11;2.69
2025;3;Secretaria de Segurança Urbana;efetivos;5502376.25;823;417;93.39
2025;3;Secretaria de Segurança Urbana;funcao_confianca;278976.39;27;13;4.73
2025;3;Secretaria de Segurança Urbana;comissionados;86025.18000000001;9;5;1.46
2025;3;Secretaria de Segurança Urbana;flexiveis;24600.879999999997;22;22;0.42
2025;3;Secretaria de Serviços Públicos e Obras;efetivos;1143193.28;216;105;71.5
2025;3;Secretaria de Serviços Públicos e Obras;funcao_confianca;260564.82;39;19;16.3
2025;3;Secretaria de Serviços Públicos e Obras;comissionados;192915.41;23;12;12.07
2025;3;Secretaria de Serviços Públicos e Obras;flexiveis;2169.6;2;2;0.14
2025;3;Secretaria de Turismo;comissionados;65061.100000000006;6;4;57.85
2025;3;Secretaria de Turismo;funcao_confianca;25190.79;4;2;22.4
2025;3;Secretaria de Turismo;efetivos;20046.65;4;2;17.82
2025;3;Secretaria de Turismo;flexiveis;2169.6;3;3;1.93
2025;3;Secretaria do Meio Ambiente, Parques e Jardins;efetivos;943929.39;157;75;69.53
2025;3;Secretaria do Meio Ambiente, Parques e Jardins;funcao_confianca;299696.44;46;22;22.08
2025;3;Secretaria do Meio Ambiente, Parques e Jardins;comissionados;97778.02;11;6;7.2
2025;3;Secretaria do Meio Ambiente, Parques e Jardins;flexiveis;16190.32;16;16;1.19
2025;4;Chefia do Poder Executivo;comissionados;69441.03;3;3;50.33
2025;4;Chefia do Poder Executivo;funcao_confianca;44351.270000000004;2;2;32.14
2025;4;Chefia do Poder Executivo;efetivos;24191.59;1;1;17.53
2025;4;Inativos e Pensionistas (Encargos);inativos;1103402.18;223;223;100.0
2025;4;Secretaria da Cidadania;efetivos;1580639.77;220;192;63.92
2025;4;Secretaria da Cidadania;funcao_confianca;472364.78;42;36;19.1
2025;4;Secretaria da Cidadania;flexiveis;247978.16;35;33;10.03
2025;4;Secretaria da Cidadania;comissionados;171842.37;14;11;6.95
2025;4;Secretaria da Educação;efetivos;44606913.02;5384;5172;89.82
2025;4;Secretaria da Educação;flexiveis;4177133.7399999998;2593;2558;8.41
2025;4;Secretaria da Educação;funcao_confianca;758031.59;51;47;1.53
2025;4;Secretaria da Educação;comissionados;118630.08;8;7;0.24
2025;4;Secretaria da Fazenda;efetivos;1472861.55;150;124;75.52
2025;4;Secretaria da Fazenda;funcao_confianca;462025.0;41;35;23.69
2025;4;Secretaria da Fazenda;comissionados;14410.49;1;1;0.74
2025;4;Secretaria da Fazenda;flexiveis;1084.8;1;1;0.06
2025;4;Secretaria da Habitação e Regularização Fundiária;efetivos;192811.91;23;21;50.93
2025;4;Secretaria da Habitação e Regularização Fundiária;funcao_confianca;97791.88;12;9;25.83
2025;4;Secretaria da Habitação e Regularização Fundiária;comissionados;80347.92;5;5;21.23
2025;4;Secretaria da Habitação e Regularização Fundiária;flexiveis;7593.599999999999;7;7;2.01
2025;4;Secretaria da Mulher;comissionados;65691.69;4;4;45.02
2025;4;Secretaria da Mulher;efetivos;55258.170000000006;3;3;37.87
2025;4;Secretaria da Mulher;funcao_confianca;24982.04;2;2;17.12
2025;4;Secretaria da Saúde;efetivos;27177104.53;2814;2406;90.13
2025;4;Secretaria da Saúde;funcao_confianca;2630247.01;169;140;8.72
2025;4;Secretaria da Saúde;comissionados;295444.95;19;18;0.98
2025;4;Secretaria da Saúde;flexiveis;51250.0;49;48;0.17
2025;4;Secretaria de Administração;efetivos;892584.95;124;106;59.68
2025;4;Secretaria de Administração;funcao_confianca;501195.27;39;33;33.51
2025;4;Secretaria de Administração;comissionados;61647.270000000004;3;3;4.12
2025;4;Secretaria de Administração;flexiveis;40137.6;37;37;2.68
2025;4;Secretaria de Assuntos Jurídicos e Patrimônio;efetivos;1960058.8;102;88;87.11
2025;4;Secretaria de Assuntos Jurídicos e Patrimônio;funcao_confianca;288890.35;24;23;12.84
2025;4;Secretaria de Assuntos Jurídicos e Patrimônio;flexiveis;1084.8;1;1;0.05
2025;4;Secretaria de Comunicação;funcao_confianca;225365.08000000002;15;12;49.68
2025;4;Secretaria de Comunicação;comissionados;150962.04;10;9;33.28
2025;4;Secretaria de Comunicação;efetivos;70473.94;7;6;15.53
2025;4;Secretaria de Comunicação;flexiveis;6870.4;7;6;1.51
2025;4;Secretaria de Cultura;efetivos;253199.59;37;34;53.49
2025;4;Secretaria de Cultura;comissionados;98452.03;7;6;20.8
2025;4;Secretaria de Cultura;funcao_confianca;98006.81;9;7;20.7
2025;4;Secretaria de Cultura;flexiveis;23739.199999999997;21;21;5.01
2025;4;Secretaria de Desenvolvimento Econômico, Trabalho e Turismo;efetivos;84145.12;7;7;42.27
2025;4;Secretaria de Desenvolvimento Econômico, Trabalho e Turismo;comissionados;58190.28;3;3;29.23
2025;4;Secretaria de Desenvolvimento Econômico, Trabalho e Turismo;funcao_confianca;54321.06;4;4;27.29
2025;4;Secretaria de Desenvolvimento Econômico, Trabalho e Turismo;flexiveis;2387.3599999999997;2;2;1.2
2025;4;Secretaria de Empreendedorismo da Micro e Pequena Empresa;efetivos;92333.91;13;12;43.99
2025;4;Secretaria de Empreendedorismo da Micro e Pequena Empresa;funcao_confianca;80682.19;8;7;38.44
2025;4;Secretaria de Empreendedorismo da Micro e Pequena Empresa;comissionados;36870.71;2;2;17.57
2025;4;Secretaria de Esportes e Lazer;efetivos;705069.59;69;64;70.89
2025;4;Secretaria de Esportes e Lazer;comissionados;154319.08000000002;11;10;15.52
2025;4;Secretaria de Esportes e Lazer;funcao_confianca;119316.96;11;10;12.0
2025;4;Secretaria de Esportes e Lazer;flexiveis;15879.92;14;14;1.6
2025;4;Secretaria de Gabinete Central;efetivos;978580.71;99;84;61.93
2025;4;Secretaria de Gabinete Central;funcao_confianca;434166.38;35;30;27.48
2025;4;Secretaria de Gabinete Central;comissionados;166228.41999999998;10;9;10.52
2025;4;Secretaria de Gabinete Central;flexiveis;1084.8;1;1;0.07
2025;4;Secretaria de Governo;efetivos;470013.36;36;33;35.76
2025;4;Secretaria de Governo;funcao_confianca;447371.68;36;29;34.04
2025;4;Secretaria de Governo;comissionados;374468.23;26;25;28.49
2025;4;Secretaria de Governo;flexiveis;22581.52;26;26;1.72
2025;4;Secretaria de Inclusão e Transtorno do Espectro Autista;comissionados;66351.41;4;4;51.02
2025;4;Secretaria de Inclusão e Transtorno do Espectro Autista;funcao_confianca;53544.520000000004;4;4;41.17
2025;4;Secretaria de Inclusão e Transtorno do Espectro Autista;efetivos;10150.29;1;1;7.81
2025;4;Secretaria de Mobilidade;funcao_confianca;154088.02;9;8;45.14
2025;4;Secretaria de Mobilidade;efetivos;127705.48;15;13;37.41
2025;4;Secretaria de Mobilidade;comissionados;43277.57;3;2;12.68
2025;4;Secretaria de Mobilidade;flexiveis;16272.0;15;15;4.77
2025;4;Secretaria de Parcerias;efetivos;237007.56;28;22;48.64
2025;4;Secretaria de Parcerias;comissionados;137026.73;8;8;28.12
2025;4;Secretaria de Parcerias;funcao_confianca;111748.79;10;9;22.93
2025;4;Secretaria de Parcerias;flexiveis;1482.56;3;3;0.3
2025;4;Secretaria de Planejamento e Desenvolvimento Urbano;efetivos;1213537.09;156;122;71.21
2025;4;Secretaria de Planejamento e Desenvolvimento Urbano;funcao_confianca;376322.22000000003;24;23;22.08
2025;4;Secretaria de Planejamento e Desenvolvimento Urbano;comissionados;81265.27;5;5;4.77
2025;4;Secretaria de Planejamento e Desenvolvimento Urbano;flexiveis;33063.68;33;33;1.94
2025;4;Secretaria de Recursos Humanos;efetivos;804481.92;101;88;66.47
2025;4;Secretaria de Recursos Humanos;funcao_confianca;354388.12;25;22;29.28
2025;4;Secretaria de Recursos Humanos;comissionados;38033.8;2;2;3.14
2025;4;Secretaria de Recursos Humanos;flexiveis;13340.64;14;14;1.1
2025;4;Secretaria de Relações Institucionais e Metropolitanas;funcao_confianca;92932.09;8;6;50.72
2025;4;Secretaria de Relações Institucionais e Metropolitanas;comissionados;65691.69;4;4;35.85
2025;4;Secretaria de Relações Institucionais e Metropolitanas;efetivos;24612.58;2;2;13.43
2025;4;Secretaria de Relações do Trabalho e Qualificação Profissional;efetivos;144192.35;21;18;46.18
2025;4;Secretaria de Relações do Trabalho e Qualificação Profissional;comissionados;86343.28;6;6;27.65
2025;4;Secretaria de Relações do Trabalho e Qualificação Profissional;funcao_confianca;64965.92;5;4;20.81
2025;4;Secretaria de Relações do Trabalho e Qualificação Profissional;flexiveis;16750.32;18;16;5.36
2025;4;Secretaria de Segurança Urbana;efetivos;4713836.53;444;415;93.46
2025;4;Secretaria de Segurança Urbana;funcao_confianca;223919.54;13;13;4.44
2025;4;Secretaria de Segurança Urbana;comissionados;81265.27;5;5;1.61
2025;4;Secretaria de Segurança Urbana;flexiveis;24582.16;23;23;0.49
2025;4;Secretaria de Serviços Públicos e Obras;efetivos;886198.51;112;101;66.09
2025;4;Secretaria de Serviços Públicos e Obras;funcao_confianca;283994.12;21;19;21.18
2025;4;Secretaria de Serviços Públicos e Obras;comissionados;168470.93;12;11;12.56
2025;4;Secretaria de Serviços Públicos e Obras;flexiveis;2169.6;2;2;0.16
2025;4;Secretaria de Turismo;comissionados;72333.02;6;5;57.83
2025;4;Secretaria de Turismo;efetivos;26387.649999999998;3;3;21.1
2025;4;Secretaria de Turismo;funcao_confianca;24181.08;2;2;19.33
2025;4;Secretaria de Turismo;flexiveis;2169.6;2;2;1.73
2025;4;Secretaria do Meio Ambiente, Parques e Jardins;efetivos;705682.74;81;72;60.08
2025;4;Secretaria do Meio Ambiente, Parques e Jardins;funcao_confianca;355356.09;29;23;30.26
2025;4;Secretaria do Meio Ambiente, Parques e Jardins;comissionados;95020.51000000001;6;6;8.09
2025;4;Secretaria do Meio Ambiente, Parques e Jardins;flexiveis;18459.28;19;19;1.57
2025;5;Chefia do Poder Executivo;comissionados;69441.03;3;3;46.14
2025;5;Chefia do Poder Executivo;funcao_confianca;44466.36;2;2;29.54
2025;5;Chefia do Poder Executivo;efetivos;36608.18;2;2;24.32
2025;5;Inativos e Pensionistas (Encargos);inativos;1100378.67;217;217;100.0
2025;5;Secretaria da Cidadania;efetivos;1655072.71;233;196;63.65
2025;5;Secretaria da Cidadania;funcao_confianca;524778.39;45;34;20.18
2025;5;Secretaria da Cidadania;flexiveis;273969.19;61;33;10.54
2025;5;Secretaria da Cidadania;comissionados;146654.33000000002;11;10;5.64
2025;5;Secretaria da Educação;efetivos;44718842.19;5414;5148;89.21
2025;5;Secretaria da Educação;flexiveis;4611593.73;2663;2615;9.2
2025;5;Secretaria da Educação;funcao_confianca;679097.71;57;47;1.35
2025;5;Secretaria da Educação;comissionados;118378.5;9;7;0.24
2025;5;Secretaria da Fazenda;efetivos;1638578.03;165;127;74.87
2025;5;Secretaria da Fazenda;funcao_confianca;534633.15;47;35;24.43
2025;5;Secretaria da Fazenda;comissionados;14384.28;1;1;0.66
2025;5;Secretaria da Fazenda;flexiveis;1084.8;1;1;0.05
2025;5;Secretaria da Habitação e Regularização Fundiária;efetivos;226144.02;30;23;53.94
2025;5;Secretaria da Habitação e Regularização Fundiária;funcao_confianca;94669.03;9;8;22.58
2025;5;Secretaria da Habitação e Regularização Fundiária;comissionados;89458.57;6;5;21.34
2025;5;Secretaria da Habitação e Regularização Fundiária;flexiveis;9013.76;8;7;2.15
2025;5;Secretaria da Mulher;comissionados;74016.04000000001;5;4;44.16
2025;5;Secretaria da Mulher;efetivos;69429.29000000001;4;4;41.42
2025;5;Secretaria da Mulher;funcao_confianca;24175.41;2;2;14.42
2025;5;Secretaria da Saúde;efetivos;27423740.16;2874;2522;89.83
2025;5;Secretaria da Saúde;funcao_confianca;2728468.18;168;139;8.94
2025;5;Secretaria da Saúde;comissionados;324465.52;23;20;1.06
2025;5;Secretaria da Saúde;flexiveis;53439.2;50;50;0.18
2025;5;Secretaria de Administração;efetivos;856417.54;124;104;59.98
2025;5;Secretaria de Administração;funcao_confianca;490314.16000000003;42;33;34.34
2025;5;Secretaria de Administração;flexiveis;43072.479999999996;42;42;3.02
2025;5;Secretaria de Administração;comissionados;38007.590000000004;2;2;2.66
2025;5;Secretaria de Assuntos Jurídicos e Patrimônio;efetivos;1760134.54;101;89;85.55
2025;5;Secretaria de Assuntos Jurídicos e Patrimônio;funcao_confianca;290563.34;24;23;14.12
2025;5;Secretaria de Assuntos Jurídicos e Patrimônio;flexiveis;6834.24;6;6;0.33
2025;5;Secretaria de Comunicação;funcao_confianca;243773.8;15;12;46.91
2025;5;Secretaria de Comunicação;comissionados;161338.62;11;9;31.05
2025;5;Secretaria de Comunicação;efetivos;108035.01;7;6;20.79
2025;5;Secretaria de Comunicação;flexiveis;6508.799999999999;6;6;1.25
2025;5;Secretaria de Cultura;efetivos;244152.91;41;34;53.69
2025;5;Secretaria de Cultura;comissionados;100045.39;7;6;22.0
2025;5;Secretaria de Cultura;funcao_confianca;86847.77;9;7;19.1
2025;5;Secretaria de Cultura;flexiveis;23671.2;25;25;5.21
2025;5;Secretaria de Desenvolvimento Econômico, Trabalho e Turismo;efetivos;85846.05;7;7;42.42
2025;5;Secretaria de Desenvolvimento Econômico, Trabalho e Turismo;comissionados;58137.86;3;3;28.73
2025;5;Secretaria de Desenvolvimento Econômico, Trabalho e Turismo;funcao_confianca;56378.5;6;4;27.86
2025;5;Secretaria de Desenvolvimento Econômico, Trabalho e Turismo;flexiveis;1989.6;2;2;0.98
2025;5;Secretaria de Empreendedorismo da Micro e Pequena Empresa;funcao_confianca;89856.9;8;8;43.27
2025;5;Secretaria de Empreendedorismo da Micro e Pequena Empresa;efetivos;80987.96;13;11;38.99
2025;5;Secretaria de Empreendedorismo da Micro e Pequena Empresa;comissionados;36844.5;2;2;17.74
2025;5;Secretaria de Esportes e Lazer;efetivos;652534.66;68;63;68.7
2025;5;Secretaria de Esportes e Lazer;comissionados;160104.58000000002;11;10;16.86
2025;5;Secretaria de Esportes e Lazer;funcao_confianca;124107.66;13;10;13.07
2025;5;Secretaria de Esportes e Lazer;flexiveis;13051.36;12;12;1.37
2025;5;Secretaria de Gabinete Central;efetivos;979170.7999999999;110;88;62.8
2025;5;Secretaria de Gabinete Central;funcao_confianca;430886.76;40;29;27.63
2025;5;Secretaria de Gabinete Central;comissionados;147677.76;9;9;9.47
2025;5;Secretaria de Gabinete Central;flexiveis;1482.56;2;2;0.1
2025;5;Secretaria de Governo;funcao_confianca;463645.71;39;30;36.53
2025;5;Secretaria de Governo;efetivos;442500.89;39;35;34.86
2025;5;Secretaria de Governo;comissionados;333493.22000000003;23;23;26.27
2025;5;Secretaria de Governo;flexiveis;29677.52;28;28;2.34
2025;5;Secretaria de Inclusão e Transtorno do Espectro Autista;comissionados;66272.78;4;4;48.09
2025;5;Secretaria de Inclusão e Transtorno do Espectro Autista;funcao_confianca;53439.68000000001;4;4;38.78
2025;5;Secretaria de Inclusão e Transtorno do Espectro Autista;efetivos;18103.73;4;3;13.14
2025;5;Secretaria de Mobilidade;funcao_confianca;151262.13;13;9;45.35
2025;5;Secretaria de Mobilidade;efetivos;145807.82;20;15;43.71
2025;5;Secretaria de Mobilidade;comissionados;20695.56;2;2;6.2
2025;5;Secretaria de Mobilidade;flexiveis;15787.199999999999;15;15;4.73
2025;5;Secretaria de Parcerias;efetivos;263206.16;33;25;51.61
2025;5;Secretaria de Parcerias;comissionados;124976.6;8;8;24.5
2025;5;Secretaria de Parcerias;funcao_confianca;116970.68000000001;12;9;22.93
2025;5;Secretaria de Parcerias;flexiveis;4881.6;6;6;0.96
2025;5;Secretaria de Planejamento e Desenvolvimento Urbano;efetivos;1353348.05;155;133;73.94
2025;5;Secretaria de Planejamento e Desenvolvimento Urbano;funcao_confianca;361775.39;29;23;19.76
2025;5;Secretaria de Planejamento e Desenvolvimento Urbano;comissionados;81160.43000000001;5;5;4.43
2025;5;Secretaria de Planejamento e Desenvolvimento Urbano;flexiveis;34128.08;32;32;1.86
2025;5;Secretaria de Recursos Humanos;efetivos;824453.52;107;89;68.76
2025;5;Secretaria de Recursos Humanos;funcao_confianca;321097.09;31;22;26.78
2025;5;Secretaria de Recursos Humanos;comissionados;38007.590000000004;2;2;3.17
2025;5;Secretaria de Recursos Humanos;flexiveis;15386.24;17;16;1.28
2025;5;Secretaria de Relações Institucionais e Metropolitanas;funcao_confianca;82292.13;8;6;41.52
2025;5;Secretaria de Relações Institucionais e Metropolitanas;comissionados;65613.06;4;4;33.1
2025;5;Secretaria de Relações Institucionais e Metropolitanas;efetivos;50298.7;3;3;25.38
2025;5;Secretaria de Relações do Trabalho e Qualificação Profissional;efetivos;142146.09;20;19;45.93
2025;5;Secretaria de Relações do Trabalho e Qualificação Profissional;comissionados;105268.13;6;6;34.01
2025;5;Secretaria de Relações do Trabalho e Qualificação Profissional;funcao_confianca;42752.16;5;4;13.81
2025;5;Secretaria de Relações do Trabalho e Qualificação Profissional;flexiveis;19311.84;19;19;6.24
2025;5;Secretaria de Segurança Urbana;efetivos;4597737.67;447;412;92.14
2025;5;Secretaria de Segurança Urbana;funcao_confianca;253710.01;17;14;5.08
2025;5;Secretaria de Segurança Urbana;comissionados;109928.99;7;7;2.2
2025;5;Secretaria de Segurança Urbana;flexiveis;28724.72;25;23;0.58
2025;5;Secretaria de Serviços Públicos e Obras;efetivos;869218.26;114;104;66.07
2025;5;Secretaria de Serviços Públicos e Obras;funcao_confianca;271880.3;22;19;20.67
2025;5;Secretaria de Serviços Públicos e Obras;comissionados;172329.28;12;11;13.1
2025;5;Secretaria de Serviços Públicos e Obras;flexiveis;2169.6;2;2;0.16
2025;5;Secretaria de Turismo;comissionados;65717.9;5;5;53.7
2025;5;Secretaria de Turismo;efetivos;30356.32;5;4;24.81
2025;5;Secretaria de Turismo;funcao_confianca;24128.66;2;2;19.72
2025;5;Secretaria de Turismo;flexiveis;2169.6;2;2;1.77
2025;5;Secretaria do Meio Ambiente, Parques e Jardins;efetivos;744523.86;96;75;64.87
2025;5;Secretaria do Meio Ambiente, Parques e Jardins;funcao_confianca;282620.95;27;22;24.63
2025;5;Secretaria do Meio Ambiente, Parques e Jardins;comissionados;101643.85;7;6;8.86
2025;5;Secretaria do Meio Ambiente, Parques e Jardins;flexiveis;18862.399999999998;18;18;1.64
2025;6;Chefia do Poder Executivo;comissionados;65525.96;3;3;48.08
2025;6;Chefia do Poder Executivo;funcao_confianca;45494.8;2;2;33.38
2025;6;Chefia do Poder Executivo;efetivos;25273.42;1;1;18.54
2025;6;Inativos e Pensionistas (Encargos);inativos;1106489.67;214;214;100.0
2025;6;Secretaria da Cidadania;efetivos;1791881.66;226;196;67.63
2025;6;Secretaria da Cidadania;funcao_confianca;459796.52;38;32;17.35
2025;6;Secretaria da Cidadania;flexiveis;249713.36;37;33;9.43
2025;6;Secretaria da Cidadania;comissionados;148041.58;10;10;5.59
2025;6;Secretaria da Educação;efetivos;45982285.6;5359;5132;88.57
2025;6;Secretaria da Educação;flexiveis;5137040.64;2831;2771;9.89
2025;6;Secretaria da Educação;funcao_confianca;679009.79;52;47;1.31
2025;6;Secretaria da Educação;comissionados;120742.49;8;7;0.23
2025;6;Secretaria da Fazenda;efetivos;1506771.56;147;124;70.5
2025;6;Secretaria da Fazenda;funcao_confianca;614817.06;39;34;28.76
2025;6;Secretaria da Fazenda;comissionados;14736.02;1;1;0.69
2025;6;Secretaria da Fazenda;flexiveis;1084.8;1;1;0.05
2025;6;Secretaria da Habitação e Regularização Fundiária;efetivos;220331.77;27;24;53.39
2025;6;Secretaria da Habitação e Regularização Fundiária;funcao_confianca;105169.15;10;8;25.48
2025;6;Secretaria da Habitação e Regularização Fundiária;comissionados;82014.89;5;5;19.87
2025;6;Secretaria da Habitação e Regularização Fundiária;flexiveis;5179.2;5;5;1.25
2025;6;Secretaria da Mulher;efetivos;72234.6;4;4;42.94
2025;6;Secretaria da Mulher;comissionados;66668.29000000001;4;4;39.63
2025;6;Secretaria da Mulher;funcao_confianca;29336.870000000003;3;2;17.44
2025;6;Secretaria da Saúde;efetivos;28585843.21;2815;2514;90.22
2025;6;Secretaria da Saúde;funcao_confianca;2746523.69;154;138;8.67
2025;6;Secretaria da Saúde;comissionados;300510.71;19;19;0.95
2025;6;Secretaria da Saúde;flexiveis;52055.92;49;47;0.16
2025;6;Secretaria de Administração;efetivos;934011.57;119;103;62.03
2025;6;Secretaria de Administração;funcao_confianca;490465.14;40;33;32.57
2025;6;Secretaria de Administração;flexiveis;43698.24;39;39;2.9
2025;6;Secretaria de Administração;comissionados;37634.740000000005;2;2;2.5
2025;6;Secretaria de Assuntos Jurídicos e Patrimônio;efetivos;1846017.74;105;91;84.96
2025;6;Secretaria de Assuntos Jurídicos e Patrimônio;funcao_confianca;320382.62;29;23;14.74
2025;6;Secretaria de Assuntos Jurídicos e Patrimônio;flexiveis;6508.799999999999;6;6;0.3
2025;6;Secretaria de Comunicação;funcao_confianca;179387.19999999998;15;12;43.55
2025;6;Secretaria de Comunicação;comissionados;147269.52;9;9;35.75
2025;6;Secretaria de Comunicação;efetivos;78791.34;7;6;19.13
2025;6;Secretaria de Comunicação;flexiveis;6508.799999999999;6;6;1.58
2025;6;Secretaria de Cultura;efetivos;263019.14;36;35;54.68
2025;6;Secretaria de Cultura;comissionados;97903.33;6;6;20.35
2025;6;Secretaria de Cultura;funcao_confianca;97512.86;8;7;20.27
2025;6;Secretaria de Cultura;flexiveis;22607.6;24;22;4.7
2025;6;Secretaria de Desenvolvimento Econômico, Trabalho e Turismo;comissionados;95633.65;4;4;42.04
2025;6;Secretaria de Desenvolvimento Econômico, Trabalho e Turismo;efetivos;72751.97;6;6;31.98
2025;6;Secretaria de Desenvolvimento Econômico, Trabalho e Turismo;funcao_confianca;57083.240000000005;5;4;25.1
2025;6;Secretaria de Desenvolvimento Econômico, Trabalho e Turismo;flexiveis;1989.6;2;2;0.87
2025;6;Secretaria de Empreendedorismo da Micro e Pequena Empresa;funcao_confianca;92304.59;10;8;42.7
2025;6;Secretaria de Empreendedorismo da Micro e Pequena Empresa;efetivos;86687.58;11;11;40.1
2025;6;Secretaria de Empreendedorismo da Micro e Pequena Empresa;comissionados;37196.25;2;2;17.21
2025;6;Secretaria de Esportes e Lazer;efetivos;697570.11;66;62;69.29
2025;6;Secretaria de Esportes e Lazer;comissionados;179295.35;12;10;17.81
2025;6;Secretaria de Esportes e Lazer;funcao_confianca;116195.0;12;10;11.54
2025;6;Secretaria de Esportes e Lazer;flexiveis;13704.64;13;12;1.36
2025;6;Secretaria de Gabinete Central;efetivos;1023312.48;105;89;61.83
2025;6;Secretaria de Gabinete Central;funcao_confianca;462292.75;32;29;27.93
2025;6;Secretaria de Gabinete Central;comissionados;167264.6;10;10;10.11
2025;6;Secretaria de Gabinete Central;flexiveis;2169.6;2;2;0.13
2025;6;Secretaria de Governo;funcao_confianca;623419.26;38;35;38.62
2025;6;Secretaria de Governo;efetivos;619479.93;45;39;38.37
2025;6;Secretaria de Governo;comissionados;347513.67000000004;23;22;21.53
2025;6;Secretaria de Governo;flexiveis;23967.68;24;23;1.48
2025;6;Secretaria de Inclusão e Transtorno do Espectro Autista;funcao_confianca;74277.78;6;5;45.64
2025;6;Secretaria de Inclusão e Transtorno do Espectro Autista;comissionados;67341.69;4;4;41.38
2025;6;Secretaria de Inclusão e Transtorno do Espectro Autista;efetivos;21125.62;4;3;12.98
2025;6;Secretaria de Mobilidade;efetivos;304615.73;32;27;61.55
2025;6;Secretaria de Mobilidade;funcao_confianca;144874.95;10;10;29.27
2025;6;Secretaria de Mobilidade;comissionados;30659.230000000003;2;2;6.19
2025;6;Secretaria de Mobilidade;flexiveis;14784.64;14;14;2.99
2025;6;Secretaria de Parcerias;efetivos;269170.12;30;24;51.59
2025;6;Secretaria de Parcerias;comissionados;126919.20999999999;7;7;24.33
2025;6;Secretaria de Parcerias;funcao_confianca;119106.87;11;10;22.83
2025;6;Secretaria de Parcerias;flexiveis;6508.799999999999;6;6;1.25
2025;6;Secretaria de Planejamento e Desenvolvimento Urbano;efetivos;1329650.62;155;134;71.03
2025;6;Secretaria de Planejamento e Desenvolvimento Urbano;funcao_confianca;425451.66000000003;29;23;22.73
2025;6;Secretaria de Planejamento e Desenvolvimento Urbano;comissionados;82591.51000000001;5;5;4.41
2025;6;Secretaria de Planejamento e Desenvolvimento Urbano;flexiveis;34373.2;33;32;1.84
2025;6;Secretaria de Recursos Humanos;efetivos;832750.63;104;88;71.25
2025;6;Secretaria de Recursos Humanos;funcao_confianca;271506.11;21;21;23.23
2025;6;Secretaria de Recursos Humanos;comissionados;49895.05;3;3;4.27
2025;6;Secretaria de Recursos Humanos;flexiveis;14586.16;14;14;1.25
2025;6;Secretaria de Relações Institucionais e Metropolitanas;funcao_confianca;91967.05;7;6;48.8
2025;6;Secretaria de Relações Institucionais e Metropolitanas;comissionados;66668.31;4;4;35.38
2025;6;Secretaria de Relações Institucionais e Metropolitanas;efetivos;29824.84;3;3;15.83
2025;6;Secretaria de Relações do Trabalho e Qualificação Profissional;efetivos;164382.02;21;19;47.95
2025;6;Secretaria de Relações do Trabalho e Qualificação Profissional;comissionados;106443.79000000001;6;6;31.05
2025;6;Secretaria de Relações do Trabalho e Qualificação Profissional;funcao_confianca;51079.32;4;4;14.9
2025;6;Secretaria de Relações do Trabalho e Qualificação Profissional;flexiveis;20903.68;20;20;6.1
2025;6;Secretaria de Segurança Urbana;efetivos;5121713.2700000005;425;403;93.01
2025;6;Secretaria de Segurança Urbana;funcao_confianca;249037.27;16;14;4.52
2025;6;Secretaria de Segurança Urbana;comissionados;112063.57;7;7;2.03
2025;6;Secretaria de Segurança Urbana;flexiveis;23995.28;23;23;0.44
2025;6;Secretaria de Serviços Públicos e Obras;efetivos;900909.83;119;105;67.8
2025;6;Secretaria de Serviços Públicos e Obras;funcao_confianca;255916.68;23;18;19.26
2025;6;Secretaria de Serviços Públicos e Obras;comissionados;169820.52000000002;11;11;12.78
2025;6;Secretaria de Serviços Públicos e Obras;flexiveis;2169.6;2;2;0.16
2025;6;Secretaria de Turismo;comissionados;66668.31;4;4;42.98
2025;6;Secretaria de Turismo;efetivos;60834.97;8;5;39.22
2025;6;Secretaria de Turismo;funcao_confianca;25429.08;2;2;16.4
2025;6;Secretaria de Turismo;flexiveis;2169.6;2;2;1.4
2025;6;Secretaria do Meio Ambiente, Parques e Jardins;efetivos;822786.73;83;74;64.99
2025;6;Secretaria do Meio Ambiente, Parques e Jardins;funcao_confianca;297299.22;27;23;23.48
2025;6;Secretaria do Meio Ambiente, Parques e Jardins;comissionados;121890.13;6;6;9.63
2025;6;Secretaria do Meio Ambiente, Parques e Jardins;flexiveis;23953.28;22;20;1.89
2025;7;Chefia do Poder Executivo;comissionados;69477.89;3;3;43.36
2025;7;Chefia do Poder Executivo;funcao_confianca;65906.54000000001;2;2;41.13
2025;7;Chefia do Poder Executivo;efetivos;24854.28;1;1;15.51
2025;7;Inativos e Pensionistas (Encargos);inativos;1108889.7;214;214;100.0
2025;7;Secretaria da Cidadania;efetivos;1715755.77;237;197;66.36
2025;7;Secretaria da Cidadania;funcao_confianca;437606.17;37;32;16.92
2025;7;Secretaria da Cidadania;flexiveis;266293.95;39;34;10.3
2025;7;Secretaria da Cidadania;comissionados;165907.43;13;11;6.42
2025;7;Secretaria da Educação;efetivos;45399133.94;5383;5122;88.57
2025;7;Secretaria da Educação;flexiveis;4990470.34;2785;2763;9.74
2025;7;Secretaria da Educação;funcao_confianca;750122.74;66;47;1.46
2025;7;Secretaria da Educação;comissionados;116276.08;7;7;0.23
2025;7;Secretaria da Fazenda;efetivos;1517674.76;147;122;70.53
2025;7;Secretaria da Fazenda;funcao_confianca;618496.71;49;35;28.74
2025;7;Secretaria da Fazenda;comissionados;14683.61;1;1;0.68
2025;7;Secretaria da Fazenda;flexiveis;1084.8;1;1;0.05
2025;7;Secretaria da Habitação e Regularização Fundiária;efetivos;201662.57;26;23;47.5
2025;7;Secretaria da Habitação e Regularização Fundiária;funcao_confianca;127426.1;9;8;30.01
2025;7;Secretaria da Habitação e Regularização Fundiária;comissionados;91076.51000000001;5;5;21.45
2025;7;Secretaria da Habitação e Regularização Fundiária;flexiveis;4394.4;4;4;1.04
2025;7;Secretaria da Mulher;comissionados;66695.33;4;4;40.49
2025;7;Secretaria da Mulher;efetivos;66042.6;3;3;40.09
2025;7;Secretaria da Mulher;funcao_confianca;31981.760000000002;3;2;19.42
2025;7;Secretaria da Saúde;efetivos;28636014.39;3149;2512;90.09
2025;7;Secretaria da Saúde;funcao_confianca;2770680.8;172;135;8.72
2025;7;Secretaria da Saúde;comissionados;335320.15;22;19;1.05
2025;7;Secretaria da Saúde;flexiveis;45159.68;50;50;0.14
2025;7;Secretaria de Administração;efetivos;940626.81;126;103;62.53
2025;7;Secretaria de Administração;funcao_confianca;489934.07;42;33;32.57
2025;7;Secretaria de Administração;comissionados;38514.07;2;2;2.56
2025;7;Secretaria de Administração;flexiveis;35199.6;37;37;2.34
2025;7;Secretaria de Assuntos Jurídicos e Patrimônio;efetivos;1929976.77;112;87;86.19
2025;7;Secretaria de Assuntos Jurídicos e Patrimônio;funcao_confianca;302753.73;26;23;13.52
2025;7;Secretaria de Assuntos Jurídicos e Patrimônio;flexiveis;6508.799999999999;6;6;0.29
2025;7;Secretaria de Comunicação;funcao_confianca;159219.91;13;12;40.67
2025;7;Secretaria de Comunicação;comissionados;153899.31;10;9;39.31
2025;7;Secretaria de Comunicação;efetivos;72014.13;7;7;18.39
2025;7;Secretaria de Comunicação;flexiveis;6379.2;6;6;1.63
2025;7;Secretaria de Cultura;efetivos;257224.08;36;34;53.82
2025;7;Secretaria de Cultura;comissionados;108925.31;7;6;22.79
2025;7;Secretaria de Cultura;funcao_confianca;93310.18;9;7;19.52
2025;7;Secretaria de Cultura;flexiveis;18502.96;19;19;3.87
2025;7;Secretaria de Desenvolvimento Econômico, Trabalho e Turismo;comissionados;66303.68000000001;4;4;38.72
2025;7;Secretaria de Desenvolvimento Econômico, Trabalho e Turismo;funcao_confianca;55547.69;5;4;32.44
2025;7;Secretaria de Desenvolvimento Econômico, Trabalho e Turismo;efetivos;47411.26;6;4;27.69
2025;7;Secretaria de Desenvolvimento Econômico, Trabalho e Turismo;flexiveis;1989.6;2;2;1.16
2025;7;Secretaria de Empreendedorismo da Micro e Pequena Empresa;funcao_confianca;99464.03;12;8;40.23
2025;7;Secretaria de Empreendedorismo da Micro e Pequena Empresa;efetivos;83426.11;12;11;33.75
2025;7;Secretaria de Empreendedorismo da Micro e Pequena Empresa;comissionados;64324.56;3;2;26.02
2025;7;Secretaria de Esportes e Lazer;efetivos;754357.4;76;62;72.42
2025;7;Secretaria de Esportes e Lazer;comissionados;153784.49;10;10;14.76
2025;7;Secretaria de Esportes e Lazer;funcao_confianca;120191.48;16;10;11.54
2025;7;Secretaria de Esportes e Lazer;flexiveis;13253.359999999999;13;13;1.27
2025;7;Secretaria de Gabinete Central;efetivos;1061145.62;109;92;58.09
2025;7;Secretaria de Gabinete Central;funcao_confianca;604077.87;37;28;33.07
2025;7;Secretaria de Gabinete Central;comissionados;158986.78;10;9;8.7
2025;7;Secretaria de Gabinete Central;flexiveis;2471.2;3;3;0.14
2025;7;Secretaria de Governo;funcao_confianca;764985.99;45;36;43.58
2025;7;Secretaria de Governo;efetivos;605771.77;50;40;34.51
2025;7;Secretaria de Governo;comissionados;363962.36;25;25;20.74
2025;7;Secretaria de Governo;flexiveis;20495.52;23;23;1.17
2025;7;Secretaria de Inclusão e Transtorno do Espectro Autista;funcao_confianca;80006.94;8;5;48.23
2025;7;Secretaria de Inclusão e Transtorno do Espectro Autista;comissionados;67368.73;4;4;40.61
2025;7;Secretaria de Inclusão e Transtorno do Espectro Autista;efetivos;18507.760000000002;3;3;11.16
2025;7;Secretaria de Mobilidade;efetivos;245849.85;29;27;52.53
2025;7;Secretaria de Mobilidade;funcao_confianca;178769.81;12;10;38.2
2025;7;Secretaria de Mobilidade;comissionados;30554.39;2;2;6.53
2025;7;Secretaria de Mobilidade;flexiveis;12862.88;14;14;2.75
2025;7;Secretaria de Parcerias;efetivos;286771.43;29;25;52.86
2025;7;Secretaria de Parcerias;comissionados;124508.71;7;7;22.95
2025;7;Secretaria de Parcerias;funcao_confianca;123686.3;11;10;22.8
2025;7;Secretaria de Parcerias;flexiveis;7593.599999999999;7;7;1.4
2025;7;Secretaria de Planejamento e Desenvolvimento Urbano;efetivos;1432416.22;169;133;74.67
2025;7;Secretaria de Planejamento e Desenvolvimento Urbano;funcao_confianca;369970.62;32;24;19.29
2025;7;Secretaria de Planejamento e Desenvolvimento Urbano;comissionados;82566.13;5;5;4.3
2025;7;Secretaria de Planejamento e Desenvolvimento Urbano;flexiveis;33430.08;32;31;1.74
2025;7;Secretaria de Recursos Humanos;efetivos;781645.52;114;87;64.88
2025;7;Secretaria de Recursos Humanos;funcao_confianca;354220.27;28;22;29.4
2025;7;Secretaria de Recursos Humanos;comissionados;55813.04;3;3;4.63
2025;7;Secretaria de Recursos Humanos;flexiveis;13052.72;13;13;1.08
2025;7;Secretaria de Relações Institucionais e Metropolitanas;funcao_confianca;96850.98999999999;7;6;49.33
2025;7;Secretaria de Relações Institucionais e Metropolitanas;comissionados;66695.35;4;4;33.97
2025;7;Secretaria de Relações Institucionais e Metropolitanas;efetivos;32798.67;3;3;16.7
2025;7;Secretaria de Relações do Trabalho e Qualificação Profissional;efetivos;175750.44;24;19;48.63
2025;7;Secretaria de Relações do Trabalho e Qualificação Profissional;comissionados;106500.67000000001;6;6;29.47
2025;7;Secretaria de Relações do Trabalho e Qualificação Profissional;funcao_confianca;54910.96;6;4;15.19
2025;7;Secretaria de Relações do Trabalho e Qualificação Profissional;flexiveis;24270.879999999997;29;29;6.72
2025;7;Secretaria de Segurança Urbana;efetivos;5222707.93;504;447;92.67
2025;7;Secretaria de Segurança Urbana;funcao_confianca;262557.56;18;15;4.66
2025;7;Secretaria de Segurança Urbana;comissionados;127219.79000000001;8;8;2.26
2025;7;Secretaria de Segurança Urbana;flexiveis;23253.6;25;25;0.41
2025;7;Secretaria de Serviços Públicos e Obras;efetivos;915523.76;118;104;67.54
2025;7;Secretaria de Serviços Públicos e Obras;funcao_confianca;267002.09;23;19;19.7
2025;7;Secretaria de Serviços Públicos e Obras;comissionados;170985.55000000002;11;11;12.61
2025;7;Secretaria de Serviços Públicos e Obras;flexiveis;2058.72;2;2;0.15
2025;7;Secretaria de Turismo;comissionados;78270.55;5;5;48.09
2025;7;Secretaria de Turismo;efetivos;50548.46;5;5;31.06
2025;7;Secretaria de Turismo;funcao_confianca;31768.72;4;2;19.52
2025;7;Secretaria de Turismo;flexiveis;2169.6;2;2;1.33
2025;7;Secretaria do Meio Ambiente, Parques e Jardins;efetivos;833201.7;92;76;68.45
2025;7;Secretaria do Meio Ambiente, Parques e Jardins;funcao_confianca;314240.65;29;23;25.81
2025;7;Secretaria do Meio Ambiente, Parques e Jardins;comissionados;51864.3;3;3;4.26
2025;7;Secretaria do Meio Ambiente, Parques e Jardins;flexiveis;18007.68;21;21;1.48
2025;8;Chefia do Poder Executivo;funcao_confianca;66011.38;2;2;42.18
2025;8;Chefia do Poder Executivo;comissionados;65562.82;3;3;41.9
2025;8;Chefia do Poder Executivo;efetivos;24906.7;1;1;15.92
2025;8;Inativos e Pensionistas (Encargos);inativos;1102157.2;212;212;100.0
2025;8;Secretaria da Cidadania;efetivos;1757546.27;225;202;65.01
2025;8;Secretaria da Cidadania;funcao_confianca;543406.12;40;33;20.1
2025;8;Secretaria da Cidadania;flexiveis;244099.80999999997;37;35;9.03
2025;8;Secretaria da Cidadania;comissionados;158426.54;11;11;5.86
2025;8;Secretaria da Educação;efetivos;45584929.34;5301;5114;91.65
2025;8;Secretaria da Educação;flexiveis;3314036.67;2447;2428;6.66
2025;8;Secretaria da Educação;funcao_confianca;744208.59;52;47;1.5
2025;8;Secretaria da Educação;comissionados;96733.17;8;6;0.19
2025;8;Secretaria da Fazenda;efetivos;1463647.78;145;123;74.76
2025;8;Secretaria da Fazenda;funcao_confianca;478275.11;43;35;24.43
2025;8;Secretaria da Fazenda;comissionados;14736.03;1;1;0.75
2025;8;Secretaria da Fazenda;flexiveis;1084.8;1;1;0.06
2025;8;Secretaria da Habitação e Regularização Fundiária;efetivos;201626.82;25;23;50.27
2025;8;Secretaria da Habitação e Regularização Fundiária;funcao_confianca;128516.8;10;8;32.04
2025;8;Secretaria da Habitação e Regularização Fundiária;comissionados;67892.34;4;4;16.93
2025;8;Secretaria da Habitação e Regularização Fundiária;flexiveis;3081.92;3;3;0.77
2025;8;Secretaria da Mulher;efetivos;68602.54000000001;4;3;42.79
2025;8;Secretaria da Mulher;comissionados;66705.17000000001;4;4;41.6
2025;8;Secretaria da Mulher;funcao_confianca;25024.61;2;2;15.61
2025;8;Secretaria da Saúde;efetivos;27695617.1;2807;2503;90.28
2025;8;Secretaria da Saúde;funcao_confianca;2623104.52;163;136;8.55
2025;8;Secretaria da Saúde;comissionados;308805.52;19;19;1.01
2025;8;Secretaria da Saúde;flexiveis;50853.84;52;49;0.17
2025;8;Secretaria de Administração;efetivos;1015091.3200000001;121;103;60.29
2025;8;Secretaria de Administração;funcao_confianca;594545.81;38;34;35.31
2025;8;Secretaria de Administração;comissionados;38420.28;2;2;2.28
2025;8;Secretaria de Administração;flexiveis;35532.159999999996;32;31;2.11
2025;8;Secretaria de Assuntos Jurídicos e Patrimônio;efetivos;2409966.86;107;90;87.04
2025;8;Secretaria de Assuntos Jurídicos e Patrimônio;funcao_confianca;350489.03;30;23;12.66
2025;8;Secretaria de Assuntos Jurídicos e Patrimônio;flexiveis;8208.32;8;8;0.3
2025;8;Secretaria de Comunicação;funcao_confianca;195220.93;14;12;43.84
2025;8;Secretaria de Comunicação;comissionados;148514.81;9;9;33.35
2025;8;Secretaria de Comunicação;efetivos;97254.46;7;7;21.84
2025;8;Secretaria de Comunicação;flexiveis;4339.2;4;4;0.97
2025;8;Secretaria de Cultura;efetivos;291257.02999999997;42;36;57.6
2025;8;Secretaria de Cultura;comissionados;109697.32;6;6;21.7
2025;8;Secretaria de Cultura;funcao_confianca;86057.49;8;7;17.02
2025;8;Secretaria de Cultura;flexiveis;18606.88;21;20;3.68
2025;8;Secretaria de Desenvolvimento Econômico, Trabalho e Turismo;comissionados;53156.310000000005;3;3;34.87
2025;8;Secretaria de Desenvolvimento Econômico, Trabalho e Turismo;funcao_confianca;49192.67;4;4;32.27
2025;8;Secretaria de Desenvolvimento Econômico, Trabalho e Turismo;efetivos;47706.64;4;4;31.3
2025;8;Secretaria de Desenvolvimento Econômico, Trabalho e Turismo;flexiveis;2367.2799999999997;3;3;1.55
2025;8;Secretaria de Empreendedorismo da Micro e Pequena Empresa;efetivos;82667.08;12;11;40.0
2025;8;Secretaria de Empreendedorismo da Micro e Pequena Empresa;funcao_confianca;74646.41;7;7;36.12
2025;8;Secretaria de Empreendedorismo da Micro e Pequena Empresa;comissionados;49360.979999999996;4;3;23.88
2025;8;Secretaria de Esportes e Lazer;efetivos;753245.51;65;61;69.45
2025;8;Secretaria de Esportes e Lazer;funcao_confianca;160629.87;12;10;14.81
2025;8;Secretaria de Esportes e Lazer;comissionados;157412.13;10;10;14.51
2025;8;Secretaria de Esportes e Lazer;flexiveis;13306.88;13;12;1.23
2025;8;Secretaria de Gabinete Central;efetivos;1010376.77;105;90;62.49
2025;8;Secretaria de Gabinete Central;funcao_confianca;464865.88;32;29;28.75
2025;8;Secretaria de Gabinete Central;comissionados;136641.91;9;9;8.45
2025;8;Secretaria de Gabinete Central;flexiveis;4954.719999999999;5;4;0.31
2025;8;Secretaria de Governo;funcao_confianca;662739.05;37;36;40.12
2025;8;Secretaria de Governo;efetivos;600141.24;47;39;36.33
2025;8;Secretaria de Governo;comissionados;371038.56;26;24;22.46
2025;8;Secretaria de Governo;flexiveis;18104.399999999998;19;19;1.1
2025;8;Secretaria de Inclusão e Transtorno do Espectro Autista;comissionados;67513.22;4;4;46.06
2025;8;Secretaria de Inclusão e Transtorno do Espectro Autista;funcao_confianca;59959.93;5;5;40.91
2025;8;Secretaria de Inclusão e Transtorno do Espectro Autista;efetivos;19100.2;3;3;13.03
2025;8;Secretaria de Mobilidade;efetivos;315655.84;40;32;62.99
2025;8;Secretaria de Mobilidade;funcao_confianca;140985.4;11;9;28.14
2025;8;Secretaria de Mobilidade;comissionados;30659.230000000003;2;2;6.12
2025;8;Secretaria de Mobilidade;flexiveis;13785.28;15;14;2.75
2025;8;Secretaria de Parcerias;efetivos;292768.93;31;27;53.28
2025;8;Secretaria de Parcerias;comissionados;124675.8;7;7;22.69
2025;8;Secretaria de Parcerias;funcao_confianca;122791.62;9;8;22.35
2025;8;Secretaria de Parcerias;flexiveis;9226.16;9;9;1.68
2025;8;Secretaria de Planejamento e Desenvolvimento Urbano;efetivos;1393688.32;145;132;73.79
2025;8;Secretaria de Planejamento e Desenvolvimento Urbano;funcao_confianca;382356.65;24;24;20.24
2025;8;Secretaria de Planejamento e Desenvolvimento Urbano;comissionados;82628.36;5;5;4.37
2025;8;Secretaria de Planejamento e Desenvolvimento Urbano;flexiveis;30167.199999999997;31;30;1.6
2025;8;Secretaria de Recursos Humanos;efetivos;857289.3200000001;103;88;70.0
2025;8;Secretaria de Recursos Humanos;funcao_confianca;290200.82;26;22;23.7
2025;8;Secretaria de Recursos Humanos;comissionados;64404.840000000004;3;3;5.26
2025;8;Secretaria de Recursos Humanos;flexiveis;12800.64;12;12;1.05
2025;8;Secretaria de Relações Institucionais e Metropolitanas;funcao_confianca;84511.75;6;6;45.7
2025;8;Secretaria de Relações Institucionais e Metropolitanas;comissionados;66705.17;4;4;36.07
2025;8;Secretaria de Relações Institucionais e Metropolitanas;efetivos;33721.37;3;3;18.23
2025;8;Secretaria de Relações do Trabalho e Qualificação Profissional;efetivos;162373.17;24;20;47.69
2025;8;Secretaria de Relações do Trabalho e Qualificação Profissional;comissionados;106615.33;6;6;31.31
2025;8;Secretaria de Relações do Trabalho e Qualificação Profissional;funcao_confianca;40177.83;3;3;11.8
2025;8;Secretaria de Relações do Trabalho e Qualificação Profissional;flexiveis;31312.96;32;30;9.2
2025;8;Secretaria de Segurança Urbana;efetivos;5347304.58;464;440;91.89
2025;8;Secretaria de Segurança Urbana;funcao_confianca;319414.33;18;15;5.49
2025;8;Secretaria de Segurança Urbana;comissionados;126836.45000000001;8;8;2.18
2025;8;Secretaria de Segurança Urbana;flexiveis;25926.719999999998;25;25;0.45
2025;8;Secretaria de Serviços Públicos e Obras;efetivos;1027518.47;128;116;70.9
2025;8;Secretaria de Serviços Públicos e Obras;funcao_confianca;249999.94;20;18;17.25
2025;8;Secretaria de Serviços Públicos e Obras;comissionados;169726.33000000002;11;11;11.71
2025;8;Secretaria de Serviços Públicos e Obras;flexiveis;2095.68;2;2;0.14
2025;8;Secretaria de Turismo;comissionados;82922.62;5;5;49.81
2025;8;Secretaria de Turismo;efetivos;47925.34;6;5;28.79
2025;8;Secretaria de Turismo;funcao_confianca;33470.84;2;2;20.1
2025;8;Secretaria de Turismo;flexiveis;2169.6;2;2;1.3
2025;8;Secretaria do Meio Ambiente, Parques e Jardins;efetivos;799859.26;87;78;67.98
2025;8;Secretaria do Meio Ambiente, Parques e Jardins;funcao_confianca;296877.57;25;23;25.23
2025;8;Secretaria do Meio Ambiente, Parques e Jardins;comissionados;56645.19;5;4;4.81
2025;8;Secretaria do Meio Ambiente, Parques e Jardins;flexiveis;23275.28;22;22;1.98
2025;9;Chefia do Poder Executivo;comissionados;69477.89;3;3;42.99
2025;9;Chefia do Poder Executivo;funcao_confianca;65958.96;2;2;40.81
2025;9;Chefia do Poder Executivo;efetivos;25056.92;1;1;15.5
2025;9;Chefia do Poder Executivo;flexiveis;1120.96;1;1;0.69
2025;9;Inativos e Pensionistas (Encargos);inativos;1094068.51;190;190;100.0
2025;9;Secretaria da Cidadania;efetivos;1879050.92;238;209;68.39
2025;9;Secretaria da Cidadania;funcao_confianca;463083.87;33;32;16.86
2025;9;Secretaria da Cidadania;flexiveis;260899.69;39;35;9.5
2025;9;Secretaria da Cidadania;comissionados;144373.6;10;10;5.25
2025;9;Secretaria da Educação;efetivos;45429140.48;5439;5103;87.91
2025;9;Secretaria da Educação;flexiveis;5461508.61;2960;2927;10.57
2025;9;Secretaria da Educação;funcao_confianca;682444.83;51;44;1.32
2025;9;Secretaria da Educação;comissionados;105275.02;8;6;0.2
2025;9;Secretaria da Fazenda;efetivos;1548165.06;138;123;73.55
2025;9;Secretaria da Fazenda;funcao_confianca;510966.26;44;35;24.27
2025;9;Secretaria da Fazenda;comissionados;44810.92;3;3;2.13
2025;9;Secretaria da Fazenda;flexiveis;1084.8;1;1;0.05
2025;9;Secretaria da Habitação e Regularização Fundiária;efetivos;211302.76;28;23;57.68
2025;9;Secretaria da Habitação e Regularização Fundiária;funcao_confianca;93756.94;10;8;25.59
2025;9;Secretaria da Habitação e Regularização Fundiária;comissionados;58064.97;4;4;15.85
2025;9;Secretaria da Habitação e Regularização Fundiária;flexiveis;3242.08;3;3;0.88
2025;9;Secretaria da Mulher;comissionados;82972.44;5;5;44.43
2025;9;Secretaria da Mulher;efetivos;78787.11;5;4;42.19
2025;9;Secretaria da Mulher;funcao_confianca;24972.190000000002;2;2;13.37
2025;9;Secretaria da Saúde;efetivos;28111761.62;2960;2507;90.19
2025;9;Secretaria da Saúde;funcao_confianca;2725947.47;164;139;8.75
2025;9;Secretaria da Saúde;comissionados;277753.14;17;17;0.89
2025;9;Secretaria da Saúde;flexiveis;52909.119999999995;50;49;0.17
2025;9;Secretaria de Administração;efetivos;875733.84;117;102;60.19
2025;9;Secretaria de Administração;funcao_confianca;510767.64;36;33;35.1
2025;9;Secretaria de Administração;comissionados;38394.07;2;2;2.64
2025;9;Secretaria de Administração;flexiveis;30111.92;31;31;2.07
2025;9;Secretaria de Assuntos Jurídicos e Patrimônio;efetivos;1795420.22;103;88;83.19
2025;9;Secretaria de Assuntos Jurídicos e Patrimônio;funcao_confianca;350885.8;27;23;16.26
2025;9;Secretaria de Assuntos Jurídicos e Patrimônio;flexiveis;12029.439999999999;10;10;0.56
2025;9;Secretaria de Comunicação;funcao_confianca;164866.58;17;12;40.8
2025;9;Secretaria de Comunicação;comissionados;148305.14;9;9;36.7
2025;9;Secretaria de Comunicação;efetivos;86188.71;11;8;21.33
2025;9;Secretaria de Comunicação;flexiveis;4700.8;5;5;1.16
2025;9;Secretaria de Cultura;efetivos;307316.48;43;36;61.97
2025;9;Secretaria de Cultura;comissionados;84940.19;6;5;17.13
2025;9;Secretaria de Cultura;funcao_confianca;83469.09;7;7;16.83
2025;9;Secretaria de Cultura;flexiveis;20213.44;19;19;4.08
2025;9;Secretaria de Desenvolvimento Econômico, Trabalho e Turismo;comissionados;68390.33;4;4;41.57
2025;9;Secretaria de Desenvolvimento Econômico, Trabalho e Turismo;funcao_confianca;51024.78;5;4;31.01
2025;9;Secretaria de Desenvolvimento Econômico, Trabalho e Turismo;efetivos;41671.13;5;4;25.33
2025;9;Secretaria de Desenvolvimento Econômico, Trabalho e Turismo;flexiveis;3436.0;4;4;2.09
2025;9;Secretaria de Empreendedorismo da Micro e Pequena Empresa;efetivos;89666.21;17;11;38.1
2025;9;Secretaria de Empreendedorismo da Micro e Pequena Empresa;funcao_confianca;79210.65;9;7;33.65
2025;9;Secretaria de Empreendedorismo da Micro e Pequena Empresa;comissionados;66495.49;4;4;28.25
2025;9;Secretaria de Esportes e Lazer;efetivos;695302.43;69;60;69.36
2025;9;Secretaria de Esportes e Lazer;comissionados;174265.48;11;10;17.38
2025;9;Secretaria de Esportes e Lazer;funcao_confianca;118142.17;11;10;11.79
2025;9;Secretaria de Esportes e Lazer;flexiveis;14725.439999999999;14;14;1.47
2025;9;Secretaria de Gabinete Central;efetivos;953523.35;105;90;61.91
2025;9;Secretaria de Gabinete Central;funcao_confianca;426889.3;31;29;27.72
2025;9;Secretaria de Gabinete Central;comissionados;149222.97;9;9;9.69
2025;9;Secretaria de Gabinete Central;flexiveis;10464.72;9;8;0.68
2025;9;Secretaria de Governo;funcao_confianca;717664.08;39;36;40.59
2025;9;Secretaria de Governo;efetivos;640482.99;41;39;36.22
2025;9;Secretaria de Governo;comissionados;387355.13;24;24;21.91
2025;9;Secretaria de Governo;flexiveis;22783.76;25;25;1.29
2025;9;Secretaria de Inclusão e Transtorno do Espectro Autista;comissionados;67434.59;4;4;44.48
2025;9;Secretaria de Inclusão e Transtorno do Espectro Autista;funcao_confianca;64656.520000000004;5;5;42.65
2025;9;Secretaria de Inclusão e Transtorno do Espectro Autista;efetivos;19519.0;4;3;12.87
2025;9;Secretaria de Mobilidade;efetivos;279391.84;34;31;53.48
2025;9;Secretaria de Mobilidade;funcao_confianca;182869.6;11;10;35.0
2025;9;Secretaria de Mobilidade;comissionados;46024.29;3;3;8.81
2025;9;Secretaria de Mobilidade;flexiveis;14155.439999999999;13;13;2.71
2025;9;Secretaria de Parcerias;efetivos;282377.91;30;26;54.1
2025;9;Secretaria de Parcerias;funcao_confianca;121044.34999999999;11;9;23.19
2025;9;Secretaria de Parcerias;comissionados;109415.56;6;6;20.96
2025;9;Secretaria de Parcerias;flexiveis;9132.96;9;9;1.75
2025;9;Secretaria de Planejamento e Desenvolvimento Urbano;efetivos;1284120.99;145;130;75.64
2025;9;Secretaria de Planejamento e Desenvolvimento Urbano;funcao_confianca;319629.04;27;23;18.83
2025;9;Secretaria de Planejamento e Desenvolvimento Urbano;comissionados;67813.71;4;4;3.99
2025;9;Secretaria de Planejamento e Desenvolvimento Urbano;flexiveis;26119.039999999997;26;26;1.54
2025;9;Secretaria de Recursos Humanos;efetivos;773468.0;101;89;68.53
2025;9;Secretaria de Recursos Humanos;funcao_confianca;281968.3;25;21;24.98
2025;9;Secretaria de Recursos Humanos;comissionados;58384.54;3;3;5.17
2025;9;Secretaria de Recursos Humanos;flexiveis;14761.599999999999;14;14;1.31
2025;9;Secretaria de Relações Institucionais e Metropolitanas;comissionados;97751.4;5;5;48.34
2025;9;Secretaria de Relações Institucionais e Metropolitanas;funcao_confianca;89340.57;7;6;44.18
2025;9;Secretaria de Relações Institucionais e Metropolitanas;efetivos;15138.98;2;2;7.49
2025;9;Secretaria de Relações do Trabalho e Qualificação Profissional;efetivos;153532.39;21;19;45.01
2025;9;Secretaria de Relações do Trabalho e Qualificação Profissional;comissionados;106689.47;6;6;31.28
2025;9;Secretaria de Relações do Trabalho e Qualificação Profissional;funcao_confianca;51069.21;4;4;14.97
2025;9;Secretaria de Relações do Trabalho e Qualificação Profissional;flexiveis;29834.399999999998;28;28;8.75
2025;9;Secretaria de Segurança Urbana;efetivos;5243264.47;475;438;92.81
2025;9;Secretaria de Segurança Urbana;funcao_confianca;267478.02;16;14;4.73
2025;9;Secretaria de Segurança Urbana;comissionados;111943.17;7;7;1.98
2025;9;Secretaria de Segurança Urbana;flexiveis;26919.44;25;25;0.48
2025;9;Secretaria de Serviços Públicos e Obras;efetivos;969312.87;137;114;67.78
2025;9;Secretaria de Serviços Públicos e Obras;funcao_confianca;246238.86000000002;22;19;17.22
2025;9;Secretaria de Serviços Públicos e Obras;comissionados;212261.89;14;13;14.84
2025;9;Secretaria de Serviços Públicos e Obras;flexiveis;2169.6;2;2;0.15
2025;9;Secretaria de Turismo;comissionados;83491.17;5;5;52.52
2025;9;Secretaria de Turismo;efetivos;49009.36;5;5;30.83
2025;9;Secretaria de Turismo;funcao_confianca;25376.66;2;2;15.96
2025;9;Secretaria de Turismo;flexiveis;1084.8;2;2;0.68
2025;9;Secretaria do Meio Ambiente, Parques e Jardins;efetivos;829118.62;90;79;69.22
2025;9;Secretaria do Meio Ambiente, Parques e Jardins;funcao_confianca;295548.31;28;23;24.67
2025;9;Secretaria do Meio Ambiente, Parques e Jardins;comissionados;50592.83;3;3;4.22
2025;9;Secretaria do Meio Ambiente, Parques e Jardins;flexiveis;22564.64;22;22;1.88
2025;10;Chefia do Poder Executivo;comissionados;69477.89;3;3;49.44
2025;10;Chefia do Poder Executivo;funcao_confianca;44996.81;2;2;32.02
2025;10;Chefia do Poder Executivo;efetivos;24978.29;1;1;17.77
2025;10;Chefia do Poder Executivo;flexiveis;1084.8;1;1;0.77
2025;10;Inativos e Pensionistas (Encargos);inativos;1088006.94;188;188;100.0
2025;10;Secretaria da Cidadania;efetivos;1791917.26;232;207;67.32
2025;10;Secretaria da Cidadania;funcao_confianca;462371.88;37;32;17.37
2025;10;Secretaria da Cidadania;flexiveis;265792.95;40;34;9.99
2025;10;Secretaria da Cidadania;comissionados;141625.1;10;10;5.32
2025;10;Secretaria da Educação;efetivos;45222109.0;5220;5091;86.8
2025;10;Secretaria da Educação;flexiveis;6078947.4799999995;3075;3062;11.67
2025;10;Secretaria da Educação;funcao_confianca;691199.7;53;47;1.33
2025;10;Secretaria da Educação;comissionados;105107.58;7;6;0.2
2025;10;Secretaria da Fazenda;efetivos;1377642.28;131;121;71.47
2025;10;Secretaria da Fazenda;funcao_confianca;504910.4;39;35;26.19
2025;10;Secretaria da Fazenda;comissionados;43893.57;3;3;2.28
2025;10;Secretaria da Fazenda;flexiveis;1084.8;1;1;0.06
2025;10;Secretaria da Habitação e Regularização Fundiária;efetivos;215005.94;27;23;55.47
2025;10;Secretaria da Habitação e Regularização Fundiária;funcao_confianca;100782.7;9;8;26.0
2025;10;Secretaria da Habitação e Regularização Fundiária;comissionados;67577.82;4;4;17.43
2025;10;Secretaria da Habitação e Regularização Fundiária;flexiveis;4266.88;4;4;1.1
2025;10;Secretaria da Mulher;comissionados;82209.0;5;5;46.21
2025;10;Secretaria da Mulher;efetivos;59192.509999999995;4;3;33.27
2025;10;Secretaria da Mulher;funcao_confianca;36518.4;3;3;20.53
2025;10;Secretaria da Saúde;efetivos;27067812.04;2905;2498;90.21
2025;10;Secretaria da Saúde;funcao_confianca;2590573.2;152;136;8.63
2025;10;Secretaria da Saúde;comissionados;293665.94;17;17;0.98
2025;10;Secretaria da Saúde;flexiveis;53159.759999999995;50;50;0.18
2025;10;Secretaria de Administração;efetivos;824786.26;111;102;55.38
2025;10;Secretaria de Administração;funcao_confianca;590102.87;40;33;39.62
2025;10;Secretaria de Administração;comissionados;38315.44;2;2;2.57
2025;10;Secretaria de Administração;flexiveis;36107.28;32;30;2.42
2025;10;Secretaria de Assuntos Jurídicos e Patrimônio;efetivos;1814855.15;96;88;84.94
2025;10;Secretaria de Assuntos Jurídicos e Patrimônio;funcao_confianca;308657.11;25;23;14.45
2025;10;Secretaria de Assuntos Jurídicos e Patrimônio;flexiveis;13087.84;10;10;0.61
2025;10;Secretaria de Comunicação;comissionados;182355.04;10;10;43.49
2025;10;Secretaria de Comunicação;funcao_confianca;158176.98;14;11;37.72
2025;10;Secretaria de Comunicação;efetivos;72043.64;8;8;17.18
2025;10;Secretaria de Comunicação;flexiveis;6717.76;6;6;1.6
2025;10;Secretaria de Cultura;efetivos;318476.68;42;37;59.76
2025;10;Secretaria de Cultura;comissionados;103709.18000000001;7;6;19.46
2025;10;Secretaria de Cultura;funcao_confianca;87482.85;8;6;16.42
2025;10;Secretaria de Cultura;flexiveis;23272.32;22;22;4.37
2025;10;Secretaria de Desenvolvimento Econômico, Trabalho e Turismo;comissionados;67577.82;4;4;42.69
2025;10;Secretaria de Desenvolvimento Econômico, Trabalho e Turismo;funcao_confianca;49017.33;4;4;30.97
2025;10;Secretaria de Desenvolvimento Econômico, Trabalho e Turismo;efetivos;37284.73;4;4;23.55
2025;10;Secretaria de Desenvolvimento Econômico, Trabalho e Turismo;flexiveis;4412.32;4;4;2.79
2025;10;Secretaria de Empreendedorismo da Micro e Pequena Empresa;funcao_confianca;86346.67;8;7;36.86
2025;10;Secretaria de Empreendedorismo da Micro e Pequena Empresa;efetivos;80801.23999999999;12;11;34.49
2025;10;Secretaria de Empreendedorismo da Micro e Pequena Empresa;comissionados;67138.86;5;4;28.66
2025;10;Secretaria de Esportes e Lazer;efetivos;685508.03;66;60;64.28
2025;10;Secretaria de Esportes e Lazer;funcao_confianca;202005.25;11;9;18.94
2025;10;Secretaria de Esportes e Lazer;comissionados;165336.32;10;10;15.5
2025;10;Secretaria de Esportes e Lazer;flexiveis;13557.599999999999;13;13;1.27
2025;10;Secretaria de Gabinete Central;efetivos;1055868.28;105;91;62.87
2025;10;Secretaria de Gabinete Central;funcao_confianca;464398.81;34;29;27.65
2025;10;Secretaria de Gabinete Central;comissionados;148593.93;9;9;8.85
2025;10;Secretaria de Gabinete Central;flexiveis;10559.52;10;10;0.63
2025;10;Secretaria de Governo;funcao_confianca;605172.74;41;36;39.96
2025;10;Secretaria de Governo;efetivos;455776.93;40;38;30.1
2025;10;Secretaria de Governo;comissionados;428657.38;24;24;28.31
2025;10;Secretaria de Governo;flexiveis;24803.36;26;26;1.64
2025;10;Secretaria de Inclusão e Transtorno do Espectro Autista;comissionados;67198.7;4;4;44.76
2025;10;Secretaria de Inclusão e Transtorno do Espectro Autista;funcao_confianca;64053.67;5;5;42.66
2025;10;Secretaria de Inclusão e Transtorno do Espectro Autista;efetivos;18890.510000000002;3;3;12.58
2025;10;Secretaria de Mobilidade;efetivos;264701.79;32;31;56.05
2025;10;Secretaria de Mobilidade;funcao_confianca;148233.93;11;10;31.39
2025;10;Secretaria de Mobilidade;comissionados;45080.740000000005;3;3;9.55
2025;10;Secretaria de Mobilidade;flexiveis;14226.16;15;15;3.01
2025;10;Secretaria de Parcerias;efetivos;276190.1;29;26;53.78
2025;10;Secretaria de Parcerias;comissionados;118105.7;7;6;23.0
2025;10;Secretaria de Parcerias;funcao_confianca;109947.11;10;9;21.41
2025;10;Secretaria de Parcerias;flexiveis;9293.119999999999;9;9;1.81
2025;10;Secretaria de Planejamento e Desenvolvimento Urbano;efetivos;1298782.88;146;130;74.6
2025;10;Secretaria de Planejamento e Desenvolvimento Urbano;funcao_confianca;346085.67;26;23;19.88
2025;10;Secretaria de Planejamento e Desenvolvimento Urbano;comissionados;67577.82;4;4;3.88
2025;10;Secretaria de Planejamento e Desenvolvimento Urbano;flexiveis;28564.8;28;28;1.64
2025;10;Secretaria de Recursos Humanos;efetivos;861558.16;103;89;71.09
2025;10;Secretaria de Recursos Humanos;funcao_confianca;281209.24;23;22;23.2
2025;10;Secretaria de Recursos Humanos;comissionados;52946.630000000005;3;3;4.37
2025;10;Secretaria de Recursos Humanos;flexiveis;16241.199999999999;15;15;1.34
2025;10;Secretaria de Relações Institucionais e Metropolitanas;funcao_confianca;100216.81;7;6;55.64
2025;10;Secretaria de Relações Institucionais e Metropolitanas;comissionados;66390.65000000001;4;4;36.86
2025;10;Secretaria de Relações Institucionais e Metropolitanas;efetivos;13509.66;2;2;7.5
2025;10;Secretaria de Relações do Trabalho e Qualificação Profissional;efetivos;158057.82;22;19;45.9
2025;10;Secretaria de Relações do Trabalho e Qualificação Profissional;comissionados;106296.32;6;6;30.87
2025;10;Secretaria de Relações do Trabalho e Qualificação Profissional;funcao_confianca;50870.19;4;4;14.77
2025;10;Secretaria de Relações do Trabalho e Qualificação Profissional;flexiveis;29147.36;29;29;8.46
2025;10;Secretaria de Segurança Urbana;efetivos;4838702.68;455;431;92.74
2025;10;Secretaria de Segurança Urbana;funcao_confianca;239345.48;16;15;4.59
2025;10;Secretaria de Segurança Urbana;comissionados;111471.39;7;7;2.14
2025;10;Secretaria de Segurança Urbana;flexiveis;27978.8;29;29;0.54
2025;10;Secretaria de Serviços Públicos e Obras;efetivos;903469.19;124;111;66.0
2025;10;Secretaria de Serviços Públicos e Obras;funcao_confianca;247709.9;21;19;18.1
2025;10;Secretaria de Serviços Públicos e Obras;comissionados;214327.91;14;13;15.66
2025;10;Secretaria de Serviços Públicos e Obras;flexiveis;3301.84;3;3;0.24
2025;10;Secretaria de Turismo;comissionados;83176.64;5;5;57.29
2025;10;Secretaria de Turismo;efetivos;35707.07;5;5;24.59
2025;10;Secretaria de Turismo;funcao_confianca;25219.4;2;2;17.37
2025;10;Secretaria de Turismo;flexiveis;1084.8;1;1;0.75
2025;10;Secretaria do Meio Ambiente, Parques e Jardins;efetivos;851410.51;94;79;69.91
2025;10;Secretaria do Meio Ambiente, Parques e Jardins;funcao_confianca;278539.44;26;22;22.87
2025;10;Secretaria do Meio Ambiente, Parques e Jardins;comissionados;65892.25;4;4;5.41
2025;10;Secretaria do Meio Ambiente, Parques e Jardins;flexiveis;21966.0;21;21;1.8
2025;11;Chefia do Poder Executivo;comissionados;158755.21;3;3;57.71
2025;11;Chefia do Poder Executivo;funcao_confianca;78734.12;3;2;28.62
2025;11;Chefia do Poder Executivo;efetivos;36506.86;1;1;13.27
2025;11;Chefia do Poder Executivo;flexiveis;1084.8;1;1;0.39
2025;11;Inativos e Pensionistas (Encargos);inativos;1614531.69;189;189;100.0
2025;11;Secretaria da Cidadania;efetivos;2401974.08;250;207;66.67
2025;11;Secretaria da Cidadania;funcao_confianca;612605.41;37;33;17.0
2025;11;Secretaria da Cidadania;flexiveis;363270.05;42;37;10.08
2025;11;Secretaria da Cidadania;comissionados;224983.65999999997;12;11;6.24
2025;11;Secretaria da Educação;efetivos;62962978.48;5341;5076;89.9
2025;11;Secretaria da Educação;flexiveis;5959740.31;3028;2987;8.51
2025;11;Secretaria da Educação;funcao_confianca;974301.65;50;47;1.39
2025;11;Secretaria da Educação;comissionados;136197.37;6;6;0.19
2025;11;Secretaria da Fazenda;efetivos;1768468.5;129;120;69.93
2025;11;Secretaria da Fazenda;funcao_confianca;702609.96;38;34;27.78
2025;11;Secretaria da Fazenda;comissionados;56878.53999999999;3;3;2.25
2025;11;Secretaria da Fazenda;flexiveis;1084.8;1;1;0.04
2025;11;Secretaria da Habitação e Regularização Fundiária;efetivos;281693.85;28;23;52.38
2025;11;Secretaria da Habitação e Regularização Fundiária;funcao_confianca;154169.75;10;8;28.67
2025;11;Secretaria da Habitação e Regularização Fundiária;comissionados;97541.32;4;4;18.14
2025;11;Secretaria da Habitação e Regularização Fundiária;flexiveis;4339.2;4;4;0.81
2025;11;Secretaria da Mulher;comissionados;120939.26999999999;5;5;47.06
2025;11;Secretaria da Mulher;efetivos;82746.38;3;3;32.2
2025;11;Secretaria da Mulher;funcao_confianca;53305.22;4;3;20.74
2025;11;Secretaria da Saúde;efetivos;35542604.88;2817;2489;89.28
2025;11;Secretaria da Saúde;funcao_confianca;3778366.44;157;139;9.49
2025;11;Secretaria da Saúde;comissionados;435080.61;22;18;1.09
2025;11;Secretaria da Saúde;flexiveis;55044.4;51;51;0.14
2025;11;Secretaria de Administração;efetivos;1124748.88;118;100;60.02
2025;11;Secretaria de Administração;funcao_confianca;663044.95;42;33;35.38
2025;11;Secretaria de Administração;comissionados;56306.96000000001;2;2;3.0
2025;11;Secretaria de Administração;flexiveis;29727.6;27;27;1.59
2025;11;Secretaria de Assuntos Jurídicos e Patrimônio;efetivos;2449143.6;97;88;82.95
2025;11;Secretaria de Assuntos Jurídicos e Patrimônio;funcao_confianca;489446.49;24;23;16.58
2025;11;Secretaria de Assuntos Jurídicos e Patrimônio;flexiveis;14113.44;11;11;0.48
2025;11;Secretaria de Comunicação;funcao_confianca;221046.16999999998;17;11;41.3
2025;11;Secretaria de Comunicação;comissionados;217420.34;11;9;40.62
2025;11;Secretaria de Comunicação;efetivos;91706.58;8;8;17.13
2025;11;Secretaria de Comunicação;flexiveis;5060.0;5;5;0.95
2025;11;Secretaria de Cultura;efetivos;378818.13;44;38;57.21
2025;11;Secretaria de Cultura;comissionados;150745.34;7;6;22.77
2025;11;Secretaria de Cultura;funcao_confianca;111077.51000000001;6;6;16.77
2025;11;Secretaria de Cultura;flexiveis;21535.84;21;21;3.25
2025;11;Secretaria de Desenvolvimento Econômico, Trabalho e Turismo;funcao_confianca;114426.47;6;4;41.99
2025;11;Secretaria de Desenvolvimento Econômico, Trabalho e Turismo;comissionados;91596.48000000001;4;4;33.61
2025;11;Secretaria de Desenvolvimento Econômico, Trabalho e Turismo;efetivos;62343.65;5;5;22.88
2025;11;Secretaria de Desenvolvimento Econômico, Trabalho e Turismo;flexiveis;4159.2;4;4;1.53
2025;11;Secretaria de Empreendedorismo da Micro e Pequena Empresa;efetivos;114383.31;11;11;36.93
2025;11;Secretaria de Empreendedorismo da Micro e Pequena Empresa;funcao_confianca;101377.76999999999;7;7;32.73
2025;11;Secretaria de Empreendedorismo da Micro e Pequena Empresa;comissionados;93991.09;4;4;30.34
2025;11;Secretaria de Esportes e Lazer;efetivos;896299.14;62;59;68.29
2025;11;Secretaria de Esportes e Lazer;comissionados;236813.72;12;10;18.04
2025;11;Secretaria de Esportes e Lazer;funcao_confianca;166439.37;10;10;12.68
2025;11;Secretaria de Esportes e Lazer;flexiveis;13017.599999999999;12;12;0.99
2025;11;Secretaria de Gabinete Central;efetivos;1311784.3;107;89;60.94
2025;11;Secretaria de Gabinete Central;funcao_confianca;601193.26;30;29;27.93
2025;11;Secretaria de Gabinete Central;comissionados;229256.55;11;9;10.65
2025;11;Secretaria de Gabinete Central;flexiveis;10250.16;10;10;0.48
2025;11;Secretaria de Governo;funcao_confianca;880919.7;43;36;43.16
2025;11;Secretaria de Governo;efetivos;645801.47;44;38;31.64
2025;11;Secretaria de Governo;comissionados;489523.99;23;23;23.98
2025;11;Secretaria de Governo;flexiveis;24839.52;24;24;1.22
2025;11;Secretaria de Inclusão e Transtorno do Espectro Autista;comissionados;98008.86000000002;4;4;44.78
2025;11;Secretaria de Inclusão e Transtorno do Espectro Autista;funcao_confianca;95471.54;6;5;43.62
2025;11;Secretaria de Inclusão e Transtorno do Espectro Autista;efetivos;25409.769999999997;3;3;11.61
2025;11;Secretaria de Mobilidade;efetivos;367177.11;33;31;56.0
2025;11;Secretaria de Mobilidade;funcao_confianca;211734.41;12;10;32.29
2025;11;Secretaria de Mobilidade;comissionados;61465.06999999999;3;3;9.37
2025;11;Secretaria de Mobilidade;flexiveis;15347.92;15;15;2.34
2025;11;Secretaria de Parcerias;efetivos;362172.34;31;26;52.59
2025;11;Secretaria de Parcerias;comissionados;159834.52;7;6;23.21
2025;11;Secretaria de Parcerias;funcao_confianca;154777.07;9;9;22.47
2025;11;Secretaria de Parcerias;flexiveis;11932.8;11;11;1.73
2025;11;Secretaria de Planejamento e Desenvolvimento Urbano;efetivos;1699830.77;139;129;74.22
2025;11;Secretaria de Planejamento e Desenvolvimento Urbano;funcao_confianca;460244.47;33;24;20.09
2025;11;Secretaria de Planejamento e Desenvolvimento Urbano;comissionados;97917.51000000001;4;4;4.28
2025;11;Secretaria de Planejamento e Desenvolvimento Urbano;flexiveis;32419.28;29;29;1.42
2025;11;Secretaria de Recursos Humanos;efetivos;1060206.18;97;89;67.6
2025;11;Secretaria de Recursos Humanos;funcao_confianca;396996.77999999997;25;22;25.31
2025;11;Secretaria de Recursos Humanos;comissionados;94250.36;4;3;6.01
2025;11;Secretaria de Recursos Humanos;flexiveis;16807.12;16;16;1.07
2025;11;Secretaria de Relações Institucionais e Metropolitanas;funcao_confianca;133378.91;7;6;46.96
2025;11;Secretaria de Relações Institucionais e Metropolitanas;comissionados;129986.45000000001;4;4;45.76
2025;11;Secretaria de Relações Institucionais e Metropolitanas;efetivos;20682.73;2;2;7.28
2025;11;Secretaria de Relações do Trabalho e Qualificação Profissional;efetivos;210786.04;20;19;45.07
2025;11;Secretaria de Relações do Trabalho e Qualificação Profissional;comissionados;150620.57;6;6;32.21
2025;11;Secretaria de Relações do Trabalho e Qualificação Profissional;funcao_confianca;74150.46;4;4;15.86
2025;11;Secretaria de Relações do Trabalho e Qualificação Profissional;flexiveis;32106.079999999998;32;32;6.87
2025;11;Secretaria de Segurança Urbana;efetivos;6242998.29;458;425;92.08
2025;11;Secretaria de Segurança Urbana;funcao_confianca;350517.18;16;15;5.17
2025;11;Secretaria de Segurança Urbana;comissionados;158261.85;7;7;2.33
2025;11;Secretaria de Segurança Urbana;flexiveis;27992.16;27;27;0.41
2025;11;Secretaria de Serviços Públicos e Obras;efetivos;1192804.27;121;111;65.89
2025;11;Secretaria de Serviços Públicos e Obras;funcao_confianca;339436.02;20;19;18.75
2025;11;Secretaria de Serviços Públicos e Obras;comissionados;276837.07;13;12;15.29
2025;11;Secretaria de Serviços Públicos e Obras;flexiveis;1084.8;1;1;0.06
2025;11;Secretaria de Turismo;comissionados;121992.37;6;5;57.22
2025;11;Secretaria de Turismo;efetivos;54791.73;5;5;25.7
2025;11;Secretaria de Turismo;funcao_confianca;35384.31;2;2;16.6
2025;11;Secretaria de Turismo;flexiveis;1041.68;1;1;0.49
2025;11;Secretaria do Meio Ambiente, Parques e Jardins;efetivos;1080806.52;98;76;67.33
2025;11;Secretaria do Meio Ambiente, Parques e Jardins;funcao_confianca;415539.22000000003;25;23;25.89
2025;11;Secretaria do Meio Ambiente, Parques e Jardins;comissionados;87466.16;4;4;5.45
2025;11;Secretaria do Meio Ambiente, Parques e Jardins;flexiveis;21516.0;20;20;1.34
2025;12;Chefia do Poder Executivo;funcao_confianca;87107.01000000001;4;2;38.26
2025;12;Chefia do Poder Executivo;efetivos;80744.98;3;1;35.47
2025;12;Chefia do Poder Executivo;comissionados;58726.02;2;2;25.8
2025;12;Chefia do Poder Executivo;flexiveis;1084.8;1;1;0.48
2025;12;Inativos e Pensionistas (Encargos);inativos;2176084.2600000002;376;188;100.0
2025;12;Secretaria da Cidadania;efetivos;3184379.72;448;208;66.4
2025;12;Secretaria da Cidadania;funcao_confianca;794755.38;69;33;16.57
2025;12;Secretaria da Cidadania;flexiveis;533195.11;95;37;11.12
2025;12;Secretaria da Cidadania;comissionados;283083.5;22;11;5.9
2025;12;Secretaria da Educação;efetivos;81804952.01;10250;5068;91.97
2025;12;Secretaria da Educação;flexiveis;5699828.87;3020;2899;6.41
2025;12;Secretaria da Educação;funcao_confianca;1250685.52;103;46;1.41
2025;12;Secretaria da Educação;comissionados;187626.2;12;6;0.21
2025;12;Secretaria da Fazenda;efetivos;2444549.79;253;122;72.16
2025;12;Secretaria da Fazenda;funcao_confianca;870087.12;70;34;25.68
2025;12;Secretaria da Fazenda;comissionados;72089.08;5;3;2.13
2025;12;Secretaria da Fazenda;flexiveis;1084.8;1;1;0.03
2025;12;Secretaria da Habitação e Regularização Fundiária;efetivos;353682.5;47;23;53.08
2025;12;Secretaria da Habitação e Regularização Fundiária;funcao_confianca;181961.95;17;8;27.31
2025;12;Secretaria da Habitação e Regularização Fundiária;comissionados;127504.8;8;4;19.14
2025;12;Secretaria da Habitação e Regularização Fundiária;flexiveis;3145.92;4;4;0.47
2025;12;Secretaria da Mulher;comissionados;158556.94;12;5;43.25
2025;12;Secretaria da Mulher;efetivos;138155.18;6;2;37.68
2025;12;Secretaria da Mulher;funcao_confianca;69923.67;6;3;19.07
2025;12;Secretaria da Saúde;efetivos;50734100.42;5325;2485;89.83
2025;12;Secretaria da Saúde;funcao_confianca;5109237.05;308;139;9.05
2025;12;Secretaria da Saúde;comissionados;575459.04;39;17;1.02
2025;12;Secretaria da Saúde;flexiveis;56590.159999999996;62;62;0.1
2025;12;Secretaria de Administração;efetivos;1546405.5;213;100;60.73
2025;12;Secretaria de Administração;funcao_confianca;899499.16;78;33;35.33
2025;12;Secretaria de Administração;comissionados;74298.47;4;2;2.92
2025;12;Secretaria de Administração;flexiveis;26066.879999999997;27;27;1.02
2025;12;Secretaria de Assuntos Jurídicos e Patrimônio;efetivos;3409377.9;184;86;85.17
2025;12;Secretaria de Assuntos Jurídicos e Patrimônio;funcao_confianca;579223.06;50;23;14.47
2025;12;Secretaria de Assuntos Jurídicos e Patrimônio;flexiveis;14433.28;13;13;0.36
2025;12;Secretaria de Comunicação;funcao_confianca;274664.05;25;11;39.41
2025;12;Secretaria de Comunicação;comissionados;259077.67;18;9;37.17
2025;12;Secretaria de Comunicação;efetivos;158851.05;18;8;22.79
2025;12;Secretaria de Comunicação;flexiveis;4339.2;5;5;0.62
2025;12;Secretaria de Cultura;efetivos;529800.7;76;37;59.58
2025;12;Secretaria de Cultura;comissionados;184152.21000000002;13;6;20.71
2025;12;Secretaria de Cultura;funcao_confianca;151630.47;13;6;17.05
2025;12;Secretaria de Cultura;flexiveis;23651.6;25;24;2.66
2025;12;Secretaria de Desenvolvimento Econômico, Trabalho e Turismo;comissionados;115615.12000000001;8;4;39.04
2025;12;Secretaria de Desenvolvimento Econômico, Trabalho e Turismo;funcao_confianca;91799.93;8;4;31.0
2025;12;Secretaria de Desenvolvimento Econômico, Trabalho e Turismo;efetivos;84537.18;11;5;28.55
2025;12;Secretaria de Desenvolvimento Econômico, Trabalho e Turismo;flexiveis;4159.2;4;4;1.4
2025;12;Secretaria de Empreendedorismo da Micro e Pequena Empresa;efetivos;156132.2;24;11;37.16
2025;12;Secretaria de Empreendedorismo da Micro e Pequena Empresa;funcao_confianca;143142.87;15;7;34.07
2025;12;Secretaria de Empreendedorismo da Micro e Pequena Empresa;comissionados;120910.03;8;4;28.78
2025;12;Secretaria de Esportes e Lazer;efetivos;1276959.8;132;59;68.22
2025;12;Secretaria de Esportes e Lazer;comissionados;291398.60000000003;20;10;15.57
2025;12;Secretaria de Esportes e Lazer;funcao_confianca;289567.91000000003;24;11;15.47
2025;12;Secretaria de Esportes e Lazer;flexiveis;13885.439999999999;14;14;0.74
2025;12;Secretaria de Gabinete Central;efetivos;1831762.52;204;91;62.91
2025;12;Secretaria de Gabinete Central;funcao_confianca;769588.88;59;28;26.43
2025;12;Secretaria de Gabinete Central;comissionados;294146.97000000003;21;9;10.1
2025;12;Secretaria de Gabinete Central;flexiveis;16422.8;19;18;0.56
2025;12;Secretaria de Governo;funcao_confianca;1146876.62;80;37;42.34
2025;12;Secretaria de Governo;efetivos;923665.18;80;37;34.1
2025;12;Secretaria de Governo;comissionados;614151.59;45;22;22.67
2025;12;Secretaria de Governo;flexiveis;24351.76;25;25;0.9
2025;12;Secretaria de Inclusão e Transtorno do Espectro Autista;comissionados;140043.82;9;4;46.66
2025;12;Secretaria de Inclusão e Transtorno do Espectro Autista;funcao_confianca;128612.45;11;5;42.85
2025;12;Secretaria de Inclusão e Transtorno do Espectro Autista;efetivos;31461.49;6;3;10.48
2025;12;Secretaria de Mobilidade;efetivos;482031.92;63;31;55.73
2025;12;Secretaria de Mobilidade;funcao_confianca;290381.75;21;10;33.57
2025;12;Secretaria de Mobilidade;comissionados;77849.39;6;3;9.0
2025;12;Secretaria de Mobilidade;flexiveis;14616.16;16;16;1.69
2025;12;Secretaria de Parcerias;efetivos;482670.39999999997;56;26;52.6
2025;12;Secretaria de Parcerias;funcao_confianca;218377.52;20;9;23.8
2025;12;Secretaria de Parcerias;comissionados;205764.16;12;6;22.42
2025;12;Secretaria de Parcerias;flexiveis;10848.0;11;11;1.18
2025;12;Secretaria de Planejamento e Desenvolvimento Urbano;efetivos;2308333.99;284;130;75.18
2025;12;Secretaria de Planejamento e Desenvolvimento Urbano;funcao_confianca;602778.78;49;24;19.63
2025;12;Secretaria de Planejamento e Desenvolvimento Urbano;comissionados;128257.18000000001;8;4;4.18
2025;12;Secretaria de Planejamento e Desenvolvimento Urbano;flexiveis;30966.399999999998;33;32;1.01
2025;12;Secretaria de Recursos Humanos;efetivos;1498192.18;195;89;68.0
2025;12;Secretaria de Recursos Humanos;funcao_confianca;592376.09;46;22;26.89
2025;12;Secretaria de Recursos Humanos;comissionados;98059.28;6;3;4.45
2025;12;Secretaria de Recursos Humanos;flexiveis;14609.68;17;17;0.66
2025;12;Secretaria de Relações Institucionais e Metropolitanas;funcao_confianca;184199.84;15;6;58.9
2025;12;Secretaria de Relações Institucionais e Metropolitanas;comissionados;100174.1;6;3;32.03
2025;12;Secretaria de Relações Institucionais e Metropolitanas;efetivos;28349.699999999997;4;2;9.07
2025;12;Secretaria de Relações do Trabalho e Qualificação Profissional;efetivos;280078.52;42;19;46.85
2025;12;Secretaria de Relações do Trabalho e Qualificação Profissional;comissionados;194739.59;12;6;32.57
2025;12;Secretaria de Relações do Trabalho e Qualificação Profissional;funcao_confianca;95548.96;8;4;15.98
2025;12;Secretaria de Relações do Trabalho e Qualificação Profissional;flexiveis;27459.12;32;32;4.59
2025;12;Secretaria de Segurança Urbana;efetivos;8347059.18;859;421;92.2
2025;12;Secretaria de Segurança Urbana;funcao_confianca;475483.89;34;15;5.25
2025;12;Secretaria de Segurança Urbana;comissionados;204659.14;14;7;2.26
2025;12;Secretaria de Segurança Urbana;flexiveis;25890.559999999998;28;28;0.29
2025;12;Secretaria de Serviços Públicos e Obras;efetivos;1589384.24;236;111;65.46
2025;12;Secretaria de Serviços Públicos e Obras;funcao_confianca;469405.52;42;19;19.33
2025;12;Secretaria de Serviços Públicos e Obras;comissionados;368128.22000000003;25;12;15.16
2025;12;Secretaria de Serviços Públicos e Obras;flexiveis;1084.8;1;1;0.04
2025;12;Secretaria de Turismo;comissionados;148847.82;10;5;48.64
2025;12;Secretaria de Turismo;efetivos;111514.53;10;5;36.44
2025;12;Secretaria de Turismo;funcao_confianca;44592.97;4;2;14.57
2025;12;Secretaria de Turismo;flexiveis;1066.32;1;1;0.35
2025;12;Secretaria do Meio Ambiente, Parques e Jardins;efetivos;1517460.67;165;77;69.55
2025;12;Secretaria do Meio Ambiente, Parques e Jardins;funcao_confianca;536794.08;48;23;24.6
2025;12;Secretaria do Meio Ambiente, Parques e Jardins;comissionados;104470.94;8;4;4.79
2025;12;Secretaria do Meio Ambiente, Parques e Jardins;flexiveis;23091.04;22;22;1.06
2026;1;Chefia do Poder Executivo;funcao_confianca;176391.75;9;8;70.12
2026;1;Chefia do Poder Executivo;comissionados;58726.02;2;2;23.34
2026;1;Chefia do Poder Executivo;efetivos;15361.48;1;1;6.11
2026;1;Chefia do Poder Executivo;flexiveis;1084.8;1;1;0.43
2026;1;Inativos e Pensionistas (Encargos);inativos;1098289.23;188;188;100.0
2026;1;Secretaria da Cidadania;efetivos;1795833.63;233;206;67.21
2026;1;Secretaria da Cidadania;funcao_confianca;445896.3;38;33;16.69
2026;1;Secretaria da Cidadania;flexiveis;261406.77;40;39;9.78
2026;1;Secretaria da Cidadania;comissionados;168854.47;14;11;6.32
2026;1;Secretaria da Educação;efetivos;56649457.36;9411;4975;92.73
2026;1;Secretaria da Educação;flexiveis;3554019.08;2482;2468;5.82
2026;1;Secretaria da Educação;funcao_confianca;770975.25;63;46;1.26
2026;1;Secretaria da Educação;comissionados;116401.59000000001;8;6;0.19
2026;1;Secretaria da Fazenda;efetivos;1614289.86;141;122;73.54
2026;1;Secretaria da Fazenda;funcao_confianca;552213.42;39;34;25.16
2026;1;Secretaria da Fazenda;comissionados;26452.67;2;2;1.21
2026;1;Secretaria da Fazenda;flexiveis;2277.04;1;1;0.1
2026;1;Secretaria da Habitação e Regularização Fundiária;efetivos;212466.76;25;23;53.22
2026;1;Secretaria da Habitação e Regularização Fundiária;funcao_confianca;101607.79000000001;9;8;25.45
2026;1;Secretaria da Habitação e Regularização Fundiária;comissionados;81704.20000000001;5;4;20.47
2026;1;Secretaria da Habitação e Regularização Fundiária;flexiveis;3424.8;4;4;0.86
2026;1;Secretaria da Mulher;comissionados;103946.22;5;5;57.15
2026;1;Secretaria da Mulher;efetivos;38996.240000000005;2;2;21.44
2026;1;Secretaria da Mulher;funcao_confianca;38938.83;4;3;21.41
2026;1;Secretaria da Saúde;efetivos;26651359.12;2747;2491;90.12
2026;1;Secretaria da Saúde;funcao_confianca;2610049.24;156;138;8.83
2026;1;Secretaria da Saúde;comissionados;257917.09;16;16;0.87
2026;1;Secretaria da Saúde;flexiveis;53708.64;60;60;0.18
2026;1;Secretaria de Administração;efetivos;857959.53;109;99;59.16
2026;1;Secretaria de Administração;funcao_confianca;518482.24;39;33;35.75
2026;1;Secretaria de Administração;comissionados;51887.82000000001;2;2;3.58
2026;1;Secretaria de Administração;flexiveis;21815.28;22;22;1.5
2026;1;Secretaria de Assuntos Jurídicos e Patrimônio;efetivos;2556893.56;105;86;87.97
2026;1;Secretaria de Assuntos Jurídicos e Patrimônio;funcao_confianca;334533.37;30;23;11.51
2026;1;Secretaria de Assuntos Jurídicos e Patrimônio;flexiveis;15269.76;12;12;0.53
2026;1;Secretaria de Comunicação;comissionados;192289.93;10;9;41.46
2026;1;Secretaria de Comunicação;funcao_confianca;148426.78;13;11;32.0
2026;1;Secretaria de Comunicação;efetivos;118747.64;10;8;25.6
2026;1;Secretaria de Comunicação;flexiveis;4339.2;4;4;0.94
2026;1;Secretaria de Cultura;efetivos;265207.92;40;37;54.3
2026;1;Secretaria de Cultura;comissionados;116368.79000000001;6;6;23.83
2026;1;Secretaria de Cultura;funcao_confianca;83638.57;7;6;17.13
2026;1;Secretaria de Cultura;flexiveis;23168.719999999998;22;22;4.74
2026;1;Secretaria de Desenvolvimento Econômico, Trabalho e Turismo;comissionados;83763.27;5;4;45.34
2026;1;Secretaria de Desenvolvimento Econômico, Trabalho e Turismo;funcao_confianca;52660.34;4;4;28.5
2026;1;Secretaria de Desenvolvimento Econômico, Trabalho e Turismo;efetivos;44160.91;5;5;23.9
2026;1;Secretaria de Desenvolvimento Econômico, Trabalho e Turismo;flexiveis;4159.2;4;4;2.25
2026;1;Secretaria de Empreendedorismo da Micro e Pequena Empresa;comissionados;111235.20000000001;8;5;40.97
2026;1;Secretaria de Empreendedorismo da Micro e Pequena Empresa;funcao_confianca;82393.17;9;7;30.35
2026;1;Secretaria de Empreendedorismo da Micro e Pequena Empresa;efetivos;77865.45;13;11;28.68
2026;1;Secretaria de Esportes e Lazer;efetivos;622526.69;67;59;67.6
2026;1;Secretaria de Esportes e Lazer;comissionados;156520.99;10;10;17.0
2026;1;Secretaria de Esportes e Lazer;funcao_confianca;126839.1;13;10;13.77
2026;1;Secretaria de Esportes e Lazer;flexiveis;15023.359999999999;15;14;1.63
2026;1;Secretaria de Gabinete Central;efetivos;985396.42;100;90;58.49
2026;1;Secretaria de Gabinete Central;funcao_confianca;515454.52999999997;34;29;30.59
2026;1;Secretaria de Gabinete Central;comissionados;164713.55000000002;9;9;9.78
2026;1;Secretaria de Gabinete Central;flexiveis;19274.559999999998;19;19;1.14
2026;1;Secretaria de Governo;funcao_confianca;498407.71;35;31;34.19
2026;1;Secretaria de Governo;efetivos;486061.4;43;37;33.34
2026;1;Secretaria de Governo;comissionados;449206.78;24;23;30.82
2026;1;Secretaria de Governo;flexiveis;24021.52;23;23;1.65
2026;1;Secretaria de Inclusão e Transtorno do Espectro Autista;funcao_confianca;69714.18;5;5;46.5
2026;1;Secretaria de Inclusão e Transtorno do Espectro Autista;comissionados;60819.33;5;4;40.57
2026;1;Secretaria de Inclusão e Transtorno do Espectro Autista;efetivos;19376.93;3;3;12.93
2026;1;Secretaria de Mobilidade;efetivos;278769.53;33;31;57.5
2026;1;Secretaria de Mobilidade;funcao_confianca;147262.84;11;10;30.38
2026;1;Secretaria de Mobilidade;comissionados;45080.740000000005;3;3;9.3
2026;1;Secretaria de Mobilidade;flexiveis;13699.84;14;14;2.83
2026;1;Secretaria de Parcerias;efetivos;265302.42;28;26;52.24
2026;1;Secretaria de Parcerias;funcao_confianca;120236.52;10;9;23.67
2026;1;Secretaria de Parcerias;comissionados;110943.18;6;6;21.84
2026;1;Secretaria de Parcerias;flexiveis;11406.48;11;11;2.25
2026;1;Secretaria de Planejamento e Desenvolvimento Urbano;efetivos;1315686.3800000001;141;129;75.6
2026;1;Secretaria de Planejamento e Desenvolvimento Urbano;funcao_confianca;328301.32;29;24;18.86
2026;1;Secretaria de Planejamento e Desenvolvimento Urbano;comissionados;67446.77;4;4;3.88
2026;1;Secretaria de Planejamento e Desenvolvimento Urbano;flexiveis;28895.92;26;26;1.66
2026;1;Secretaria de Recursos Humanos;efetivos;804113.2;106;90;67.93
2026;1;Secretaria de Recursos Humanos;funcao_confianca;302037.96;28;22;25.52
2026;1;Secretaria de Recursos Humanos;comissionados;64195.170000000006;3;3;5.42
2026;1;Secretaria de Recursos Humanos;flexiveis;13395.599999999999;14;14;1.13
2026;1;Secretaria de Relações Institucionais e Metropolitanas;funcao_confianca;90243.70999999999;6;6;56.63
2026;1;Secretaria de Relações Institucionais e Metropolitanas;comissionados;51628.41;3;3;32.4
2026;1;Secretaria de Relações Institucionais e Metropolitanas;efetivos;17485.78;3;2;10.97
2026;1;Secretaria de Relações do Trabalho e Qualificação Profissional;efetivos;152410.27;20;19;44.68
2026;1;Secretaria de Relações do Trabalho e Qualificação Profissional;comissionados;107578.92;6;6;31.54
2026;1;Secretaria de Relações do Trabalho e Qualificação Profissional;funcao_confianca;53899.94;6;4;15.8
2026;1;Secretaria de Relações do Trabalho e Qualificação Profissional;flexiveis;27236.079999999998;26;26;7.98
2026;1;Secretaria de Segurança Urbana;efetivos;4461417.19;444;416;91.18
2026;1;Secretaria de Segurança Urbana;funcao_confianca;246047.04;18;15;5.03
2026;1;Secretaria de Segurança Urbana;comissionados;154526.16;8;7;3.16
2026;1;Secretaria de Segurança Urbana;flexiveis;30916.079999999998;29;27;0.63
2026;1;Secretaria de Serviços Públicos e Obras;efetivos;959304.14;116;112;66.32
2026;1;Secretaria de Serviços Públicos e Obras;funcao_confianca;296673.17;24;20;20.51
2026;1;Secretaria de Serviços Públicos e Obras;comissionados;190256.79;13;13;13.15
2026;1;Secretaria de Serviços Públicos e Obras;flexiveis;240.0;1;1;0.02
2026;1;Secretaria de Turismo;comissionados;98746.31;6;5;59.41
2026;1;Secretaria de Turismo;efetivos;39721.25;6;5;23.9
2026;1;Secretaria de Turismo;funcao_confianca;26661.49;3;2;16.04
2026;1;Secretaria de Turismo;flexiveis;1084.8;1;1;0.65
2026;1;Secretaria do Meio Ambiente, Parques e Jardins;efetivos;818504.17;95;82;66.11
2026;1;Secretaria do Meio Ambiente, Parques e Jardins;funcao_confianca;282728.24;24;23;22.84
2026;1;Secretaria do Meio Ambiente, Parques e Jardins;comissionados;112841.09000000001;5;5;9.11
2026;1;Secretaria do Meio Ambiente, Parques e Jardins;flexiveis;24037.2;23;23;1.94
2026;2;Chefia do Poder Executivo;funcao_confianca;174704.54;8;7;63.9
2026;2;Chefia do Poder Executivo;comissionados;72542.19;3;3;26.53
2026;2;Chefia do Poder Executivo;efetivos;25083.13;1;1;9.17
2026;2;Chefia do Poder Executivo;flexiveis;1084.8;1;1;0.4
2026;2;Inativos e Pensionistas (Encargos);inativos;1086874.99;187;187;100.0
2026;2;Secretaria da Cidadania;efetivos;1900232.95;248;207;66.35
2026;2;Secretaria da Cidadania;funcao_confianca;451020.98;40;33;15.75
2026;2;Secretaria da Cidadania;flexiveis;309121.54;46;37;10.79
2026;2;Secretaria da Cidadania;comissionados;203529.42;14;11;7.11
2026;2;Secretaria da Educação;efetivos;41491927.82;5061;4962;96.61
2026;2;Secretaria da Educação;funcao_confianca;745976.74;55;46;1.74
2026;2;Secretaria da Educação;flexiveis;603698.09;560;491;1.41
2026;2;Secretaria da Educação;comissionados;104184.6;6;6;0.24
2026;2;Secretaria da Fazenda;efetivos;1414918.74;142;123;73.98
2026;2;Secretaria da Fazenda;funcao_confianca;482362.2;40;33;25.22
2026;2;Secretaria da Fazenda;comissionados;14740.85;2;2;0.77
2026;2;Secretaria da Fazenda;flexiveis;650.88;1;1;0.03
2026;2;Secretaria da Habitação e Regularização Fundiária;efetivos;201080.94;27;23;53.39
2026;2;Secretaria da Habitação e Regularização Fundiária;funcao_confianca;122484.95;11;8;32.52
2026;2;Secretaria da Habitação e Regularização Fundiária;comissionados;51969.14;3;3;13.8
2026;2;Secretaria da Habitação e Regularização Fundiária;flexiveis;1084.8;1;1;0.29
2026;2;Secretaria da Mulher;comissionados;66705.16;4;4;42.97
2026;2;Secretaria da Mulher;efetivos;51486.58;2;2;33.16
2026;2;Secretaria da Mulher;funcao_confianca;37058.869999999995;3;3;23.87
2026;2;Secretaria da Saúde;efetivos;28515661.45;2911;2488;89.66
2026;2;Secretaria da Saúde;funcao_confianca;2954637.08;176;139;9.29
2026;2;Secretaria da Saúde;comissionados;286511.46;19;18;0.9
2026;2;Secretaria da Saúde;flexiveis;47040.159999999996;46;46;0.15
2026;2;Secretaria de Administração;efetivos;924238.88;114;101;60.5
2026;2;Secretaria de Administração;funcao_confianca;520170.49;36;33;34.05
2026;2;Secretaria de Administração;comissionados;61605.1;3;2;4.03
2026;2;Secretaria de Administração;flexiveis;21728.72;21;20;1.42
2026;2;Secretaria de Assuntos Jurídicos e Patrimônio;efetivos;2043888.75;104;86;84.45
2026;2;Secretaria de Assuntos Jurídicos e Patrimônio;funcao_confianca;360040.98;25;23;14.88
2026;2;Secretaria de Assuntos Jurídicos e Patrimônio;flexiveis;16290.800000000001;13;13;0.67
2026;2;Secretaria de Comunicação;funcao_confianca;151842.83000000002;12;11;41.46
2026;2;Secretaria de Comunicação;comissionados;136062.72;11;9;37.15
2026;2;Secretaria de Comunicação;efetivos;73984.14;10;8;20.2
2026;2;Secretaria de Comunicação;flexiveis;4339.2;4;4;1.18
2026;2;Secretaria de Cultura;efetivos;314536.16;42;37;61.36
2026;2;Secretaria de Cultura;comissionados;100201.55;6;6;19.55
2026;2;Secretaria de Cultura;funcao_confianca;77962.92;6;6;15.21
2026;2;Secretaria de Cultura;flexiveis;19885.36;20;20;3.88
2026;2;Secretaria de Desenvolvimento Econômico, Trabalho e Turismo;comissionados;80854.62;5;4;42.52
2026;2;Secretaria de Desenvolvimento Econômico, Trabalho e Turismo;efetivos;55552.79;6;5;29.22
2026;2;Secretaria de Desenvolvimento Econômico, Trabalho e Turismo;funcao_confianca;49573.8;4;4;26.07
2026;2;Secretaria de Desenvolvimento Econômico, Trabalho e Turismo;flexiveis;4159.2;4;4;2.19
2026;2;Secretaria de Empreendedorismo da Micro e Pequena Empresa;comissionados;140024.99;6;6;43.79
2026;2;Secretaria de Empreendedorismo da Micro e Pequena Empresa;efetivos;96511.05;14;11;30.18
2026;2;Secretaria de Empreendedorismo da Micro e Pequena Empresa;funcao_confianca;83254.32;8;7;26.03
2026;2;Secretaria de Esportes e Lazer;efetivos;736134.1900000001;62;58;70.69
2026;2;Secretaria de Esportes e Lazer;comissionados;172436.11000000002;11;11;16.56
2026;2;Secretaria de Esportes e Lazer;funcao_confianca;121851.97;11;11;11.7
2026;2;Secretaria de Esportes e Lazer;flexiveis;10920.32;11;11;1.05
2026;2;Secretaria de Gabinete Central;efetivos;1013359.85;105;90;60.47
2026;2;Secretaria de Gabinete Central;funcao_confianca;430386.21;35;28;25.68
2026;2;Secretaria de Gabinete Central;comissionados;209916.03;10;10;12.53
2026;2;Secretaria de Gabinete Central;flexiveis;22023.04;21;21;1.31
2026;2;Secretaria de Governo;funcao_confianca;644975.34;41;33;41.66
2026;2;Secretaria de Governo;efetivos;455592.72000000003;40;36;29.43
2026;2;Secretaria de Governo;comissionados;425703.89;26;25;27.5
2026;2;Secretaria de Governo;flexiveis;21846.559999999998;22;22;1.41
2026;2;Secretaria de Inclusão e Transtorno do Espectro Autista;comissionados;79348.59;4;4;47.97
2026;2;Secretaria de Inclusão e Transtorno do Espectro Autista;funcao_confianca;66812.05;6;5;40.39
2026;2;Secretaria de Inclusão e Transtorno do Espectro Autista;efetivos;19260.91;3;3;11.64
2026;2;Secretaria de Mobilidade;efetivos;292677.52;36;31;52.32
2026;2;Secretaria de Mobilidade;funcao_confianca;178531.75;13;10;31.91
2026;2;Secretaria de Mobilidade;comissionados;73598.97;3;3;13.16
2026;2;Secretaria de Mobilidade;flexiveis;14640.8;14;14;2.62
2026;2;Secretaria de Parcerias;efetivos;350453.41;31;26;56.28
2026;2;Secretaria de Parcerias;comissionados;144011.74;8;7;23.13
2026;2;Secretaria de Parcerias;funcao_confianca;116167.37;10;9;18.66
2026;2;Secretaria de Parcerias;flexiveis;12010.48;11;11;1.93
2026;2;Secretaria de Planejamento e Desenvolvimento Urbano;efetivos;1277870.63;139;128;75.07
2026;2;Secretaria de Planejamento e Desenvolvimento Urbano;funcao_confianca;323481.89;25;24;19.0
2026;2;Secretaria de Planejamento e Desenvolvimento Urbano;comissionados;74337.84;5;4;4.37
2026;2;Secretaria de Planejamento e Desenvolvimento Urbano;flexiveis;26525.12;26;26;1.56
2026;2;Secretaria de Recursos Humanos;efetivos;863847.0599999999;109;92;69.24
2026;2;Secretaria de Recursos Humanos;funcao_confianca;312070.84;26;22;25.01
2026;2;Secretaria de Recursos Humanos;comissionados;60019.21;4;4;4.81
2026;2;Secretaria de Recursos Humanos;flexiveis;11724.72;12;12;0.94
2026;2;Secretaria de Relações Institucionais e Metropolitanas;funcao_confianca;79926.27;6;5;48.61
2026;2;Secretaria de Relações Institucionais e Metropolitanas;comissionados;69000.16;5;4;41.97
2026;2;Secretaria de Relações Institucionais e Metropolitanas;efetivos;15487.9;2;2;9.42
2026;2;Secretaria de Relações do Trabalho e Qualificação Profissional;efetivos;163025.02;23;20;43.71
2026;2;Secretaria de Relações do Trabalho e Qualificação Profissional;comissionados;137129.77;8;7;36.76
2026;2;Secretaria de Relações do Trabalho e Qualificação Profissional;funcao_confianca;53686.28;5;4;14.39
2026;2;Secretaria de Relações do Trabalho e Qualificação Profissional;flexiveis;19166.399999999998;18;18;5.14
2026;2;Secretaria de Segurança Urbana;efetivos;4528196.97;445;412;92.46
2026;2;Secretaria de Segurança Urbana;funcao_confianca;239640.22;15;15;4.89
2026;2;Secretaria de Segurança Urbana;comissionados;102079.28;7;7;2.08
2026;2;Secretaria de Segurança Urbana;flexiveis;27352.559999999998;26;25;0.56
2026;2;Secretaria de Serviços Públicos e Obras;efetivos;903927.85;123;109;64.59
2026;2;Secretaria de Serviços Públicos e Obras;funcao_confianca;283144.36;20;20;20.23
2026;2;Secretaria de Serviços Públicos e Obras;comissionados;211169.55;15;13;15.09
2026;2;Secretaria de Serviços Públicos e Obras;flexiveis;1229.44;1;1;0.09
2026;2;Secretaria de Turismo;comissionados;68455.95000000001;4;4;51.78
2026;2;Secretaria de Turismo;efetivos;39473.770000000004;5;5;29.86
2026;2;Secretaria de Turismo;funcao_confianca;23201.39;2;2;17.55
2026;2;Secretaria de Turismo;flexiveis;1084.8;1;1;0.82
2026;2;Secretaria do Meio Ambiente, Parques e Jardins;efetivos;910244.95;93;81;68.76
2026;2;Secretaria do Meio Ambiente, Parques e Jardins;funcao_confianca;302991.52;29;23;22.89
2026;2;Secretaria do Meio Ambiente, Parques e Jardins;comissionados;90406.39;6;6;6.83
2026;2;Secretaria do Meio Ambiente, Parques e Jardins;flexiveis;20141.92;19;19;1.52
2026;3;Chefia do Poder Executivo;funcao_confianca;149638.04;6;6;55.81
2026;3;Chefia do Poder Executivo;comissionados;81941.31;3;3;30.56
2026;3;Chefia do Poder Executivo;efetivos;35443.08;1;1;13.22
2026;3;Chefia do Poder Executivo;flexiveis;1084.8;1;1;0.4
2026;3;Inativos e Pensionistas (Encargos);inativos;1214794.5;186;186;100.0
2026;3;Secretaria da Cidadania;efetivos;2271976.65;233;206;68.34
2026;3;Secretaria da Cidadania;funcao_confianca;488832.5;39;33;14.7
2026;3;Secretaria da Cidadania;flexiveis;341129.03;43;37;10.26
2026;3;Secretaria da Cidadania;comissionados;222584.13999999998;14;13;6.7
2026;3;Secretaria da Educação;efetivos;56979486.31;5382;5156;91.87
2026;3;Secretaria da Educação;flexiveis;4122339.79;3019;3006;6.65
2026;3;Secretaria da Educação;funcao_confianca;783190.07;51;46;1.26
2026;3;Secretaria da Educação;comissionados;134599.76;9;7;0.22
2026;3;Secretaria da Fazenda;efetivos;1729375.5;142;120;75.7
2026;3;Secretaria da Fazenda;funcao_confianca;537704.08;37;34;23.54
2026;3;Secretaria da Fazenda;comissionados;16339.45;1;1;0.72
2026;3;Secretaria da Fazenda;flexiveis;1084.8;1;1;0.05
2026;3;Secretaria da Habitação e Regularização Fundiária;efetivos;280728.0;25;23;62.14
2026;3;Secretaria da Habitação e Regularização Fundiária;funcao_confianca;114341.06;9;8;25.31
2026;3;Secretaria da Habitação e Regularização Fundiária;comissionados;55614.53;3;3;12.31
2026;3;Secretaria da Habitação e Regularização Fundiária;flexiveis;1084.8;1;1;0.24
2026;3;Secretaria da Mulher;comissionados;106149.0;6;5;52.3
2026;3;Secretaria da Mulher;efetivos;54551.12;2;2;26.88
2026;3;Secretaria da Mulher;funcao_confianca;42249.97;3;3;20.82
2026;3;Secretaria da Saúde;efetivos;32385632.01;2832;2486;90.68
2026;3;Secretaria da Saúde;funcao_confianca;3048556.47;162;137;8.54
2026;3;Secretaria da Saúde;comissionados;232910.30000000002;13;12;0.65
2026;3;Secretaria da Saúde;flexiveis;46805.28;48;48;0.13
2026;3;Secretaria de Administração;efetivos;1060418.73;112;100;65.65
2026;3;Secretaria de Administração;funcao_confianca;494161.61;33;30;30.6
2026;3;Secretaria de Administração;comissionados;40230.350000000006;2;2;2.49
2026;3;Secretaria de Administração;flexiveis;20356.8;18;18;1.26
2026;3;Secretaria de Assuntos Jurídicos e Patrimônio;efetivos;2276246.05;96;87;85.7
2026;3;Secretaria de Assuntos Jurídicos e Patrimônio;funcao_confianca;363909.12;27;23;13.7
2026;3;Secretaria de Assuntos Jurídicos e Patrimônio;flexiveis;15908.48;13;13;0.6
2026;3;Secretaria de Comunicação;funcao_confianca;168792.03;12;11;35.84
2026;3;Secretaria de Comunicação;efetivos;152305.41;11;8;32.34
2026;3;Secretaria de Comunicação;comissionados;145582.12;8;7;30.91
2026;3;Secretaria de Comunicação;flexiveis;4339.2;4;4;0.92
2026;3;Secretaria de Cultura;efetivos;308713.7;39;36;57.49
2026;3;Secretaria de Cultura;comissionados;119871.33;7;6;22.32
2026;3;Secretaria de Cultura;funcao_confianca;87407.61;6;6;16.28
2026;3;Secretaria de Cultura;flexiveis;21003.92;20;20;3.91
2026;3;Secretaria de Desenvolvimento Econômico, Trabalho e Turismo;comissionados;57147.22;3;3;33.18
2026;3;Secretaria de Desenvolvimento Econômico, Trabalho e Turismo;funcao_confianca;55470.439999999995;4;4;32.21
2026;3;Secretaria de Desenvolvimento Econômico, Trabalho e Turismo;efetivos;55460.99;5;5;32.2
2026;3;Secretaria de Desenvolvimento Econômico, Trabalho e Turismo;flexiveis;4159.2;4;4;2.41
2026;3;Secretaria de Empreendedorismo da Micro e Pequena Empresa;efetivos;96343.84;12;11;38.48
2026;3;Secretaria de Empreendedorismo da Micro e Pequena Empresa;funcao_confianca;86957.14;7;7;34.73
2026;3;Secretaria de Empreendedorismo da Micro e Pequena Empresa;comissionados;67099.67;4;4;26.8
2026;3;Secretaria de Esportes e Lazer;efetivos;768646.5599999999;66;57;70.61
2026;3;Secretaria de Esportes e Lazer;comissionados;175059.69;12;10;16.08
2026;3;Secretaria de Esportes e Lazer;funcao_confianca;133463.63;12;10;12.26
2026;3;Secretaria de Esportes e Lazer;flexiveis;11335.76;12;12;1.04
2026;3;Secretaria de Gabinete Central;efetivos;1148214.25;101;87;64.18
2026;3;Secretaria de Gabinete Central;funcao_confianca;463574.51;32;26;25.91
2026;3;Secretaria de Gabinete Central;comissionados;154734.64;9;8;8.65
2026;3;Secretaria de Gabinete Central;flexiveis;22426.16;22;22;1.25
2026;3;Secretaria de Governo;funcao_confianca;709196.33;38;36;43.62
2026;3;Secretaria de Governo;efetivos;563712.44;44;38;34.67
2026;3;Secretaria de Governo;comissionados;329262.73;20;20;20.25
2026;3;Secretaria de Governo;flexiveis;23587.36;23;23;1.45
2026;3;Secretaria de Inclusão e Transtorno do Espectro Autista;funcao_confianca;76198.68;5;5;49.01
2026;3;Secretaria de Inclusão e Transtorno do Espectro Autista;comissionados;57311.03;3;3;36.86
2026;3;Secretaria de Inclusão e Transtorno do Espectro Autista;efetivos;21961.46;3;3;14.13
2026;3;Secretaria de Mobilidade;efetivos;376346.57;34;32;63.16
2026;3;Secretaria de Mobilidade;funcao_confianca;171287.56;11;10;28.74
2026;3;Secretaria de Mobilidade;comissionados;33064.18;2;2;5.55
2026;3;Secretaria de Mobilidade;flexiveis;15207.039999999999;15;15;2.55
2026;3;Secretaria de Parcerias;efetivos;347642.55;32;26;54.22
2026;3;Secretaria de Parcerias;funcao_confianca;146071.3;13;9;22.78
2026;3;Secretaria de Parcerias;comissionados;132321.32;7;6;20.64
2026;3;Secretaria de Parcerias;flexiveis;15088.64;13;12;2.35
2026;3;Secretaria de Planejamento e Desenvolvimento Urbano;efetivos;1685942.25;152;128;77.95
2026;3;Secretaria de Planejamento e Desenvolvimento Urbano;funcao_confianca;371272.54000000004;25;24;17.17
2026;3;Secretaria de Planejamento e Desenvolvimento Urbano;comissionados;80464.53;5;3;3.72
2026;3;Secretaria de Planejamento e Desenvolvimento Urbano;flexiveis;25240.8;25;25;1.17
2026;3;Secretaria de Recursos Humanos;efetivos;1004411.98;107;94;73.84
2026;3;Secretaria de Recursos Humanos;funcao_confianca;287092.76;21;19;21.11
2026;3;Secretaria de Recursos Humanos;comissionados;57075.51;3;3;4.2
2026;3;Secretaria de Recursos Humanos;flexiveis;11625.039999999999;11;11;0.85
2026;3;Secretaria de Relações Institucionais e Metropolitanas;funcao_confianca;91357.78;7;5;49.96
2026;3;Secretaria de Relações Institucionais e Metropolitanas;comissionados;72544.49;4;4;39.67
2026;3;Secretaria de Relações Institucionais e Metropolitanas;efetivos;18961.96;2;2;10.37
2026;3;Secretaria de Relações do Trabalho e Qualificação Profissional;efetivos;214581.41;23;20;51.47
2026;3;Secretaria de Relações do Trabalho e Qualificação Profissional;comissionados;126890.44;7;6;30.43
2026;3;Secretaria de Relações do Trabalho e Qualificação Profissional;funcao_confianca;57592.25;4;4;13.81
2026;3;Secretaria de Relações do Trabalho e Qualificação Profissional;flexiveis;17864.64;18;18;4.28
2026;3;Secretaria de Segurança Urbana;efetivos;5367484.99;456;407;92.82
2026;3;Secretaria de Segurança Urbana;funcao_confianca;298095.77;18;15;5.15
2026;3;Secretaria de Segurança Urbana;comissionados;91120.36;6;5;1.58
2026;3;Secretaria de Segurança Urbana;flexiveis;26122.0;24;24;0.45
2026;3;Secretaria de Serviços Públicos e Obras;efetivos;1089273.1;118;109;66.45
2026;3;Secretaria de Serviços Públicos e Obras;funcao_confianca;319842.5;27;20;19.51
2026;3;Secretaria de Serviços Públicos e Obras;comissionados;228934.76;17;12;13.97
2026;3;Secretaria de Serviços Públicos e Obras;flexiveis;1084.8;1;1;0.07
2026;3;Secretaria de Turismo;comissionados;74163.51000000001;4;4;46.25
2026;3;Secretaria de Turismo;efetivos;57471.8;5;5;35.84
2026;3;Secretaria de Turismo;funcao_confianca;27645.47;3;2;17.24
2026;3;Secretaria de Turismo;flexiveis;1084.8;1;1;0.68
2026;3;Secretaria do Meio Ambiente, Parques e Jardins;efetivos;1056699.06;91;81;67.81
2026;3;Secretaria do Meio Ambiente, Parques e Jardins;funcao_confianca;358719.7;29;23;23.02
2026;3;Secretaria do Meio Ambiente, Parques e Jardins;comissionados;120790.7;7;7;7.75
2026;3;Secretaria do Meio Ambiente, Parques e Jardins;flexiveis;22022.8;21;20;1.41
2026;4;Chefia do Poder Executivo;comissionados;80238.08;5;5;51.72
2026;4;Chefia do Poder Executivo;funcao_confianca;47698.05;2;2;30.75
2026;4;Chefia do Poder Executivo;efetivos;26105.99;1;1;16.83
2026;4;Chefia do Poder Executivo;flexiveis;1084.8;1;1;0.7
2026;4;Inativos e Pensionistas (Encargos);inativos;1114212.4;184;184;100.0
2026;4;Secretaria da Cidadania;efetivos;1903708.95;236;209;66.73
2026;4;Secretaria da Cidadania;funcao_confianca;446037.56;38;31;15.64
2026;4;Secretaria da Cidadania;flexiveis;285888.87;41;36;10.02
2026;4;Secretaria da Cidadania;comissionados;217151.97;17;13;7.61
2026;4;Secretaria da Educação;efetivos;48927885.01;5407;5155;88.32
2026;4;Secretaria da Educação;flexiveis;5634578.34;3021;2995;10.17
2026;4;Secretaria da Educação;funcao_confianca;721934.52;47;42;1.3
2026;4;Secretaria da Educação;comissionados;114181.79000000001;7;7;0.21
2026;4;Secretaria da Fazenda;efetivos;1498069.91;144;124;72.18
2026;4;Secretaria da Fazenda;funcao_confianca;546538.5700000001;39;33;26.33
2026;4;Secretaria da Fazenda;comissionados;29672.42;3;2;1.43
2026;4;Secretaria da Fazenda;flexiveis;1084.8;1;1;0.05
2026;4;Secretaria da Habitação e Regularização Fundiária;efetivos;261907.87;28;25;58.09
2026;4;Secretaria da Habitação e Regularização Fundiária;funcao_confianca;140184.93;9;8;31.09
2026;4;Secretaria da Habitação e Regularização Fundiária;comissionados;47687.46000000001;3;3;10.58
2026;4;Secretaria da Habitação e Regularização Fundiária;flexiveis;1084.8;1;1;0.24
2026;4;Secretaria da Mulher;comissionados;137976.43;8;8;57.45
2026;4;Secretaria da Mulher;efetivos;73997.70999999999;3;3;30.81
2026;4;Secretaria da Mulher;funcao_confianca;28177.25;2;2;11.73
2026;4;Secretaria da Saúde;efetivos;29730676.77;2956;2573;90.89
2026;4;Secretaria da Saúde;funcao_confianca;2713117.99;156;135;8.29
2026;4;Secretaria da Saúde;comissionados;218114.29;13;13;0.67
2026;4;Secretaria da Saúde;flexiveis;50004.72;47;46;0.15
2026;4;Secretaria de Administração;efetivos;1030235.66;114;99;64.31
2026;4;Secretaria de Administração;funcao_confianca;519362.73;37;31;32.42
2026;4;Secretaria de Administração;comissionados;34517.7;3;3;2.15
2026;4;Secretaria de Administração;flexiveis;17815.92;16;16;1.11
2026;4;Secretaria de Assuntos Jurídicos e Patrimônio;efetivos;2008689.43;104;86;86.06
2026;4;Secretaria de Assuntos Jurídicos e Patrimônio;funcao_confianca;291546.79;24;22;12.49
2026;4;Secretaria de Assuntos Jurídicos e Patrimônio;comissionados;17247.76;1;1;0.74
2026;4;Secretaria de Assuntos Jurídicos e Patrimônio;flexiveis;16446.88;14;13;0.7
2026;4;Secretaria de Comunicação;comissionados;150971.7;10;10;40.94
2026;4;Secretaria de Comunicação;funcao_confianca;150314.28;13;10;40.76
2026;4;Secretaria de Comunicação;efetivos;62060.93;9;7;16.83
2026;4;Secretaria de Comunicação;flexiveis;5444.639999999999;6;6;1.48
2026;4;Secretaria de Cultura;efetivos;264563.75;43;36;49.86
2026;4;Secretaria de Cultura;comissionados;145342.85;7;7;27.39
2026;4;Secretaria de Cultura;funcao_confianca;98257.4;8;6;18.52
2026;4;Secretaria de Cultura;flexiveis;22502.239999999998;20;19;4.24
2026;4;Secretaria de Desenvolvimento Econômico, Trabalho e Turismo;comissionados;74695.49;4;4;41.73
2026;4;Secretaria de Desenvolvimento Econômico, Trabalho e Turismo;efetivos;58020.07;9;6;32.42
2026;4;Secretaria de Desenvolvimento Econômico, Trabalho e Turismo;funcao_confianca;42590.729999999996;4;3;23.8
2026;4;Secretaria de Desenvolvimento Econômico, Trabalho e Turismo;flexiveis;3674.3999999999996;4;4;2.05
2026;4;Secretaria de Empreendedorismo da Micro e Pequena Empresa;comissionados;108046.81;8;8;37.76
2026;4;Secretaria de Empreendedorismo da Micro e Pequena Empresa;efetivos;102589.13;14;12;35.85
2026;4;Secretaria de Empreendedorismo da Micro e Pequena Empresa;funcao_confianca;74898.56;7;6;26.17
2026;4;Secretaria de Empreendedorismo da Micro e Pequena Empresa;flexiveis;614.72;1;1;0.21
2026;4;Secretaria de Esportes e Lazer;efetivos;804968.3099999999;67;59;72.08
2026;4;Secretaria de Esportes e Lazer;comissionados;202502.82;13;12;18.13
2026;4;Secretaria de Esportes e Lazer;funcao_confianca;98496.17;10;9;8.82
2026;4;Secretaria de Esportes e Lazer;flexiveis;10775.68;10;10;0.96
2026;4;Secretaria de Gabinete Central;efetivos;1122408.78;105;83;63.52
2026;4;Secretaria de Gabinete Central;funcao_confianca;407714.04;29;25;23.07
2026;4;Secretaria de Gabinete Central;comissionados;211888.83000000002;13;13;11.99
2026;4;Secretaria de Gabinete Central;flexiveis;24908.079999999998;26;25;1.41
2026;4;Secretaria de Governo;efetivos;545611.78;49;46;35.85
2026;4;Secretaria de Governo;funcao_confianca;542725.47;34;30;35.66
2026;4;Secretaria de Governo;comissionados;412742.17;30;28;27.12
2026;4;Secretaria de Governo;flexiveis;20747.84;20;20;1.36
2026;4;Secretaria de Inclusão e Transtorno do Espectro Autista;funcao_confianca;49258.71;4;4;42.03
2026;4;Secretaria de Inclusão e Transtorno do Espectro Autista;comissionados;46134.3;3;3;39.36
2026;4;Secretaria de Inclusão e Transtorno do Espectro Autista;efetivos;21804.05;4;3;18.6
2026;4;Secretaria de Mobilidade;efetivos;321534.26;35;32;57.48
2026;4;Secretaria de Mobilidade;funcao_confianca;160503.72;12;10;28.69
2026;4;Secretaria de Mobilidade;comissionados;63380.520000000004;4;3;11.33
2026;4;Secretaria de Mobilidade;flexiveis;13985.36;13;13;2.5
2026;4;Secretaria de Parcerias;efetivos;319951.16000000003;33;26;56.61
2026;4;Secretaria de Parcerias;comissionados;120989.35;8;7;21.41
2026;4;Secretaria de Parcerias;funcao_confianca;111774.06;10;8;19.78
2026;4;Secretaria de Parcerias;flexiveis;12439.039999999999;13;13;2.2
2026;4;Secretaria de Planejamento e Desenvolvimento Urbano;efetivos;1404274.7;143;126;74.79
2026;4;Secretaria de Planejamento e Desenvolvimento Urbano;funcao_confianca;378551.01;28;24;20.16
2026;4;Secretaria de Planejamento e Desenvolvimento Urbano;comissionados;70184.54000000001;4;4;3.74
2026;4;Secretaria de Planejamento e Desenvolvimento Urbano;flexiveis;24672.399999999998;24;23;1.31
2026;4;Secretaria de Recursos Humanos;efetivos;942932.72;119;97;72.86
2026;4;Secretaria de Recursos Humanos;funcao_confianca;286890.17;21;18;22.17
2026;4;Secretaria de Recursos Humanos;comissionados;53269.83;4;4;4.12
2026;4;Secretaria de Recursos Humanos;flexiveis;10998.0;11;11;0.85
2026;4;Secretaria de Relações Institucionais e Metropolitanas;comissionados;76119.64;6;5;45.13
2026;4;Secretaria de Relações Institucionais e Metropolitanas;funcao_confianca;75235.93;5;5;44.61
2026;4;Secretaria de Relações Institucionais e Metropolitanas;efetivos;17309.8;2;2;10.26
2026;4;Secretaria de Relações do Trabalho e Qualificação Profissional;efetivos;186265.16;22;21;46.78
2026;4;Secretaria de Relações do Trabalho e Qualificação Profissional;comissionados;128169.47;9;7;32.19
2026;4;Secretaria de Relações do Trabalho e Qualificação Profissional;funcao_confianca;67532.84;5;4;16.96
2026;4;Secretaria de Relações do Trabalho e Qualificação Profissional;flexiveis;16229.68;17;17;4.08
2026;4;Secretaria de Segurança Urbana;efetivos;4697670.4;441;407;92.19
2026;4;Secretaria de Segurança Urbana;funcao_confianca;294781.75;15;14;5.79
2026;4;Secretaria de Segurança Urbana;comissionados;85007.3;5;5;1.67
2026;4;Secretaria de Segurança Urbana;flexiveis;18072.239999999998;23;23;0.35
2026;4;Secretaria de Serviços Públicos e Obras;efetivos;1016296.24;120;109;66.26
2026;4;Secretaria de Serviços Públicos e Obras;funcao_confianca;303055.98;21;19;19.76
2026;4;Secretaria de Serviços Públicos e Obras;comissionados;213350.69;16;13;13.91
2026;4;Secretaria de Serviços Públicos e Obras;flexiveis;1084.8;1;1;0.07
2026;4;Secretaria de Turismo;comissionados;89614.42;7;6;54.33
2026;4;Secretaria de Turismo;efetivos;49143.36;6;5;29.8
2026;4;Secretaria de Turismo;funcao_confianca;25094.0;2;2;15.21
2026;4;Secretaria de Turismo;flexiveis;1084.8;1;1;0.66
2026;4;Secretaria do Meio Ambiente, Parques e Jardins;efetivos;1069804.16;101;84;73.32
2026;4;Secretaria do Meio Ambiente, Parques e Jardins;funcao_confianca;293524.57;25;22;20.12
2026;4;Secretaria do Meio Ambiente, Parques e Jardins;comissionados;77546.92;8;8;5.31
2026;4;Secretaria do Meio Ambiente, Parques e Jardins;flexiveis;18261.6;17;17;1.25
2026;5;Chefia do Poder Executivo;comissionados;81829.45;4;4;51.93
2026;5;Chefia do Poder Executivo;funcao_confianca;48311.0;2;2;30.66
2026;5;Chefia do Poder Executivo;efetivos;26344.13;1;1;16.72
2026;5;Chefia do Poder Executivo;flexiveis;1084.8;1;1;0.69
2026;5;Inativos e Pensionistas (Encargos);inativos;1125434.68;184;184;100.0
2026;5;Secretaria da Cidadania;efetivos;1854454.42;222;204;64.96
2026;5;Secretaria da Cidadania;funcao_confianca;505435.71;39;33;17.7
2026;5;Secretaria da Cidadania;flexiveis;279429.99;37;35;9.79
2026;5;Secretaria da Cidadania;comissionados;215583.17;13;12;7.55
2026;5;Secretaria da Educação;efetivos;49549555.95;5509;5191;88.85
2026;5;Secretaria da Educação;flexiveis;5335493.25;2861;2797;9.57
2026;5;Secretaria da Educação;funcao_confianca;752470.99;51;44;1.35
2026;5;Secretaria da Educação;comissionados;131899.35;9;7;0.24
2026;5;Secretaria da Fazenda;efetivos;1766625.75;150;126;70.4
2026;5;Secretaria da Fazenda;funcao_confianca;688411.78;39;34;27.43
2026;5;Secretaria da Fazenda;comissionados;53402.66;3;3;2.13
2026;5;Secretaria da Fazenda;flexiveis;1084.8;1;1;0.04
2026;5;Secretaria da Habitação e Regularização Fundiária;efetivos;285978.36;28;25;65.09
2026;5;Secretaria da Habitação e Regularização Fundiária;funcao_confianca;105254.67;9;8;23.96
2026;5;Secretaria da Habitação e Regularização Fundiária;comissionados;47607.990000000005;3;3;10.84
2026;5;Secretaria da Habitação e Regularização Fundiária;flexiveis;540.0;1;1;0.12
2026;5;Secretaria da Mulher;comissionados;117250.99;8;7;43.79
2026;5;Secretaria da Mulher;funcao_confianca;92002.39;4;3;34.36
2026;5;Secretaria da Mulher;efetivos;58518.659999999996;3;3;21.85
2026;5;Secretaria da Saúde;efetivos;30443187.37;3040;2611;90.26
2026;5;Secretaria da Saúde;funcao_confianca;3005960.09;153;137;8.91
2026;5;Secretaria da Saúde;comissionados;228190.85;12;12;0.68
2026;5;Secretaria da Saúde;flexiveis;49684.4;47;45;0.15
2026;5;Secretaria de Administração;efetivos;919776.09;114;97;60.6
2026;5;Secretaria de Administração;funcao_confianca;537024.93;36;33;35.38
2026;5;Secretaria de Administração;comissionados;44918.170000000006;3;3;2.96
2026;5;Secretaria de Administração;flexiveis;16002.56;15;15;1.05
2026;5;Secretaria de Assuntos Jurídicos e Patrimônio;efetivos;2285976.34;97;88;85.48
2026;5;Secretaria de Assuntos Jurídicos e Patrimônio;funcao_confianca;350284.83;26;23;13.1
2026;5;Secretaria de Assuntos Jurídicos e Patrimônio;comissionados;22497.08;1;1;0.84
2026;5;Secretaria de Assuntos Jurídicos e Patrimônio;flexiveis;15417.6;12;12;0.58
2026;5;Secretaria de Comunicação;funcao_confianca;178710.49000000002;15;12;43.37
2026;5;Secretaria de Comunicação;comissionados;178688.97;9;9;43.37
2026;5;Secretaria de Comunicação;efetivos;48124.59;7;5;11.68
2026;5;Secretaria de Comunicação;flexiveis;6508.799999999999;6;6;1.58
2026;5;Secretaria de Cultura;efetivos;273458.96;43;36;52.34
2026;5;Secretaria de Cultura;comissionados;147020.89;8;7;28.14
2026;5;Secretaria de Cultura;funcao_confianca;80612.02;6;6;15.43
2026;5;Secretaria de Cultura;flexiveis;21334.399999999998;20;20;4.08
2026;5;Secretaria de Desenvolvimento Econômico, Trabalho e Turismo;funcao_confianca;98108.35;5;4;45.9
2026;5;Secretaria de Desenvolvimento Econômico, Trabalho e Turismo;comissionados;58198.2;4;3;27.23
2026;5;Secretaria de Desenvolvimento Econômico, Trabalho e Turismo;efetivos;54381.11;8;5;25.44
2026;5;Secretaria de Desenvolvimento Econômico, Trabalho e Turismo;flexiveis;3074.3999999999996;3;3;1.44
2026;5;Secretaria de Empreendedorismo da Micro e Pequena Empresa;comissionados;101526.81;6;6;35.2
2026;5;Secretaria de Empreendedorismo da Micro e Pequena Empresa;funcao_confianca;95062.1;7;7;32.96
2026;5;Secretaria de Empreendedorismo da Micro e Pequena Empresa;efetivos;88863.39;12;11;30.81
2026;5;Secretaria de Empreendedorismo da Micro e Pequena Empresa;flexiveis;3001.2799999999997;3;3;1.04
2026;5;Secretaria de Esportes e Lazer;efetivos;644453.24;62;59;66.89
2026;5;Secretaria de Esportes e Lazer;comissionados;164597.27000000002;11;10;17.08
2026;5;Secretaria de Esportes e Lazer;funcao_confianca;143601.62;9;9;14.91
2026;5;Secretaria de Esportes e Lazer;flexiveis;10786.96;10;10;1.12
2026;5;Secretaria de Gabinete Central;efetivos;986127.96;96;84;60.62
2026;5;Secretaria de Gabinete Central;funcao_confianca;449466.55;30;26;27.63
2026;5;Secretaria de Gabinete Central;comissionados;162215.12;9;9;9.97
2026;5;Secretaria de Gabinete Central;flexiveis;28842.559999999998;28;28;1.77
2026;5;Secretaria de Governo;funcao_confianca;575259.0;38;34;37.67
2026;5;Secretaria de Governo;efetivos;496355.97000000003;50;43;32.5
2026;5;Secretaria de Governo;comissionados;436703.77;31;26;28.6
2026;5;Secretaria de Governo;flexiveis;18803.76;19;19;1.23
2026;5;Secretaria de Inclusão e Transtorno do Espectro Autista;funcao_confianca;97240.1;7;5;54.44
2026;5;Secretaria de Inclusão e Transtorno do Espectro Autista;comissionados;49396.58;3;3;27.65
2026;5;Secretaria de Inclusão e Transtorno do Espectro Autista;efetivos;31991.62;4;4;17.91
2026;5;Secretaria de Mobilidade;efetivos;329659.24;39;33;61.88
2026;5;Secretaria de Mobilidade;funcao_confianca;155238.88;11;10;29.14
2026;5;Secretaria de Mobilidade;comissionados;33012.15;3;2;6.2
2026;5;Secretaria de Mobilidade;flexiveis;14801.52;14;14;2.78
2026;5;Secretaria de Parcerias;efetivos;303038.83;30;26;55.59
2026;5;Secretaria de Parcerias;funcao_confianca;116720.88;9;9;21.41
2026;5;Secretaria de Parcerias;comissionados;108863.37;7;7;19.97
2026;5;Secretaria de Parcerias;flexiveis;16531.84;16;16;3.03
2026;5;Secretaria de Planejamento e Desenvolvimento Urbano;efetivos;1330011.25;144;127;75.0
2026;5;Secretaria de Planejamento e Desenvolvimento Urbano;funcao_confianca;343319.44;28;23;19.36
2026;5;Secretaria de Planejamento e Desenvolvimento Urbano;comissionados;72104.49;4;4;4.07
2026;5;Secretaria de Planejamento e Desenvolvimento Urbano;flexiveis;27802.0;27;26;1.57
2026;5;Secretaria de Recursos Humanos;efetivos;975737.65;117;96;71.34
2026;5;Secretaria de Recursos Humanos;funcao_confianca;342281.64;25;22;25.03
2026;5;Secretaria de Recursos Humanos;comissionados;37949.87;2;2;2.77
2026;5;Secretaria de Recursos Humanos;flexiveis;11750.4;11;11;0.86
2026;5;Secretaria de Relações Institucionais e Metropolitanas;funcao_confianca;112597.63;7;6;46.97
2026;5;Secretaria de Relações Institucionais e Metropolitanas;comissionados;94735.05;5;4;39.52
2026;5;Secretaria de Relações Institucionais e Metropolitanas;efetivos;32388.9;2;2;13.51
2026;5;Secretaria de Relações do Trabalho e Qualificação Profissional;efetivos;219268.0;20;20;55.38
2026;5;Secretaria de Relações do Trabalho e Qualificação Profissional;comissionados;111038.39;6;6;28.05
2026;5;Secretaria de Relações do Trabalho e Qualificação Profissional;funcao_confianca;50046.69;4;4;12.64
2026;5;Secretaria de Relações do Trabalho e Qualificação Profissional;flexiveis;15550.72;15;15;3.93
2026;5;Secretaria de Segurança Urbana;efetivos;4943284.41;465;439;90.52
2026;5;Secretaria de Segurança Urbana;funcao_confianca;387632.41;15;14;7.1
2026;5;Secretaria de Segurança Urbana;comissionados;91526.26000000001;6;6;1.68
2026;5;Secretaria de Segurança Urbana;flexiveis;38652.64;30;24;0.71
2026;5;Secretaria de Serviços Públicos e Obras;efetivos;1026159.54;119;109;65.75
2026;5;Secretaria de Serviços Públicos e Obras;funcao_confianca;286521.65;21;19;18.36
2026;5;Secretaria de Serviços Públicos e Obras;comissionados;246864.6;15;14;15.82
2026;5;Secretaria de Serviços Públicos e Obras;flexiveis;1084.8;1;1;0.07
2026;5;Secretaria de Turismo;comissionados;86151.11;5;5;54.67
2026;5;Secretaria de Turismo;efetivos;44174.340000000004;5;5;28.03
2026;5;Secretaria de Turismo;funcao_confianca;25310.199999999997;2;2;16.06
2026;5;Secretaria de Turismo;flexiveis;1952.6399999999999;2;2;1.24
2026;5;Secretaria do Meio Ambiente, Parques e Jardins;efetivos;872881.15;96;81;69.26
2026;5;Secretaria do Meio Ambiente, Parques e Jardins;funcao_confianca;325176.39;29;24;25.8
2026;5;Secretaria do Meio Ambiente, Parques e Jardins;comissionados;46358.37;3;3;3.68
2026;5;Secretaria do Meio Ambiente, Parques e Jardins;flexiveis;15796.0;17;17;1.25
2026;6;Chefia do Poder Executivo;comissionados;91402.48000000001;4;4;48.25
2026;6;Chefia do Poder Executivo;funcao_confianca;62289.51;3;3;32.88
2026;6;Chefia do Poder Executivo;efetivos;35755.29;2;2;18.87
2026;6;Inativos e Pensionistas (Encargos);inativos;1120747.43;183;183;100.0
2026;6;Secretaria da Cidadania;efetivos;2099590.29;241;207;70.01
2026;6;Secretaria da Cidadania;funcao_confianca;470247.12;38;32;15.68
2026;6;Secretaria da Cidadania;flexiveis;271549.67;38;34;9.05
2026;6;Secretaria da Cidadania;comissionados;157799.06;11;11;5.26
2026;6;Secretaria da Educação;efetivos;51536323.8;5428;5219;88.6
2026;6;Secretaria da Educação;flexiveis;5825419.73;2932;2908;10.01
2026;6;Secretaria da Educação;funcao_confianca;686175.35;50;44;1.18
2026;6;Secretaria da Educação;comissionados;119884.69;8;7;0.21
2026;6;Secretaria da Fazenda;efetivos;1484041.07;156;126;69.82
2026;6;Secretaria da Fazenda;funcao_confianca;586807.36;36;34;27.61
2026;6;Secretaria da Fazenda;comissionados;53457.7;3;3;2.52
2026;6;Secretaria da Fazenda;flexiveis;1084.8;1;1;0.05
2026;6;Secretaria da Habitação e Regularização Fundiária;efetivos;258768.83000000002;28;25;53.14
2026;6;Secretaria da Habitação e Regularização Fundiária;funcao_confianca;136689.28;9;8;28.07
2026;6;Secretaria da Habitação e Regularização Fundiária;comissionados;91498.47;6;6;18.79
2026;6;Secretaria da Mulher;comissionados;114773.76000000001;7;6;50.65
2026;6;Secretaria da Mulher;funcao_confianca;91200.85;4;3;40.25
2026;6;Secretaria da Mulher;efetivos;20615.33;3;2;9.1
2026;6;Secretaria da Saúde;efetivos;30604979.59;3000;2649;90.36
2026;6;Secretaria da Saúde;funcao_confianca;2992405.99;155;138;8.83
2026;6;Secretaria da Saúde;comissionados;231854.82;13;13;0.68
2026;6;Secretaria da Saúde;flexiveis;41564.479999999996;42;42;0.12
2026;6;Secretaria de Administração;efetivos;859851.47;116;93;55.81
2026;6;Secretaria de Administração;funcao_confianca;607670.04;41;36;39.44
2026;6;Secretaria de Administração;comissionados;54707.32;3;3;3.55
2026;6;Secretaria de Administração;flexiveis;18492.56;17;17;1.2
2026;6;Secretaria de Assuntos Jurídicos e Patrimônio;efetivos;2308181.24;105;89;85.17
2026;6;Secretaria de Assuntos Jurídicos e Patrimônio;funcao_confianca;363279.04;26;23;13.4
2026;6;Secretaria de Assuntos Jurídicos e Patrimônio;comissionados;22497.08;1;1;0.83
2026;6;Secretaria de Assuntos Jurídicos e Patrimônio;flexiveis;16107.28;14;14;0.59
2026;6;Secretaria de Comunicação;funcao_confianca;186743.28;15;12;51.61
2026;6;Secretaria de Comunicação;comissionados;116246.13;7;7;32.13
2026;6;Secretaria de Comunicação;efetivos;51123.59;7;6;14.13
2026;6;Secretaria de Comunicação;flexiveis;7701.599999999999;7;7;2.13
2026;6;Secretaria de Cultura;efetivos;329915.03;43;37;55.01
2026;6;Secretaria de Cultura;funcao_confianca;136037.34;7;6;22.68
2026;6;Secretaria de Cultura;comissionados;111304.72;7;6;18.56
2026;6;Secretaria de Cultura;flexiveis;22526.64;21;21;3.76
2026;6;Secretaria de Desenvolvimento Econômico, Trabalho e Turismo;comissionados;70958.91;4;4;38.86
2026;6;Secretaria de Desenvolvimento Econômico, Trabalho e Turismo;funcao_confianca;63431.91;5;4;34.74
2026;6;Secretaria de Desenvolvimento Econômico, Trabalho e Turismo;efetivos;44319.76;4;4;24.27
2026;6;Secretaria de Desenvolvimento Econômico, Trabalho e Turismo;flexiveis;3906.08;4;4;2.14
2026;6;Secretaria de Empreendedorismo da Micro e Pequena Empresa;funcao_confianca;117343.32;7;6;34.46
2026;6;Secretaria de Empreendedorismo da Micro e Pequena Empresa;comissionados;113245.19;7;6;33.26
2026;6;Secretaria de Empreendedorismo da Micro e Pequena Empresa;efetivos;106668.53;13;13;31.33
2026;6;Secretaria de Empreendedorismo da Micro e Pequena Empresa;flexiveis;3254.3999999999996;3;3;0.96
2026;6;Secretaria de Esportes e Lazer;efetivos;633687.83;61;57;64.3
2026;6;Secretaria de Esportes e Lazer;comissionados;209880.29;12;11;21.3
2026;6;Secretaria de Esportes e Lazer;funcao_confianca;131545.41;11;11;13.35
2026;6;Secretaria de Esportes e Lazer;flexiveis;10341.76;10;10;1.05
2026;6;Secretaria de Gabinete Central;efetivos;1028081.29;96;84;60.71
2026;6;Secretaria de Gabinete Central;funcao_confianca;441562.33;32;26;26.07
2026;6;Secretaria de Gabinete Central;comissionados;195455.82;12;11;11.54
2026;6;Secretaria de Gabinete Central;flexiveis;28390.16;28;28;1.68
2026;6;Secretaria de Governo;funcao_confianca;570719.26;39;34;37.75
2026;6;Secretaria de Governo;efetivos;561515.87;52;45;37.14
2026;6;Secretaria de Governo;comissionados;358516.39;22;22;23.71
2026;6;Secretaria de Governo;flexiveis;21045.12;21;21;1.39
2026;6;Secretaria de Inclusão e Transtorno do Espectro Autista;funcao_confianca;81450.81999999999;6;5;53.81
2026;6;Secretaria de Inclusão e Transtorno do Espectro Autista;comissionados;49479.14;3;3;32.69
2026;6;Secretaria de Inclusão e Transtorno do Espectro Autista;efetivos;20446.89;3;3;13.51
2026;6;Secretaria de Mobilidade;efetivos;383319.58999999997;43;37;62.88
2026;6;Secretaria de Mobilidade;funcao_confianca;179154.28;10;10;29.39
2026;6;Secretaria de Mobilidade;comissionados;32210.239999999998;2;2;5.28
2026;6;Secretaria de Mobilidade;flexiveis;14879.199999999999;14;14;2.44
2026;6;Secretaria de Parcerias;efetivos;371224.27;32;26;58.18
2026;6;Secretaria de Parcerias;funcao_confianca;127167.92;11;9;19.93
2026;6;Secretaria de Parcerias;comissionados;123480.1;7;6;19.35
2026;6;Secretaria de Parcerias;flexiveis;16216.56;15;15;2.54
2026;6;Secretaria de Planejamento e Desenvolvimento Urbano;efetivos;1464644.1300000001;143;125;76.09
2026;6;Secretaria de Planejamento e Desenvolvimento Urbano;funcao_confianca;335585.73;27;23;17.43
2026;6;Secretaria de Planejamento e Desenvolvimento Urbano;comissionados;95951.45;6;5;4.98
2026;6;Secretaria de Planejamento e Desenvolvimento Urbano;flexiveis;28743.76;27;27;1.49
2026;6;Secretaria de Recursos Humanos;efetivos;1013021.37;111;97;72.03
2026;6;Secretaria de Recursos Humanos;funcao_confianca;327618.57;26;22;23.29
2026;6;Secretaria de Recursos Humanos;comissionados;51652.2;2;2;3.67
2026;6;Secretaria de Recursos Humanos;flexiveis;14186.0;14;14;1.01
2026;6;Secretaria de Relações Institucionais e Metropolitanas;funcao_confianca;76103.3;5;5;48.45
2026;6;Secretaria de Relações Institucionais e Metropolitanas;comissionados;53207.51;3;3;33.87
2026;6;Secretaria de Relações Institucionais e Metropolitanas;efetivos;27763.29;3;2;17.68
2026;6;Secretaria de Relações do Trabalho e Qualificação Profissional;efetivos;168451.0;21;17;48.43
2026;6;Secretaria de Relações do Trabalho e Qualificação Profissional;comissionados;111175.99;6;6;31.97
2026;6;Secretaria de Relações do Trabalho e Qualificação Profissional;funcao_confianca;54730.4;4;4;15.74
2026;6;Secretaria de Relações do Trabalho e Qualificação Profissional;flexiveis;13440.8;13;13;3.86
2026;6;Secretaria de Segurança Urbana;efetivos;5568048.76;569;539;93.12
2026;6;Secretaria de Segurança Urbana;funcao_confianca;269097.47;14;14;4.5
2026;6;Secretaria de Segurança Urbana;comissionados;116215.76;7;7;1.94
2026;6;Secretaria de Segurança Urbana;flexiveis;26035.199999999997;24;24;0.44
2026;6;Secretaria de Serviços Públicos e Obras;efetivos;979263.24;117;107;65.98
2026;6;Secretaria de Serviços Públicos e Obras;funcao_confianca;290656.51;22;20;19.58
2026;6;Secretaria de Serviços Públicos e Obras;comissionados;213117.77;13;13;14.36
2026;6;Secretaria de Serviços Públicos e Obras;flexiveis;1084.8;1;1;0.07
2026;6;Secretaria de Turismo;comissionados;86261.19;5;5;53.77
2026;6;Secretaria de Turismo;efetivos;45984.56;5;5;28.66
2026;6;Secretaria de Turismo;funcao_confianca;25258.4;2;2;15.74
2026;6;Secretaria de Turismo;flexiveis;2928.96;3;3;1.83
2026;6;Secretaria do Meio Ambiente, Parques e Jardins;efetivos;1039105.35;93;81;73.6
2026;6;Secretaria do Meio Ambiente, Parques e Jardins;funcao_confianca;324663.43;29;24;23.0
2026;6;Secretaria do Meio Ambiente, Parques e Jardins;comissionados;32967.08;3;3;2.34
2026;6;Secretaria do Meio Ambiente, Parques e Jardins;flexiveis;15002.96;16;16;1.06
2026;7;Chefia do Poder Executivo;comissionados;90881.44;4;4;43.64
2026;7;Chefia do Poder Executivo;funcao_confianca;79140.21;5;3;38.0
2026;7;Chefia do Poder Executivo;efetivos;38228.729999999996;3;2;18.36
2026;7;Inativos e Pensionistas (Encargos);inativos;1104776.27;180;180;100.0
2026;7;Secretaria da Cidadania;efetivos;2220879.67;329;209;70.13
2026;7;Secretaria da Cidadania;funcao_confianca;421816.9;42;30;13.32
2026;7;Secretaria da Cidadania;flexiveis;285395.1;41;37;9.01
2026;7;Secretaria da Cidadania;comissionados;238757.2;13;12;7.54
2026;7;Secretaria da Educação;efetivos;60052549.3;8099;5204;90.1
2026;7;Secretaria da Educação;flexiveis;5732686.66;2922;2910;8.6
2026;7;Secretaria da Educação;funcao_confianca;712361.68;61;45;1.07
2026;7;Secretaria da Educação;comissionados;153481.22;9;7;0.23
2026;7;Secretaria da Fazenda;efetivos;2170235.61;252;128;78.42
2026;7;Secretaria da Fazenda;funcao_confianca;542510.73;48;33;19.6
2026;7;Secretaria da Fazenda;comissionados;53457.7;3;3;1.93
2026;7;Secretaria da Fazenda;flexiveis;1084.8;1;1;0.04
2026;7;Secretaria da Habitação e Regularização Fundiária;efetivos;376527.35;48;26;65.16
2026;7;Secretaria da Habitação e Regularização Fundiária;funcao_confianca;105528.45;9;8;18.26
2026;7;Secretaria da Habitação e Regularização Fundiária;comissionados;95820.62;7;6;16.58
2026;7;Secretaria da Mulher;comissionados;111071.37;7;6;58.53
2026;7;Secretaria da Mulher;funcao_confianca;52975.58;4;3;27.92
2026;7;Secretaria da Mulher;efetivos;25712.809999999998;3;2;13.55
2026;7;Secretaria da Saúde;efetivos;33391184.14;3869;2664;90.83
2026;7;Secretaria da Saúde;funcao_confianca;3079930.3;182;133;8.38
2026;7;Secretaria da Saúde;comissionados;243778.84;15;14;0.66
2026;7;Secretaria da Saúde;flexiveis;47577.92;48;44;0.13
2026;7;Secretaria de Administração;efetivos;952631.76;158;96;60.83
2026;7;Secretaria de Administração;funcao_confianca;551406.59;55;35;35.21
2026;7;Secretaria de Administração;comissionados;39227.01;2;2;2.51
2026;7;Secretaria de Administração;flexiveis;22668.64;22;20;1.45
2026;7;Secretaria de Assuntos Jurídicos e Patrimônio;efetivos;2186044.49;150;86;82.17
2026;7;Secretaria de Assuntos Jurídicos e Patrimônio;funcao_confianca;432763.44;29;24;16.27
2026;7;Secretaria de Assuntos Jurídicos e Patrimônio;comissionados;22497.08;1;1;0.85
2026;7;Secretaria de Assuntos Jurídicos e Patrimônio;flexiveis;18985.6;16;15;0.71
2026;7;Secretaria de Comunicação;funcao_confianca;200841.56;14;12;45.96
2026;7;Secretaria de Comunicação;comissionados;181697.53;13;9;41.58
2026;7;Secretaria de Comunicação;efetivos;48765.630000000005;8;5;11.16
2026;7;Secretaria de Comunicação;flexiveis;5640.96;5;5;1.29
2026;7;Secretaria de Cultura;efetivos;366992.35;60;39;64.43
2026;7;Secretaria de Cultura;comissionados;115166.75;8;6;20.22
2026;7;Secretaria de Cultura;funcao_confianca;67701.17;6;5;11.89
2026;7;Secretaria de Cultura;flexiveis;19709.36;19;19;3.46
2026;7;Secretaria de Desenvolvimento Econômico, Trabalho e Turismo;comissionados;88932.73;5;5;45.15
2026;7;Secretaria de Desenvolvimento Econômico, Trabalho e Turismo;efetivos;51983.39;7;4;26.39
2026;7;Secretaria de Desenvolvimento Econômico, Trabalho e Turismo;funcao_confianca;48837.94;4;4;24.79
2026;7;Secretaria de Desenvolvimento Econômico, Trabalho e Turismo;flexiveis;7228.799999999999;6;5;3.67
2026;7;Secretaria de Empreendedorismo da Micro e Pequena Empresa;efetivos;120988.9;22;13;36.81
2026;7;Secretaria de Empreendedorismo da Micro e Pequena Empresa;comissionados;111501.47;7;7;33.92
2026;7;Secretaria de Empreendedorismo da Micro e Pequena Empresa;funcao_confianca;92981.92;8;7;28.29
2026;7;Secretaria de Empreendedorismo da Micro e Pequena Empresa;flexiveis;3254.3999999999996;3;3;0.99
2026;7;Secretaria de Esportes e Lazer;efetivos;795844.31;103;62;69.1
2026;7;Secretaria de Esportes e Lazer;comissionados;195328.4;13;10;16.96
2026;7;Secretaria de Esportes e Lazer;funcao_confianca;149894.98;15;11;13.01
2026;7;Secretaria de Esportes e Lazer;flexiveis;10743.279999999999;10;10;0.93
2026;7;Secretaria de Gabinete Central;efetivos;1182609.06;156;86;60.23
2026;7;Secretaria de Gabinete Central;funcao_confianca;474535.23;34;26;24.17
2026;7;Secretaria de Gabinete Central;comissionados;281076.4;14;13;14.31
2026;7;Secretaria de Gabinete Central;flexiveis;25289.28;27;27;1.29
2026;7;Secretaria de Governo;efetivos;637213.08;66;42;36.44
2026;7;Secretaria de Governo;funcao_confianca;629832.77;47;35;36.02
2026;7;Secretaria de Governo;comissionados;460270.72;25;24;26.32
2026;7;Secretaria de Governo;flexiveis;21270.16;23;22;1.22
2026;7;Secretaria de Inclusão e Transtorno do Espectro Autista;comissionados;135888.24;5;4;59.82
2026;7;Secretaria de Inclusão e Transtorno do Espectro Autista;funcao_confianca;60027.45;6;4;26.43
2026;7;Secretaria de Inclusão e Transtorno do Espectro Autista;efetivos;31236.5;7;4;13.75
2026;7;Secretaria de Mobilidade;efetivos;415462.58;61;48;64.89
2026;7;Secretaria de Mobilidade;funcao_confianca;174547.8;13;10;27.26
2026;7;Secretaria de Mobilidade;comissionados;38825.67;3;3;6.06
2026;7;Secretaria de Mobilidade;flexiveis;11445.6;14;14;1.79
2026;7;Secretaria de Parcerias;efetivos;371433.08;46;27;58.66
2026;7;Secretaria de Parcerias;funcao_confianca;131226.92;12;10;20.72
2026;7;Secretaria de Parcerias;comissionados;114789.54000000001;6;6;18.13
2026;7;Secretaria de Parcerias;flexiveis;15784.56;15;15;2.49
2026;7;Secretaria de Planejamento e Desenvolvimento Urbano;efetivos;1856006.3;232;134;81.01
2026;7;Secretaria de Planejamento e Desenvolvimento Urbano;funcao_confianca;322445.8;30;22;14.07
2026;7;Secretaria de Planejamento e Desenvolvimento Urbano;comissionados;85667.94;5;5;3.74
2026;7;Secretaria de Planejamento e Desenvolvimento Urbano;flexiveis;27083.6;25;25;1.18
2026;7;Secretaria de Recursos Humanos;efetivos;1122717.69;172;98;71.94
2026;7;Secretaria de Recursos Humanos;funcao_confianca;345326.77;30;22;22.13
2026;7;Secretaria de Recursos Humanos;comissionados;80212.32;2;2;5.14
2026;7;Secretaria de Recursos Humanos;flexiveis;12405.039999999999;13;13;0.79
2026;7;Secretaria de Relações Institucionais e Metropolitanas;funcao_confianca;89528.45999999999;8;5;49.83
2026;7;Secretaria de Relações Institucionais e Metropolitanas;comissionados;73034.79999999999;3;3;40.65
2026;7;Secretaria de Relações Institucionais e Metropolitanas;efetivos;17111.83;3;2;9.52
2026;7;Secretaria de Relações do Trabalho e Qualificação Profissional;efetivos;200463.75;28;19;54.91
2026;7;Secretaria de Relações do Trabalho e Qualificação Profissional;comissionados;111125.11;6;6;30.44
2026;7;Secretaria de Relações do Trabalho e Qualificação Profissional;funcao_confianca;39689.06;4;3;10.87
2026;7;Secretaria de Relações do Trabalho e Qualificação Profissional;flexiveis;13781.039999999999;13;13;3.78
2026;7;Secretaria de Segurança Urbana;efetivos;7206371.05;797;540;93.79
2026;7;Secretaria de Segurança Urbana;funcao_confianca;264767.07;17;14;3.45
2026;7;Secretaria de Segurança Urbana;comissionados;183821.93;7;6;2.39
2026;7;Secretaria de Segurança Urbana;flexiveis;28766.0;27;26;0.37
2026;7;Secretaria de Serviços Públicos e Obras;efetivos;1049708.8699999999;150;111;66.68
2026;7;Secretaria de Serviços Públicos e Obras;funcao_confianca;316565.91000000003;27;20;20.11
2026;7;Secretaria de Serviços Públicos e Obras;comissionados;207691.37;14;12;13.19
2026;7;Secretaria de Serviços Públicos e Obras;flexiveis;390.0;1;1;0.02
2026;7;Secretaria de Turismo;comissionados;86261.19;5;5;49.7
2026;7;Secretaria de Turismo;efetivos;51173.62;6;5;29.48
2026;7;Secretaria de Turismo;funcao_confianca;31967.42;3;2;18.42
2026;7;Secretaria de Turismo;flexiveis;4158.4;4;4;2.4
2026;7;Secretaria do Meio Ambiente, Parques e Jardins;efetivos;1129841.11;133;86;74.99
2026;7;Secretaria do Meio Ambiente, Parques e Jardins;funcao_confianca;316029.97;29;24;20.97
2026;7;Secretaria do Meio Ambiente, Parques e Jardins;comissionados;47228.479999999996;4;3;3.13
2026;7;Secretaria do Meio Ambiente, Parques e Jardins;flexiveis;13612.8;13;13;0.9
2026;8;Chefia do Poder Executivo;funcao_confianca;79420.61;5;3;43.39
2026;8;Chefia do Poder Executivo;comissionados;67767.59;4;4;37.02
2026;8;Chefia do Poder Executivo;efetivos;35863.520000000004;2;2;19.59
2026;8;Inativos e Pensionistas (Encargos);inativos;1097987.4;179;179;100.0
2026;8;Secretaria da Cidadania;efetivos;2071715.9;244;213;67.39
2026;8;Secretaria da Cidadania;funcao_confianca;483931.85;38;33;15.74
2026;8;Secretaria da Cidadania;flexiveis;298782.55;41;38;9.72
2026;8;Secretaria da Cidadania;comissionados;219737.19;14;14;7.15
2026;8;Secretaria da Educação;efetivos;54089063.77;5694;5540;92.72
2026;8;Secretaria da Educação;flexiveis;3398070.42;2572;2562;5.82
2026;8;Secretaria da Educação;funcao_confianca;720402.64;50;45;1.23
2026;8;Secretaria da Educação;comissionados;129180.31;8;7;0.22
2026;8;Secretaria da Fazenda;efetivos;1627342.02;146;127;73.82
2026;8;Secretaria da Fazenda;funcao_confianca;522577.82;36;33;23.71
2026;8;Secretaria da Fazenda;comissionados;53457.7;3;3;2.42
2026;8;Secretaria da Fazenda;flexiveis;1084.8;1;1;0.05
2026;8;Secretaria da Habitação e Regularização Fundiária;efetivos;293514.55;28;26;62.84
2026;8;Secretaria da Habitação e Regularização Fundiária;funcao_confianca;105021.02;9;8;22.48
2026;8;Secretaria da Habitação e Regularização Fundiária;comissionados;68556.71;5;4;14.68
2026;8;Secretaria da Mulher;comissionados;100675.70999999999;6;6;58.2
2026;8;Secretaria da Mulher;funcao_confianca;45572.95;3;3;26.35
2026;8;Secretaria da Mulher;efetivos;26729.96;2;2;15.45
2026;8;Secretaria da Saúde;efetivos;31261677.0;2965;2678;90.59
2026;8;Secretaria da Saúde;funcao_confianca;2883646.39;161;140;8.36
2026;8;Secretaria da Saúde;comissionados;314987.29;17;16;0.91
2026;8;Secretaria da Saúde;flexiveis;47228.479999999996;45;44;0.14
2026;8;Secretaria de Administração;efetivos;965528.78;110;95;61.98
2026;8;Secretaria de Administração;funcao_confianca;534633.05;39;35;34.32
2026;8;Secretaria de Administração;comissionados;39227.01;2;2;2.52
2026;8;Secretaria de Administração;flexiveis;18367.68;18;18;1.18
2026;8;Secretaria de Assuntos Jurídicos e Patrimônio;efetivos;2032661.59;103;88;80.86
2026;8;Secretaria de Assuntos Jurídicos e Patrimônio;funcao_confianca;433384.76;28;24;17.24
2026;8;Secretaria de Assuntos Jurídicos e Patrimônio;comissionados;30585.01;1;1;1.22
2026;8;Secretaria de Assuntos Jurídicos e Patrimônio;flexiveis;17093.6;16;15;0.68
2026;8;Secretaria de Comunicação;comissionados;173260.55;11;10;42.81
2026;8;Secretaria de Comunicação;funcao_confianca;171824.35;13;12;42.45
2026;8;Secretaria de Comunicação;efetivos;54295.82;7;6;13.41
2026;8;Secretaria de Comunicação;flexiveis;5362.4;5;5;1.32
2026;8;Secretaria de Cultura;efetivos;336207.41;46;40;56.67
2026;8;Secretaria de Cultura;funcao_confianca;132955.57;8;6;22.41
2026;8;Secretaria de Cultura;comissionados;103274.64;6;6;17.41
2026;8;Secretaria de Cultura;flexiveis;20833.52;20;20;3.51
2026;8;Secretaria de Desenvolvimento Econômico, Trabalho e Turismo;efetivos;82921.01;5;5;38.49
2026;8;Secretaria de Desenvolvimento Econômico, Trabalho e Turismo;comissionados;70958.9;4;4;32.94
2026;8;Secretaria de Desenvolvimento Econômico, Trabalho e Turismo;funcao_confianca;56311.53;5;4;26.14
2026;8;Secretaria de Desenvolvimento Econômico, Trabalho e Turismo;flexiveis;5244.0;5;5;2.43
2026;8;Secretaria de Empreendedorismo da Micro e Pequena Empresa;funcao_confianca;99107.81999999999;8;7;34.67
2026;8;Secretaria de Empreendedorismo da Micro e Pequena Empresa;efetivos;94056.4;13;12;32.9
2026;8;Secretaria de Empreendedorismo da Micro e Pequena Empresa;comissionados;89469.17;5;5;31.3
2026;8;Secretaria de Empreendedorismo da Micro e Pequena Empresa;flexiveis;3254.3999999999996;3;3;1.14
2026;8;Secretaria de Esportes e Lazer;efetivos;721234.04;73;68;69.64
2026;8;Secretaria de Esportes e Lazer;comissionados;166603.86;11;11;16.09
2026;8;Secretaria de Esportes e Lazer;funcao_confianca;136379.89;13;12;13.17
2026;8;Secretaria de Esportes e Lazer;flexiveis;11438.64;10;10;1.1
2026;8;Secretaria de Gabinete Central;efetivos;1072118.62;112;91;60.23
2026;8;Secretaria de Gabinete Central;funcao_confianca;411881.1;29;26;23.14
2026;8;Secretaria de Gabinete Central;comissionados;262877.63;13;13;14.77
2026;8;Secretaria de Gabinete Central;flexiveis;33025.84;37;30;1.86
2026;8;Secretaria de Governo;efetivos;623880.8099999999;55;45;36.17
2026;8;Secretaria de Governo;funcao_confianca;604767.52;40;35;35.07
2026;8;Secretaria de Governo;comissionados;476414.46;28;27;27.62
2026;8;Secretaria de Governo;flexiveis;19569.28;19;19;1.13
2026;8;Secretaria de Inclusão e Transtorno do Espectro Autista;comissionados;66704.37;4;4;46.67
2026;8;Secretaria de Inclusão e Transtorno do Espectro Autista;funcao_confianca;50955.76;4;4;35.65
2026;8;Secretaria de Inclusão e Transtorno do Espectro Autista;efetivos;25281.9;4;4;17.69
2026;8;Secretaria de Mobilidade;efetivos;415022.86;51;49;45.5
2026;8;Secretaria de Mobilidade;funcao_confianca;353643.38;11;10;38.77
2026;8;Secretaria de Mobilidade;comissionados;131554.24;6;5;14.42
2026;8;Secretaria de Mobilidade;flexiveis;11963.279999999999;12;11;1.31
2026;8;Secretaria de Parcerias;efetivos;350033.75;36;29;56.01
2026;8;Secretaria de Parcerias;funcao_confianca;136918.19999999998;10;9;21.91
2026;8;Secretaria de Parcerias;comissionados;126169.01000000001;8;6;20.19
2026;8;Secretaria de Parcerias;flexiveis;11834.24;11;11;1.89
2026;8;Secretaria de Planejamento e Desenvolvimento Urbano;efetivos;1320719.11;140;129;73.67
2026;8;Secretaria de Planejamento e Desenvolvimento Urbano;funcao_confianca;351195.34;26;23;19.59
2026;8;Secretaria de Planejamento e Desenvolvimento Urbano;comissionados;92513.61;5;5;5.16
2026;8;Secretaria de Planejamento e Desenvolvimento Urbano;flexiveis;28412.719999999998;26;26;1.58
2026;8;Secretaria de Recursos Humanos;efetivos;1014639.07;107;96;74.18
2026;8;Secretaria de Recursos Humanos;funcao_confianca;309861.76;24;21;22.65
2026;8;Secretaria de Recursos Humanos;comissionados;31664.68;2;2;2.31
2026;8;Secretaria de Recursos Humanos;flexiveis;11680.24;11;11;0.85
2026;8;Secretaria de Relações Institucionais e Metropolitanas;funcao_confianca;87144.37;5;5;53.35
2026;8;Secretaria de Relações Institucionais e Metropolitanas;comissionados;58310.16;2;2;35.7
2026;8;Secretaria de Relações Institucionais e Metropolitanas;efetivos;17893.07;2;2;10.95
2026;8;Secretaria de Relações do Trabalho e Qualificação Profissional;efetivos;235560.66;19;18;55.84
2026;8;Secretaria de Relações do Trabalho e Qualificação Profissional;comissionados;115460.43000000001;7;6;27.37
2026;8;Secretaria de Relações do Trabalho e Qualificação Profissional;funcao_confianca;59475.88;5;4;14.1
2026;8;Secretaria de Relações do Trabalho e Qualificação Profissional;flexiveis;11333.199999999999;11;11;2.69
2026;8;Secretaria de Segurança Urbana;efetivos;5847325.59;575;537;93.72
2026;8;Secretaria de Segurança Urbana;funcao_confianca;332345.91;19;15;5.33
2026;8;Secretaria de Segurança Urbana;comissionados;31852.48;2;2;0.51
2026;8;Secretaria de Segurança Urbana;flexiveis;27489.68;27;26;0.44
2026;8;Secretaria de Serviços Públicos e Obras;efetivos;943815.12;121;111;66.25
2026;8;Secretaria de Serviços Públicos e Obras;funcao_confianca;305066.74;22;20;21.41
2026;8;Secretaria de Serviços Públicos e Obras;comissionados;175819.23;11;11;12.34
2026;8;Secretaria de Turismo;comissionados;86261.19;5;5;52.78
2026;8;Secretaria de Turismo;efetivos;47830.39;5;5;29.27
2026;8;Secretaria de Turismo;funcao_confianca;25396.010000000002;2;2;15.54
2026;8;Secretaria de Turismo;flexiveis;3941.4399999999996;4;4;2.41
2026;8;Secretaria do Meio Ambiente, Parques e Jardins;efetivos;989290.83;98;87;71.87
2026;8;Secretaria do Meio Ambiente, Parques e Jardins;funcao_confianca;323572.25;26;24;23.51
2026;8;Secretaria do Meio Ambiente, Parques e Jardins;comissionados;46440.93;3;3;3.37
2026;8;Secretaria do Meio Ambiente, Parques e Jardins;flexiveis;17162.879999999997;17;15;1.25
