ano;mes;secretaria;folha_total;folha_liquida;num_registros;num_matriculas;ticket_medio
2022;1;Secretaria da Educação;34250424.43;22480711.76;10825;6472;5292.09
2022;1;Secretaria da Saúde;20014792.91;13525568.64;2745;2455;8152.67
2022;1;Secretaria de Segurança Urbana;3331323.11;2102881.55;415;388;8585.88
2022;1;Secretaria de Assuntos Jurídicos e Patrimônio;1703752.36;1120878.75;191;164;10388.73
2022;1;Secretaria da Fazenda;1386669.53;928038.25;216;192;7222.24
2022;1;Secretaria de Administração;1358881.3800000001;872791.35;261;232;5857.25
2022;1;Secretaria da Cidadania;1125026.44;750086.66;237;209;5382.9
2022;1;Inativos e Pensionistas (Encargos);1094560.85;561753.53;287;287;3813.8
2022;1;Secretaria de Urbanismo e Licenciamento;945817.51;602427.15;182;164;5767.18
2022;1;Secretaria de Serviços Públicos e Obras;917767.3099999999;564832.35;207;144;6373.38
2022;1;Secretaria de Recursos Humanos;643354.39;439155.9;114;95;6772.15
2022;1;Secretaria de Governo;568992.24;394468.48;72;60;9483.2
2022;1;Secretaria do Meio Ambiente, Parques e Jardins;530308.04;345651.23;90;85;6238.92
2022;1;Secretaria de Esportes e Lazer;510877.83999999997;330039.94;78;70;7298.25
2022;1;Secretaria de Desenvolvimento Econômico, Trabalho e Turismo;429067.27;274928.01;76;69;6218.37
2022;1;Secretaria de Gabinete Central;411741.23;274777.55;57;50;8234.82
2022;1;Secretaria de Cultura;379397.27999999997;247547.74;78;75;5058.63
2022;1;Secretaria da Habitação e Regularização Fundiária;214913.31;138164.39;36;31;6932.69
2022;1;Secretaria de Comunicação;183165.24;133123.95;29;21;8722.15
2022;1;Secretaria de Mobilidade;142289.72;84028.35;16;13;10945.36
2022;1;Secretaria de Relações Institucionais e Metropolitanas;131569.95;92917.65;16;14;9397.85
2022;2;Secretaria da Educação;23078390.7;14101231.22;5074;5020;4597.29
2022;2;Secretaria da Saúde;19928323.81;13475247.97;2719;2381;8369.73
2022;2;Secretaria de Segurança Urbana;3182045.86;1971565.46;435;384;8286.58
2022;2;Secretaria de Assuntos Jurídicos e Patrimônio;1659648.2;1136705.84;186;158;10504.1
2022;2;Secretaria de Administração;1399561.7;903606.71;264;223;6276.06
2022;2;Secretaria da Cidadania;1343940.97;902881.89;240;205;6555.81
2022;2;Secretaria da Fazenda;1299451.59;825218.7;234;189;6875.41
2022;2;Inativos e Pensionistas (Encargos);1073968.04;546692.1;286;286;3755.13
2022;2;Secretaria de Urbanismo e Licenciamento;1001704.45;634810.62;185;160;6260.65
2022;2;Secretaria de Serviços Públicos e Obras;957978.21;601100.92;169;145;6606.75
2022;2;Secretaria de Governo;689760.59;490055.03;75;64;10777.51
2022;2;Secretaria de Esportes e Lazer;610314.38;400850.76;91;69;8845.14
2022;2;Secretaria de Gabinete Central;574770.8099999999;352988.23;82;56;10263.76
2022;2;Secretaria do Meio Ambiente, Parques e Jardins;532813.23;335909.4;95;80;6660.17
2022;2;Secretaria de Recursos Humanos;528015.42;343704.76;95;83;6361.63
2022;2;Secretaria de Desenvolvimento Econômico, Trabalho e Turismo;486475.3;307131.16;82;68;7154.05
2022;2;Secretaria de Cultura;327589.38;211790.14;81;73;4487.53
2022;2;Secretaria de Comunicação;219573.33000000002;143936.63;36;28;7841.9
2022;2;Secretaria da Habitação e Regularização Fundiária;192739.81;123852.12;34;31;6217.41
2022;2;Secretaria de Mobilidade;153093.82;94868.39;14;13;11776.45
2022;2;Secretaria de Relações Institucionais e Metropolitanas;137755.56;90252.99;15;13;10596.58
2022;3;Secretaria da Educação;30051094.35;20214160.99;6761;6619;4540.13
2022;3;Secretaria da Saúde;21338489.87;14757623.33;2808;2385;8946.96
2022;3;Secretaria de Segurança Urbana;3576956.12;2343619.95;448;381;9388.34
2022;3;Secretaria de Assuntos Jurídicos e Patrimônio;1684854.46;1155506.23;182;156;10800.35
2022;3;Secretaria de Administração;1511890.9;1009220.53;265;227;6660.31
2022;3;Secretaria da Fazenda;1331761.37;908823.56;224;189;7046.36
2022;3;Secretaria da Cidadania;1287610.63;879444.31;230;207;6220.34
2022;3;Secretaria de Urbanismo e Licenciamento;1181286.12;811586.15;183;156;7572.35
2022;3;Secretaria de Serviços Públicos e Obras;1082851.23;734843.39;180;147;7366.33
2022;3;Inativos e Pensionistas (Encargos);1066607.72;547688.63;283;283;3768.93
2022;3;Secretaria de Governo;760515.6799999999;533653.22;78;69;11021.97
2022;3;Secretaria do Meio Ambiente, Parques e Jardins;652760.89;448132.69;99;85;7679.54
2022;3;Secretaria de Esportes e Lazer;595805.27;378880.63;81;71;8391.62
2022;3;Secretaria de Recursos Humanos;584593.45;397966.24;101;84;6959.45
2022;3;Secretaria de Gabinete Central;542848.56;358086.49;65;59;9200.82
2022;3;Secretaria de Desenvolvimento Econômico, Trabalho e Turismo;458746.92;300330.2;68;65;7057.64
2022;3;Secretaria de Cultura;409067.22;286525.82;85;71;5761.51
2022;3;Secretaria de Comunicação;243807.31;169400.96;33;26;9377.2
2022;3;Secretaria da Habitação e Regularização Fundiária;203435.18;133568.71;33;32;6357.35
2022;3;Secretaria de Mobilidade;161352.86;102337.42;16;13;12411.76
2022;3;Secretaria de Relações Institucionais e Metropolitanas;138986.73;100657.78;14;12;11582.23
2022;4;Secretaria da Educação;31068844.88;19792700.44;7020;6880;4515.82
2022;4;Secretaria da Saúde;23636007.4;15635311.65;2826;2368;9981.42
2022;4;Secretaria de Segurança Urbana;3635683.71;2312620.51;402;379;9592.83
2022;4;Secretaria de Assuntos Jurídicos e Patrimônio;1712402.33;1138516.71;167;155;11047.76
2022;4;Secretaria de Administração;1567485.06;1025142.44;262;230;6815.15
2022;4;Secretaria da Cidadania;1364353.44;892513.53;235;210;6496.92
2022;4;Secretaria da Fazenda;1287703.6;821543.41;214;190;6777.39
2022;4;Inativos e Pensionistas (Encargos);1164963.75;630104.06;278;278;4190.52
2022;4;Secretaria de Urbanismo e Licenciamento;1104778.96;712225.89;174;158;6992.27
2022;4;Secretaria de Serviços Públicos e Obras;981928.24;614688.83;161;145;6771.92
2022;4;Secretaria de Governo;756664.96;519805.76;76;69;10966.16
2022;4;Secretaria de Gabinete Central;634606.89;431576.58;68;61;10403.39
2022;4;Secretaria de Recursos Humanos;628774.83;416097.4;95;85;7397.35
2022;4;Secretaria do Meio Ambiente, Parques e Jardins;628268.28;417075.83;94;85;7391.39
2022;4;Secretaria de Esportes e Lazer;597274.55;347441.87;78;71;8412.32
2022;4;Secretaria de Desenvolvimento Econômico, Trabalho e Turismo;535598.55;371176.98;74;63;8501.56
2022;4;Secretaria de Cultura;372468.07;240893.04;73;69;5398.09
2022;4;Secretaria da Habitação e Regularização Fundiária;265841.98;190758.98;34;33;8055.82
2022;4;Secretaria de Comunicação;211173.85;132497.84;28;25;8446.95
2022;4;Secretaria de Mobilidade;181280.83000000002;116509.48999999999;15;13;13944.68
2022;4;Secretaria de Relações Institucionais e Metropolitanas;124025.86;82207.83;13;12;10335.49
2022;5;Secretaria da Educação;32184263.17;20610391.72;7259;7067;4554.16
2022;5;Secretaria da Saúde;24165494.8;16426341.69;2600;2354;10265.72
2022;5;Secretaria de Segurança Urbana;3787543.37;2433672.6;404;376;10073.25
2022;5;Secretaria de Assuntos Jurídicos e Patrimônio;1659421.16;1066652.0;176;161;10306.96
2022;5;Secretaria da Fazenda;1609472.65;1072232.0;223;191;8426.56
2022;5;Secretaria de Administração;1588381.71;1044433.1900000001;261;227;6997.28
2022;5;Secretaria da Cidadania;1461576.66;985432.78;234;209;6993.19
2022;5;Secretaria de Urbanismo e Licenciamento;1168135.32;763644.34;190;159;7346.76
2022;5;Inativos e Pensionistas (Encargos);1161974.75;610930.69;287;287;4048.69
2022;5;Secretaria de Serviços Públicos e Obras;1031080.22;661138.46;165;144;7160.28
2022;5;Secretaria de Governo;858833.25;594533.82;79;68;12629.9
2022;5;Secretaria de Recursos Humanos;718914.8;472768.75;115;85;8457.82
2022;5;Secretaria de Gabinete Central;680634.7;476407.86;71;61;11157.95
2022;5;Secretaria de Esportes e Lazer;656028.79;425846.74;80;72;9111.51
2022;5;Secretaria do Meio Ambiente, Parques e Jardins;652319.03;438401.03;98;86;7585.1
2022;5;Secretaria de Cultura;476249.32;329293.89;79;71;6707.74
2022;5;Secretaria de Desenvolvimento Econômico, Trabalho e Turismo;429816.2;269562.39;70;64;6715.88
2022;5;Secretaria da Habitação e Regularização Fundiária;288428.36;205751.11;37;33;8740.25
2022;5;Secretaria de Comunicação;268950.36;176935.71;33;27;9961.12
2022;5;Secretaria de Relações Institucionais e Metropolitanas;181157.19;139975.51;14;12;15096.43
2022;5;Secretaria de Mobilidade;169599.16999999998;105041.68;15;13;13046.09
2022;6;Secretaria da Educação;32347938.57;20632798.98;7402;7191;4498.39
2022;6;Secretaria da Saúde;24054212.89;16364520.51;2680;2332;10314.84
2022;6;Secretaria de Segurança Urbana;3585076.38;2233444.69;417;379;9459.3
2022;6;Secretaria de Assuntos Jurídicos e Patrimônio;1812445.95;1211144.31;176;161;11257.43
2022;6;Secretaria de Administração;1698482.69;1152904.16;279;243;6989.64
2022;6;Secretaria da Fazenda;1429273.3;958932.29;228;199;7182.28
2022;6;Secretaria da Cidadania;1374499.27;909863.11;235;208;6608.17
2022;6;Secretaria de Urbanismo e Licenciamento;1169654.77;775278.16;186;172;6800.32
2022;6;Inativos e Pensionistas (Encargos);1152925.4;607559.07;277;277;4162.19
2022;6;Secretaria de Serviços Públicos e Obras;1074037.15;701648.11;157;145;7407.15
2022;6;Secretaria de Governo;928368.45;652807.78;85;77;12056.73
2022;6;Secretaria de Recursos Humanos;661934.12;434249.96;107;90;7354.82
2022;6;Secretaria de Gabinete Central;624936.45;409394.60000000003;67;63;9919.63
2022;6;Secretaria de Esportes e Lazer;612976.12;383815.74;78;71;8633.47
2022;6;Secretaria do Meio Ambiente, Parques e Jardins;603852.76;391502.71;93;84;7188.72
2022;6;Secretaria de Desenvolvimento Econômico, Trabalho e Turismo;525719.5599999999;357741.67;77;67;7846.56
2022;6;Secretaria de Cultura;437937.57;301077.57;77;71;6168.13
2022;6;Secretaria da Habitação e Regularização Fundiária;254786.42;182072.78;37;34;7493.72
2022;6;Secretaria de Comunicação;216989.57;157023.53;30;26;8345.75
2022;6;Secretaria de Mobilidade;162096.21;97167.4;14;13;12468.94
2022;6;Secretaria de Relações Institucionais e Metropolitanas;131193.57;89353.13;13;12;10932.8
2022;7;Secretaria da Educação;32390334.52;20722095.48;7237;7083;4572.97
2022;7;Secretaria da Saúde;24923280.6;17537137.82;2850;2319;10747.43
2022;7;Secretaria de Segurança Urbana;3538401.0100000002;2216176.44;434;379;9336.15
2022;7;Secretaria de Assuntos Jurídicos e Patrimônio;1702873.5;1095195.3800000001;171;148;11505.9
2022;7;Secretaria de Administração;1583588.8;1061402.89;277;236;6710.12
2022;7;Secretaria da Cidadania;1489381.62;1022108.04;247;206;7230.01
2022;7;Secretaria da Fazenda;1427345.1;929452.18;223;194;7357.45
2022;7;Secretaria de Urbanismo e Licenciamento;1201775.29;801883.87;201;172;6987.07
2022;7;Inativos e Pensionistas (Encargos);1161672.62;609935.74;276;276;4208.96
2022;7;Secretaria de Serviços Públicos e Obras;1102680.55;712557.65;171;146;7552.61
2022;7;Secretaria de Governo;1051947.4;756973.16;112;97;10844.82
2022;7;Secretaria de Recursos Humanos;724558.1;506136.29;113;95;7626.93
2022;7;Secretaria do Meio Ambiente, Parques e Jardins;712365.6;503883.83;104;86;8283.32
2022;7;Secretaria de Gabinete Central;668489.77;445331.57;72;61;10958.85
2022;7;Secretaria de Esportes e Lazer;631466.59;404644.9;92;75;8419.55
2022;7;Secretaria de Desenvolvimento Econômico, Trabalho e Turismo;463387.98;298986.58;78;67;6916.24
2022;7;Secretaria de Cultura;403855.99;267477.97;79;71;5688.11
2022;7;Secretaria de Comunicação;242703.9;180201.85;30;25;9708.16
2022;7;Secretaria da Habitação e Regularização Fundiária;216478.34;141333.21;36;33;6559.95
2022;7;Secretaria de Mobilidade;168406.66999999998;104447.04;15;13;12954.36
2022;7;Secretaria de Relações Institucionais e Metropolitanas;141085.5;105519.41;14;11;12825.95
2022;8;Secretaria da Educação;31937987.42;20224851.18;7228;7098;4499.58
2022;8;Secretaria da Saúde;22988109.68;15650278.25;2566;2323;9895.87
2022;8;Secretaria de Segurança Urbana;3456756.98;2106182.12;391;371;9317.4
2022;8;Secretaria de Assuntos Jurídicos e Patrimônio;1818411.3;1229366.29;165;144;12627.86
2022;8;Secretaria de Administração;1636697.46;1102527.23;287;259;6319.3
2022;8;Secretaria da Cidadania;1394994.77;925651.57;233;211;6611.35
2022;8;Secretaria da Fazenda;1388781.1;912436.15;217;189;7348.05
2022;8;Secretaria de Urbanismo e Licenciamento;1222116.14;814594.34;190;174;7023.66
2022;8;Inativos e Pensionistas (Encargos);1091282.17;574685.43;273;273;3997.37
2022;8;Secretaria de Serviços Públicos e Obras;1065189.17;686078.08;168;149;7148.92
2022;8;Secretaria de Governo;900286.38;616621.11;107;100;9002.86
2022;8;Secretaria de Recursos Humanos;711098.22;468870.54;107;97;7330.91
2022;8;Secretaria de Gabinete Central;669912.18;452132.38;66;62;10805.04
2022;8;Secretaria do Meio Ambiente, Parques e Jardins;635979.92;430110.38;93;84;7571.19
2022;8;Secretaria de Esportes e Lazer;604578.64;384536.0;78;75;8061.05
2022;8;Secretaria de Desenvolvimento Econômico, Trabalho e Turismo;468500.83;308820.46;74;68;6889.72
2022;8;Secretaria de Cultura;374774.8;241485.68;75;71;5278.52
2022;8;Secretaria da Habitação e Regularização Fundiária;250096.36;169145.23;40;38;6581.48
2022;8;Secretaria de Comunicação;216477.28;153650.17;31;25;8659.09
2022;8;Secretaria de Mobilidade;175209.6;106992.28;15;14;12514.97
2022;8;Secretaria de Relações Institucionais e Metropolitanas;114579.92;75498.87;16;11;10416.36
2022;9;Secretaria da Educação;33434868.62;21412196.15;7732;7256;4607.89
2022;9;Secretaria da Saúde;23641231.85;16251955.94;2734;2325;10168.27
2022;9;Secretaria de Segurança Urbana;3563161.24;2253663.31;448;371;9604.21
2022;9;Secretaria de Administração;1716064.94;1124741.42;305;267;6427.21
2022;9;Secretaria de Assuntos Jurídicos e Patrimônio;1706041.18;1073005.07;162;144;11847.51
2022;9;Secretaria da Fazenda;1685164.7;1134697.25;229;200;8425.82
2022;9;Secretaria da Cidadania;1401537.21;943600.85;246;208;6738.16
2022;9;Secretaria de Urbanismo e Licenciamento;1220551.84;798966.9;201;182;6706.33
2022;9;Inativos e Pensionistas (Encargos);1089654.55;574167.0;278;272;4006.08
2022;9;Secretaria de Serviços Públicos e Obras;1032254.4500000001;647364.46;171;148;6974.69
2022;9;Secretaria de Governo;916314.92;637592.1;106;95;9645.42
2022;9;Secretaria de Gabinete Central;721339.39;489865.02;71;65;11097.53
2022;9;Secretaria de Recursos Humanos;704034.59;462307.73;109;99;7111.46
2022;9;Secretaria de Esportes e Lazer;644131.51;413298.77999999997;91;82;7855.26
2022;9;Secretaria do Meio Ambiente, Parques e Jardins;613549.32;414548.3;93;84;7304.16
2022;9;Secretaria de Desenvolvimento Econômico, Trabalho e Turismo;470335.89;296647.63;81;70;6719.08
2022;9;Secretaria de Cultura;452738.74;321093.36;82;69;6561.43
2022;9;Secretaria da Habitação e Regularização Fundiária;302447.9;214878.47;45;39;7755.07
2022;9;Secretaria de Comunicação;210668.38;151464.46;27;25;8426.74
2022;9;Secretaria de Mobilidade;181798.7;113305.06;17;14;12985.62
2022;9;Secretaria de Relações Institucionais e Metropolitanas;163320.67;119590.93;19;13;12563.13
2022;10;Secretaria da Educação;35757792.11;22632676.99;8276;7176;4982.97
2022;10;Secretaria da Saúde;23879024.0;16083834.32;2859;2326;10266.13
2022;10;Secretaria de Segurança Urbana;3504567.43;2178503.94;393;369;9497.47
2022;10;Secretaria de Administração;1829937.59;1215264.51;320;265;6905.42
2022;10;Secretaria de Assuntos Jurídicos e Patrimônio;1624514.09;996869.49;180;141;11521.38
2022;10;Secretaria da Fazenda;1503620.22;974037.78;271;203;7407.0
2022;10;Secretaria da Cidadania;1451969.78;941521.34;268;206;7048.4
2022;10;Secretaria de Urbanismo e Licenciamento;1340861.19;894851.6;213;185;7247.9
2022;10;Inativos e Pensionistas (Encargos);1227949.42;669529.31;333;270;4547.96
2022;10;Secretaria de Serviços Públicos e Obras;1153542.41;711471.11;210;151;7639.35
2022;10;Secretaria de Governo;760550.9400000001;520577.88;93;89;8545.52
2022;10;Secretaria de Recursos Humanos;741940.52;468957.72;133;102;7273.93
2022;10;Secretaria de Gabinete Central;692070.5;449833.83;79;65;10647.24
2022;10;Secretaria de Esportes e Lazer;670562.63;437974.49;95;82;8177.59
2022;10;Secretaria do Meio Ambiente, Parques e Jardins;621561.68;405814.92;103;86;7227.46
2022;10;Secretaria de Desenvolvimento Econômico, Trabalho e Turismo;454321.27;276363.6;101;69;6584.37
2022;10;Secretaria de Cultura;392937.16;248804.59;88;68;5778.49
2022;10;Secretaria da Habitação e Regularização Fundiária;302875.82;211329.28;48;39;7766.05
2022;10;Secretaria de Comunicação;233053.91;170748.84;31;26;8963.61
2022;10;Secretaria de Mobilidade;186677.22;111105.19;15;15;12445.15
2022;10;Secretaria de Relações Institucionais e Metropolitanas;135632.9;98104.28;15;12;11302.74
2022;11;Secretaria da Educação;47217057.91;34908725.88;7227;7134;6618.6
2022;11;Secretaria da Saúde;30460097.32;22687846.72;2646;2323;13112.4
2022;11;Secretaria de Segurança Urbana;4755388.05;3354329.55;389;369;12887.23
2022;11;Secretaria de Administração;2284903.93;1717800.34;290;267;8557.69
2022;11;Secretaria de Assuntos Jurídicos e Patrimônio;2232018.54;1620617.27;160;140;15942.99
2022;11;Secretaria da Cidadania;1947334.61;1475833.56;225;203;9592.78
2022;11;Secretaria da Fazenda;1934609.66;1446960.52;226;202;9577.28
2022;11;Secretaria de Urbanismo e Licenciamento;1685338.66;1245126.25;206;187;9012.51
2022;11;Inativos e Pensionistas (Encargos);1652452.77;951010.9299999999;267;267;6188.96
2022;11;Secretaria de Serviços Públicos e Obras;1614975.38;1205137.59;165;151;10695.2
2022;11;Secretaria de Governo;1139004.95;884398.14;99;90;12655.61
2022;11;Secretaria de Gabinete Central;1070149.93;825229.02;78;69;15509.42
2022;11;Secretaria de Recursos Humanos;1056182.15;800485.93;109;99;10668.51
2022;11;Secretaria de Esportes e Lazer;899233.2;661289.62;85;82;10966.26
2022;11;Secretaria do Meio Ambiente, Parques e Jardins;835014.8;628521.39;94;85;9823.7
2022;11;Secretaria de Desenvolvimento Econômico, Trabalho e Turismo;651111.79;480009.38;77;69;9436.4
2022;11;Secretaria de Cultura;589046.74;443875.54;79;70;8414.95
2022;11;Secretaria da Habitação e Regularização Fundiária;446657.54;359986.82;43;39;11452.76
2022;11;Secretaria de Mobilidade;311952.83;235049.87;16;15;20796.86
2022;11;Secretaria de Comunicação;302024.35;242960.54;28;25;12080.97
2022;11;Secretaria de Relações Institucionais e Metropolitanas;190709.35;152700.22;14;12;15892.45
2022;12;Secretaria da Educação;62936661.95;29361644.34;12084;6975;9023.18
2022;12;Secretaria da Saúde;43511510.51;22802366.34;5073;2318;18771.14
2022;12;Secretaria de Segurança Urbana;6837875.4;3286219.35;771;366;18682.72
2022;12;Secretaria de Administração;3131116.84;1544699.7;516;266;11771.12
2022;12;Secretaria de Assuntos Jurídicos e Patrimônio;3085071.06;1420086.15;292;139;22194.76
2022;12;Secretaria da Cidadania;2753359.56;1323412.03;439;202;13630.49
2022;12;Secretaria da Fazenda;2676010.37;1326859.22;409;200;13380.05
2022;12;Secretaria de Urbanismo e Licenciamento;2378021.72;1162618.26;352;187;12716.69
2022;12;Inativos e Pensionistas (Encargos);2199443.73;887188.24;511;266;8268.59
2022;12;Secretaria de Serviços Públicos e Obras;2049616.77;959098.39;312;149;13755.82
2022;12;Secretaria de Governo;1627361.11;812614.29;166;92;17688.71
2022;12;Secretaria de Gabinete Central;1337385.35;619852.0;138;68;19667.43
2022;12;Secretaria de Recursos Humanos;1266945.24;609034.79;202;98;12928.01
2022;12;Secretaria de Esportes e Lazer;1236869.81;584154.92;161;80;15460.87
2022;12;Secretaria do Meio Ambiente, Parques e Jardins;1103429.09;537686.56;155;78;14146.53
2022;12;Secretaria de Desenvolvimento Econômico, Trabalho e Turismo;910168.79;424726.17;141;69;13190.85
2022;12;Secretaria de Cultura;656563.05;305220.41;125;68;9655.34
2022;12;Secretaria da Habitação e Regularização Fundiária;470854.69;227757.41999999998;74;39;12073.2
2022;12;Secretaria de Comunicação;392907.28;197514.06;50;25;15716.29
2022;12;Secretaria de Mobilidade;367586.67;149314.2;33;15;24505.78
2022;12;Secretaria de Relações Institucionais e Metropolitanas;224931.41;107508.41;24;12;18744.28
2023;1;Secretaria da Educação;39495444.51;25946537.1;10296;6303;6266.13
2023;1;Secretaria da Saúde;22941987.24;15604340.81;2548;2305;9953.14
2023;1;Secretaria de Segurança Urbana;3407600.43;2075610.53;394;367;9285.01
2023;1;Secretaria de Assuntos Jurídicos e Patrimônio;1804144.27;1254416.29;142;119;15160.88
2023;1;Secretaria de Administração;1722251.71;1151987.53;296;267;6450.38
2023;1;Secretaria da Fazenda;1659827.31;1109742.29;217;201;8257.85
2023;1;Secretaria da Cidadania;1366340.14;889216.34;221;202;6764.06
2023;1;Secretaria de Planejamento e Desenvolvimento Urbano;1243277.86;806055.49;200;185;6720.42
2023;1;Secretaria de Serviços Públicos e Obras;1104357.82;714791.07;164;149;7411.8
2023;1;Secretaria de Governo;973956.91;677149.67;120;108;9018.12
2023;1;Secretaria de Desenvolvimento Econômico, Trabalho e Turismo;971944.59;561915.33;170;161;6036.92
2023;1;Secretaria de Recursos Humanos;714883.79;460966.54;114;100;7148.84
2023;1;Secretaria de Gabinete Central;662537.62;423974.49;73;69;9601.99
2023;1;Secretaria de Esportes e Lazer;642921.49;412434.14;89;78;8242.58
2023;1;Secretaria do Meio Ambiente, Parques e Jardins;596519.42;388800.68;86;79;7550.88
2023;1;Chefia do Poder Executivo;586950.18;305564.2;172;172;3412.5
2023;1;Secretaria de Cultura;465510.56;338993.56;76;68;6845.74
2023;1;Secretaria da Habitação e Regularização Fundiária;266492.26;177541.34;42;38;7012.95
2023;1;Secretaria de Comunicação;225096.36000000002;167458.78;29;24;9379.02
2023;1;Secretaria de Mobilidade;177322.09;107949.62;17;16;11082.63
2023;1;Secretaria de Relações Institucionais e Metropolitanas;114614.03;80066.23;11;11;10419.46
2023;2;Secretaria da Educação;34937024.98;21431358.43;5716;5463;6395.21
2023;2;Secretaria da Saúde;26456269.34;17396243.5;2712;2305;11477.77
2023;2;Secretaria de Segurança Urbana;4319029.56;2707113.3;411;367;11768.47
2023;2;Secretaria de Assuntos Jurídicos e Patrimônio;2007447.3900000001;1281577.63;130;119;16869.31
2023;2;Secretaria de Administração;1937313.83;1264384.71;296;263;7366.21
2023;2;Secretaria da Cidadania;1811914.58;1202855.37;294;239;7581.23
2023;2;Secretaria da Fazenda;1750934.04;1158204.42;227;203;8625.29
2023;2;Secretaria de Planejamento e Desenvolvimento Urbano;1425096.85;911246.8200000001;216;180;7917.2
2023;2;Secretaria de Serviços Públicos e Obras;1274997.31;830142.53;164;148;8614.85
2023;2;Secretaria de Governo;1233045.3699999999;851530.28;126;115;10722.13
2023;2;Secretaria de Desenvolvimento Econômico, Trabalho e Turismo;994157.33;575176.54;163;156;6372.8
2023;2;Secretaria de Gabinete Central;860390.74;573854.51;77;65;13236.78
2023;2;Secretaria de Recursos Humanos;814500.01;531881.75;109;99;8227.27
2023;2;Secretaria do Meio Ambiente, Parques e Jardins;688938.3099999999;453710.25;88;81;8505.41
2023;2;Secretaria de Esportes e Lazer;687312.65;433897.56;85;76;9043.59
2023;2;Chefia do Poder Executivo;576855.92;298058.62;170;170;3393.27
2023;2;Secretaria de Cultura;403197.43;270060.68;69;64;6299.96
2023;2;Secretaria da Habitação e Regularização Fundiária;333621.13;228203.55;42;39;8554.39
2023;2;Secretaria de Comunicação;273966.77999999997;203567.38999999998;34;28;9784.53
2023;2;Secretaria de Mobilidade;251863.98;159209.94;19;16;15741.5
2023;2;Secretaria de Relações Institucionais e Metropolitanas;114696.09;80582.92;10;9;12744.01
2023;3;Secretaria da Educação;41777375.86;27412878.3;7357;6979;5986.16
2023;3;Secretaria da Saúde;27346428.05;18459798.38;2662;2313;11822.93
2023;3;Secretaria de Segurança Urbana;4320343.59;2734251.82;417;366;11804.22
2023;3;Secretaria de Administração;2071082.22;1373414.51;286;259;7996.46
2023;3;Secretaria de Assuntos Jurídicos e Patrimônio;1963883.8800000001;1210897.17;132;118;16643.08
2023;3;Secretaria da Cidadania;1923524.31;1305158.85;273;243;7915.74
2023;3;Secretaria da Fazenda;1803860.0;1218470.57;232;206;8756.6
2023;3;Secretaria de Planejamento e Desenvolvimento Urbano;1516985.26;1015160.18;205;182;8335.08
2023;3;Secretaria de Serviços Públicos e Obras;1402649.46;947033.84;170;150;9351.0
2023;3;Secretaria de Desenvolvimento Econômico, Trabalho e Turismo;1192047.48;745056.71;167;157;7592.66
2023;3;Secretaria de Governo;1161636.8;803591.3;133;119;9761.65
2023;3;Secretaria de Recursos Humanos;957175.03;667185.58;120;101;9476.98
2023;3;Secretaria de Gabinete Central;894855.92;601726.23;80;74;12092.65
2023;3;Secretaria do Meio Ambiente, Parques e Jardins;785603.92;546765.56;89;80;9820.05
2023;3;Secretaria de Esportes e Lazer;734837.58;474923.75;86;78;9420.99
2023;3;Chefia do Poder Executivo;706118.69;407857.13;170;169;4178.22
2023;3;Secretaria de Cultura;434476.06;292569.61;79;65;6684.25
2023;3;Secretaria da Habitação e Regularização Fundiária;315267.15;214283.43;43;39;8083.77
2023;3;Secretaria de Comunicação;269839.21;199243.34;31;28;9637.11
2023;3;Secretaria de Mobilidade;233412.1;150193.9;25;22;10609.64
2023;3;Secretaria de Relações Institucionais e Metropolitanas;127762.44;89350.79000000001;10;10;12776.24
2023;4;Secretaria da Educação;36191293.23;23015323.65;10072;7619;4750.14
2023;4;Secretaria da Saúde;24142156.9;16024689.17;3928;2319;10410.59
2023;4;Secretaria de Segurança Urbana;3728991.42;2275675.88;711;367;10160.74
2023;4;Secretaria de Administração;1943463.1500000001;1336390.15;395;263;7389.59
2023;4;Secretaria da Cidadania;1767421.95;1182949.2;378;243;7273.34
2023;4;Secretaria de Assuntos Jurídicos e Patrimônio;1723245.66;1077383.2;161;115;14984.74
2023;4;Secretaria da Fazenda;1510681.45;975612.48;323;207;7297.98
2023;4;Secretaria de Planejamento e Desenvolvimento Urbano;1405757.1;950302.78;288;184;7639.98
2023;4;Secretaria de Governo;1080350.44;759065.97;151;119;9078.58
2023;4;Secretaria de Serviços Públicos e Obras;1054403.95;684135.63;222;136;7752.97
2023;4;Secretaria de Desenvolvimento Econômico, Trabalho e Turismo;1020052.86;606145.94;194;159;6415.43
2023;4;Secretaria de Gabinete Central;804348.97;525468.3;107;75;10724.65
2023;4;Secretaria de Recursos Humanos;779799.55;519859.14;153;102;7645.09
2023;4;Secretaria do Meio Ambiente, Parques e Jardins;774488.96;512905.31;145;96;8067.59
2023;4;Secretaria de Esportes e Lazer;628874.27;391240.01;108;80;7860.93
2023;4;Chefia do Poder Executivo;604975.54;329117.01;168;168;3601.04
2023;4;Secretaria de Cultura;357711.37;229935.37;97;64;5589.24
2023;4;Secretaria de Comunicação;279223.33;216950.55;39;28;9972.26
2023;4;Secretaria da Habitação e Regularização Fundiária;278857.13;184758.0;50;37;7536.68
2023;4;Secretaria de Mobilidade;198989.72;123331.9;31;25;7959.59
2023;4;Secretaria de Relações Institucionais e Metropolitanas;118722.99;83187.0;11;10;11872.3
2023;5;Secretaria da Educação;36094688.57;22930582.43;7802;7555;4777.59
2023;5;Secretaria da Saúde;24412824.66;16291372.66;2670;2342;10423.92
2023;5;Secretaria de Segurança Urbana;3808601.11;2404949.93;388;366;10406.01
2023;5;Secretaria de Administração;1848852.21;1230559.05;307;272;6797.25
2023;5;Secretaria da Cidadania;1806644.74;1209285.6;275;252;7169.23
2023;5;Secretaria de Assuntos Jurídicos e Patrimônio;1616381.53;1007631.51;131;122;13249.03
2023;5;Secretaria da Fazenda;1505675.42;978165.96;229;205;7344.76
2023;5;Secretaria de Planejamento e Desenvolvimento Urbano;1326519.68;900554.6;206;185;7170.38
2023;5;Secretaria de Governo;1218179.51;834915.43;144;131;9299.08
2023;5;Secretaria de Serviços Públicos e Obras;1062569.3;688548.14;158;142;7482.88
2023;5;Secretaria de Desenvolvimento Econômico, Trabalho e Turismo;983294.25;572923.17;167;163;6032.48
2023;5;Secretaria de Gabinete Central;827825.76;553359.25;96;85;9739.13
2023;5;Secretaria do Meio Ambiente, Parques e Jardins;824179.08;559752.87;121;107;7702.61
2023;5;Secretaria de Recursos Humanos;742583.3;508753.27;120;110;6750.76
2023;5;Chefia do Poder Executivo;611177.17;332748.35;168;168;3637.96
2023;5;Secretaria de Esportes e Lazer;596813.9;367983.66;85;82;7278.22
2023;5;Secretaria de Cultura;385325.5;248166.85;74;65;5928.08
2023;5;Secretaria da Habitação e Regularização Fundiária;291347.52999999997;195232.9;41;39;7470.45
2023;5;Secretaria de Mobilidade;268182.93;183163.68;31;27;9932.7
2023;5;Secretaria de Comunicação;226708.9;159970.31;32;29;7817.55
2023;5;Secretaria de Relações Institucionais e Metropolitanas;130383.48;94121.35;12;11;11853.04
2023;6;Secretaria da Educação;38298436.67;24560525.2;7919;7783;4920.78
2023;6;Secretaria da Saúde;25034220.89;16722106.97;2646;2356;10625.73
2023;6;Secretaria de Segurança Urbana;3779235.95;2359093.18;385;360;10497.88
2023;6;Secretaria de Administração;1831138.53;1206221.72;306;278;6586.83
2023;6;Secretaria da Cidadania;1817053.53;1202423.98;280;253;7182.03
2023;6;Secretaria de Assuntos Jurídicos e Patrimônio;1799094.15;1175724.19;137;122;14746.67
2023;6;Secretaria da Fazenda;1612356.23;1070792.07;239;203;7942.64
2023;6;Secretaria de Planejamento e Desenvolvimento Urbano;1262098.94;822689.2;204;183;6896.72
2023;6;Secretaria de Governo;1215935.75;835967.85;136;126;9650.28
2023;6;Secretaria de Serviços Públicos e Obras;1097147.73;707621.21;153;141;7781.19
2023;6;Secretaria de Desenvolvimento Econômico, Trabalho e Turismo;1026364.76;605048.29;170;163;6296.72
2023;6;Secretaria do Meio Ambiente, Parques e Jardins;902275.64;627594.67;122;110;8202.51
2023;6;Secretaria de Gabinete Central;812752.59;542417.13;89;84;9675.63
2023;6;Secretaria de Recursos Humanos;755341.63;500797.01;129;118;6401.2
2023;6;Secretaria de Esportes e Lazer;701967.71;458885.47000000003;90;83;8457.44
2023;6;Chefia do Poder Executivo;602825.89;328188.16;167;167;3609.74
2023;6;Secretaria de Cultura;383646.2;249370.36;80;72;5328.42
2023;6;Secretaria da Habitação e Regularização Fundiária;297974.89999999997;207330.08;44;40;7449.37
2023;6;Secretaria de Comunicação;237299.13999999998;172428.13;30;27;8788.86
2023;6;Secretaria de Mobilidade;233599.02;144787.66;29;26;8984.58
2023;6;Secretaria de Relações Institucionais e Metropolitanas;133457.28;98319.53;13;10;13345.73
2023;7;Secretaria da Educação;38770962.59;24844436.59;7801;7612;5093.4
2023;7;Secretaria da Saúde;26597529.42;18090794.93;2911;2370;11222.59
2023;7;Secretaria de Segurança Urbana;4203830.72;2677462.28;419;363;11580.8
2023;7;Secretaria de Assuntos Jurídicos e Patrimônio;1964812.59;1291119.87;142;120;16373.44
2023;7;Secretaria de Administração;1929214.89;1295975.31;326;277;6964.67
2023;7;Secretaria da Cidadania;1898875.94;1271339.91;305;262;7247.62
2023;7;Secretaria da Fazenda;1563671.4;1031615.55;241;200;7818.36
2023;7;Secretaria de Planejamento e Desenvolvimento Urbano;1426745.35;974099.28;219;183;7796.42
2023;7;Secretaria de Governo;1336371.8800000001;929161.62;158;124;10777.19
2023;7;Secretaria de Serviços Públicos e Obras;1169084.64;781409.61;155;141;8291.38
2023;7;Secretaria de Desenvolvimento Econômico, Trabalho e Turismo;1093862.6;669679.98;175;163;6710.81
2023;7;Secretaria de Gabinete Central;900773.41;605023.67;103;88;10236.06
2023;7;Secretaria do Meio Ambiente, Parques e Jardins;885431.34;612186.12;123;106;8353.13
2023;7;Secretaria de Recursos Humanos;883751.97;616482.52;151;117;7553.44
2023;7;Secretaria de Esportes e Lazer;699938.4;448751.02999999997;98;83;8432.99
2023;7;Chefia do Poder Executivo;634569.16;361614.18;165;165;3845.87
2023;7;Secretaria de Cultura;417557.69;272047.77;73;67;6232.2
2023;7;Secretaria da Habitação e Regularização Fundiária;343324.32;236224.56;50;40;8583.11
2023;7;Secretaria de Comunicação;252866.06;185225.18;30;26;9725.62
2023;7;Secretaria de Mobilidade;188954.5;115881.29000000001;23;23;8215.41
2023;7;Secretaria de Relações Institucionais e Metropolitanas;131305.22;94687.78;11;10;13130.52
2023;8;Secretaria da Educação;40384506.38;26383219.2;7814;7512;5376.0
2023;8;Secretaria da Saúde;26913233.89;18405823.07;2711;2367;11370.19
2023;8;Secretaria de Segurança Urbana;4356611.79;2761089.92;401;363;12001.69
2023;8;Secretaria da Cidadania;2031782.68;1385222.59;301;265;7667.1
2023;8;Secretaria de Assuntos Jurídicos e Patrimônio;1980377.59;1299414.81;142;120;16503.15
2023;8;Secretaria de Administração;1959614.58;1329725.3;315;277;7074.42
2023;8;Secretaria da Fazenda;1690883.58;1146915.03;241;195;8671.2
2023;8;Secretaria de Planejamento e Desenvolvimento Urbano;1510238.18;1060976.6300000001;215;189;7990.68
2023;8;Secretaria de Governo;1236602.52;855261.04;139;125;9892.82
2023;8;Secretaria de Serviços Públicos e Obras;1175865.18;795758.38;161;139;8459.46
2023;8;Secretaria de Desenvolvimento Econômico, Trabalho e Turismo;1125126.12;690402.64;174;166;6777.87
2023;8;Secretaria de Gabinete Central;990966.4;691124.26;99;89;11134.45
2023;8;Secretaria do Meio Ambiente, Parques e Jardins;843802.6;590069.84;119;105;8036.22
2023;8;Secretaria de Recursos Humanos;838615.71;564905.88;128;120;6988.46
2023;8;Secretaria de Esportes e Lazer;689937.54;438889.97000000003;90;86;8022.53
2023;8;Chefia do Poder Executivo;645378.73;370856.38;165;165;3911.39
2023;8;Secretaria de Cultura;432569.85;288006.55;71;67;6456.27
2023;8;Secretaria da Habitação e Regularização Fundiária;312981.45;214797.44;38;37;8458.96
2023;8;Secretaria de Comunicação;286732.91;215567.51;31;26;11028.19
2023;8;Secretaria de Mobilidade;198477.47;124829.45;26;25;7939.1
2023;8;Secretaria de Relações Institucionais e Metropolitanas;123488.7;87987.16;10;10;12348.87
2023;9;Secretaria da Educação;41032324.35;26904085.44;8042;7737;5303.39
2023;9;Secretaria da Saúde;26133579.7;17532065.62;2686;2355;11097.06
2023;9;Secretaria de Segurança Urbana;4115103.61;2543440.04;396;371;11091.92
2023;9;Secretaria de Administração;2041060.26;1402107.66;303;278;7341.94
2023;9;Secretaria da Cidadania;2016482.53;1384218.75;289;266;7580.76
2023;9;Secretaria de Assuntos Jurídicos e Patrimônio;1958615.21;1291967.43;140;122;16054.22
2023;9;Secretaria da Fazenda;1879768.39;1261626.72;202;187;10052.24
2023;9;Secretaria de Planejamento e Desenvolvimento Urbano;1504989.31;1028863.37;213;194;7757.68
2023;9;Secretaria de Governo;1260694.67;861257.88;137;126;10005.51
2023;9;Secretaria de Serviços Públicos e Obras;1186685.68;814976.26;147;136;8725.63
2023;9;Secretaria de Desenvolvimento Econômico, Trabalho e Turismo;1106128.83;680292.77;173;164;6744.69
2023;9;Secretaria de Gabinete Central;944123.38;660103.86;97;89;10608.13
2023;9;Secretaria de Recursos Humanos;906059.49;628521.53;130;121;7488.09
2023;9;Secretaria do Meio Ambiente, Parques e Jardins;826423.43;553797.21;115;107;7723.58
2023;9;Secretaria de Esportes e Lazer;742504.1;485595.02;92;87;8534.53
2023;9;Chefia do Poder Executivo;629096.05;359632.12;163;163;3859.48
2023;9;Secretaria de Cultura;399100.16000000003;255911.4;69;67;5956.72
2023;9;Secretaria da Habitação e Regularização Fundiária;339844.6;240803.25;44;37;9184.99
2023;9;Secretaria de Comunicação;244939.43;180970.28;29;26;9420.75
2023;9;Secretaria de Mobilidade;221768.77;154758.36;25;24;9240.37
2023;9;Secretaria de Relações Institucionais e Metropolitanas;132400.64;96474.4;11;10;13240.06
2023;10;Secretaria da Educação;40956928.75;26899065.92;7873;7714;5309.43
2023;10;Secretaria da Saúde;26189295.6;17766395.88;2633;2350;11144.38
2023;10;Secretaria de Segurança Urbana;4302056.78;2723809.69;407;375;11472.15
2023;10;Secretaria de Assuntos Jurídicos e Patrimônio;2131246.44;1492136.46;137;121;17613.61
2023;10;Secretaria da Cidadania;2031244.19;1379823.36;295;268;7579.27
2023;10;Secretaria de Administração;1947924.75;1314005.34;302;276;7057.7
2023;10;Secretaria da Fazenda;1550012.97;1023488.04;203;180;8611.18
2023;10;Secretaria de Governo;1485710.35;1037427.67;142;134;11087.39
2023;10;Secretaria de Planejamento e Desenvolvimento Urbano;1456032.03;991811.21;209;192;7583.5
2023;10;Secretaria de Serviços Públicos e Obras;1088495.45;725616.89;148;135;8062.93
2023;10;Secretaria de Desenvolvimento Econômico, Trabalho e Turismo;1070548.13;648956.64;169;162;6608.32
2023;10;Secretaria do Meio Ambiente, Parques e Jardins;845606.53;575077.26;116;108;7829.69
2023;10;Secretaria de Recursos Humanos;840459.59;573078.16;130;119;7062.69
2023;10;Secretaria de Gabinete Central;818847.97;538622.47;87;79;10365.16
2023;10;Secretaria de Esportes e Lazer;748323.55;488120.91;92;85;8803.81
2023;10;Chefia do Poder Executivo;625693.85;357560.06;162;162;3862.31
2023;10;Secretaria de Cultura;416354.25;269000.14;78;68;6122.86
2023;10;Secretaria da Habitação e Regularização Fundiária;392911.18;294912.45;50;39;10074.65
2023;10;Secretaria de Comunicação;255151.0;187220.54;29;28;9112.54
2023;10;Secretaria de Mobilidade;188321.0;121231.4;23;23;8187.87
2023;10;Secretaria de Relações Institucionais e Metropolitanas;144347.38;107637.26;12;11;13122.49
2023;11;Secretaria da Educação;56406974.06;42252143.05;8047;7675;7349.44
2023;11;Secretaria da Saúde;34207050.54;25832524.13;2742;2454;13939.3
2023;11;Secretaria de Segurança Urbana;5366642.52;3802506.35;422;375;14311.05
2023;11;Secretaria da Cidadania;2919005.25;2256941.13;305;270;10811.13
2023;11;Secretaria de Administração;2681742.19;2041113.28;308;281;9543.57
2023;11;Secretaria de Assuntos Jurídicos e Patrimônio;2481994.06;1853906.92;136;121;20512.35
2023;11;Secretaria da Fazenda;2143001.78;1594797.42;198;176;12176.15
2023;11;Secretaria de Planejamento e Desenvolvimento Urbano;1859544.46;1409053.0;207;187;9944.09
2023;11;Secretaria de Governo;1831367.4;1424862.5;143;132;13874.0
2023;11;Secretaria de Desenvolvimento Econômico, Trabalho e Turismo;1570607.43;1064976.06;174;164;9576.87
2023;11;Secretaria de Serviços Públicos e Obras;1527648.98;1160851.56;151;135;11315.92
2023;11;Secretaria do Meio Ambiente, Parques e Jardins;1205297.98;917232.87;123;108;11160.17
2023;11;Secretaria de Gabinete Central;1191846.48;900769.22;87;76;15682.19
2023;11;Secretaria de Recursos Humanos;1172554.31;895373.98;132;120;9771.29
2023;11;Secretaria de Esportes e Lazer;963939.27;704756.19;94;84;11475.47
2023;11;Chefia do Poder Executivo;925019.84;553022.66;163;162;5710.0
2023;11;Secretaria de Cultura;547497.02;398651.09;74;66;8295.41
2023;11;Secretaria da Habitação e Regularização Fundiária;419543.17;328180.37;39;37;11339.0
2023;11;Secretaria de Comunicação;369430.08;299142.92;33;28;13193.93
2023;11;Secretaria de Mobilidade;269515.64;201023.12;25;24;11229.82
2023;11;Secretaria de Relações Institucionais e Metropolitanas;179837.37;143916.37;10;10;17983.74
2023;12;Secretaria da Educação;76737468.62;36154399.16;17958;7629;10058.65
2023;12;Secretaria da Saúde;49864749.55;26425835.97;7456;2411;20682.19
2023;12;Secretaria de Segurança Urbana;8354610.3;3919886.15;1112;371;22519.17
2023;12;Secretaria da Cidadania;3967401.31;1900658.16;811;269;14748.7
2023;12;Secretaria de Administração;3804293.94;1889533.4;756;277;13733.91
2023;12;Secretaria de Assuntos Jurídicos e Patrimônio;3667027.84;1619804.27;365;120;30558.57
2023;12;Secretaria da Fazenda;3062574.66;1521665.74;538;173;17702.74
2023;12;Secretaria de Planejamento e Desenvolvimento Urbano;2650282.42;1290317.67;527;189;14022.66
2023;12;Secretaria de Governo;2571536.69;1310181.85;341;128;20090.13
2023;12;Secretaria de Serviços Públicos e Obras;2193641.0;1092644.5;418;135;16249.19
2023;12;Secretaria de Desenvolvimento Econômico, Trabalho e Turismo;2160074.56;941647.25;453;167;12934.58
2023;12;Secretaria do Meio Ambiente, Parques e Jardins;1718754.6099999999;891794.27;298;108;15914.39
2023;12;Secretaria de Recursos Humanos;1598380.03;837480.97;338;119;13431.76
2023;12;Secretaria de Gabinete Central;1596159.17;728437.5;233;77;20729.34
2023;12;Secretaria de Esportes e Lazer;1491972.64;726009.62;244;84;17761.58
2023;12;Chefia do Poder Executivo;1319136.54;565828.47;452;165;7994.77
2023;12;Secretaria de Cultura;785151.96;368530.65;168;68;11546.35
2023;12;Secretaria da Habitação e Regularização Fundiária;619422.14;319685.11;106;37;16741.14
2023;12;Secretaria de Comunicação;504653.05;279545.98;76;28;18023.32
2023;12;Secretaria de Mobilidade;442212.04;214154.72;61;26;17008.16
2023;12;Secretaria de Relações Institucionais e Metropolitanas;239401.19;116006.67;31;10;23940.12
2024;1;Secretaria da Educação;47051439.06;31403060.51;11167;6942;6777.79
2024;1;Secretaria da Saúde;26381440.9;17847370.42;2648;2382;11075.33
2024;1;Secretaria de Segurança Urbana;4070722.43;2472717.82;398;368;11061.75
2024;1;Secretaria da Cidadania;2519863.0;1654116.23;331;285;8841.62
2024;1;Secretaria de Assuntos Jurídicos e Patrimônio;2200643.0;1456956.56;141;119;18492.8
2024;1;Secretaria de Administração;2100950.11;1447353.45;295;272;7724.08
2024;1;Secretaria da Fazenda;1514392.34;978662.74;187;173;8753.71
2024;1;Secretaria de Planejamento e Desenvolvimento Urbano;1453191.78;1013439.65;193;186;7812.86
2024;1;Secretaria de Governo;1366429.0;957185.99;141;127;10759.28
2024;1;Inativos e Pensionistas (Encargos);1120139.24;589127.14;245;245;4572.0
2024;1;Secretaria do Meio Ambiente, Parques e Jardins;1118608.7;778161.6;152;140;7990.06
2024;1;Secretaria de Serviços Públicos e Obras;1118446.55;754479.42;145;135;8284.79
2024;1;Secretaria de Gabinete Central;989644.37;705287.86;85;77;12852.52
2024;1;Secretaria de Recursos Humanos;931875.73;646146.8;141;122;7638.33
2024;1;Secretaria de Esportes e Lazer;711165.15;459501.31;92;83;8568.25
2024;1;Secretaria de Cultura;411915.3;263021.89;70;66;6241.14
2024;1;Secretaria da Habitação e Regularização Fundiária;330936.34;227845.33;43;39;8485.55
2024;1;Secretaria de Comunicação;282083.02;210862.69;28;26;10849.35
2024;1;Secretaria de Mobilidade;244806.12;169081.64;32;28;8743.08
2024;1;Secretaria de Relações do Trabalho e Qualificação Profissional;213520.8;138705.12;29;26;8212.34
2024;1;Secretaria de Desenvolvimento Econômico, Trabalho e Turismo;161276.76;106526.02;21;21;7679.85
2024;1;Secretaria de Relações Institucionais e Metropolitanas;129400.98;90683.42;13;10;12940.1
2024;1;Chefia do Poder Executivo;13691.17;9314.04;1;1;13691.17
2024;2;Secretaria da Educação;36992553.88;23443261.32;6027;5933;6235.05
2024;2;Secretaria da Saúde;27151992.9;18579099.16;2891;2514;10800.32
2024;2;Secretaria de Segurança Urbana;4456235.0;2800143.37;426;369;12076.52
2024;2;Secretaria de Administração;2172406.26;1520540.14;298;269;8075.86
2024;2;Secretaria da Cidadania;2167557.38;1521920.8699999999;302;272;7968.96
2024;2;Secretaria de Assuntos Jurídicos e Patrimônio;1948052.22;1334706.0;133;118;16508.92
2024;2;Secretaria da Fazenda;1818714.8800000001;1282399.32;195;169;10761.63
2024;2;Secretaria de Planejamento e Desenvolvimento Urbano;1391492.82;935599.64;203;186;7481.14
2024;2;Secretaria de Governo;1310137.99;911521.8099999999;138;128;10235.45
2024;2;Secretaria de Serviços Públicos e Obras;1308618.59;912196.23;157;137;9551.96
2024;2;Inativos e Pensionistas (Encargos);1112014.74;583463.04;248;248;4483.93
2024;2;Secretaria do Meio Ambiente, Parques e Jardins;1012992.4;713583.25;132;120;8441.6
2024;2;Secretaria de Recursos Humanos;960883.63;689613.14;128;118;8143.08
2024;2;Secretaria de Gabinete Central;884631.01;610141.74;86;76;11639.88
2024;2;Secretaria de Esportes e Lazer;786846.26;533564.29;85;78;10087.77
2024;2;Secretaria de Cultura;401700.61;263132.92;73;65;6180.01
2024;2;Secretaria da Habitação e Regularização Fundiária;381318.73;284779.52999999997;41;36;10592.19
2024;2;Secretaria de Comunicação;347226.9;258386.76;37;31;11200.87
2024;2;Secretaria de Relações do Trabalho e Qualificação Profissional;324066.04;224502.79;44;39;8309.39
2024;2;Secretaria de Desenvolvimento Econômico, Trabalho e Turismo;316515.16;216234.69;36;34;9309.27
2024;2;Secretaria de Mobilidade;244808.85;167751.29;29;28;8743.17
2024;2;Secretaria de Relações Institucionais e Metropolitanas;112701.28;80691.69;10;9;12522.36
2024;3;Secretaria da Educação;49697199.66;33723858.4;7423;7217;6886.13
2024;3;Secretaria da Saúde;31916602.38;21828652.72;2862;2587;12337.3
2024;3;Secretaria de Segurança Urbana;5522856.8;3690510.57;422;368;15007.76
2024;3;Secretaria da Cidadania;2547679.71;1814713.27;304;271;9401.03
2024;3;Secretaria de Administração;2545791.67;1733740.39;307;279;9124.7
2024;3;Secretaria de Assuntos Jurídicos e Patrimônio;2213381.53;1489599.17;128;118;18757.47
2024;3;Secretaria da Fazenda;2038731.61;1431855.12;195;167;12207.97
2024;3;Secretaria de Planejamento e Desenvolvimento Urbano;1827580.77;1294469.06;206;190;9618.85
2024;3;Secretaria de Serviços Públicos e Obras;1527323.19;1101870.78;147;137;11148.34
2024;3;Secretaria de Governo;1518345.73;1060626.01;140;130;11679.58
2024;3;Secretaria do Meio Ambiente, Parques e Jardins;1285875.54;924461.74;148;130;9891.35
2024;3;Inativos e Pensionistas (Encargos);1249543.15;707389.87;247;247;5058.88
2024;3;Secretaria de Recursos Humanos;1061896.55;751797.4;132;120;8849.14
2024;3;Secretaria de Gabinete Central;1018198.13;706724.91;77;74;13759.43
2024;3;Secretaria de Esportes e Lazer;870575.42;584610.86;84;81;10747.84
2024;3;Secretaria de Cultura;567328.13;406867.09;74;64;8864.5
2024;3;Secretaria de Comunicação;396335.79;294729.22;35;31;12785.03
2024;3;Secretaria da Habitação e Regularização Fundiária;378877.49;268245.32;38;37;10239.93
2024;3;Secretaria de Relações do Trabalho e Qualificação Profissional;360527.83999999997;248786.15;40;39;9244.3
2024;3;Secretaria de Desenvolvimento Econômico, Trabalho e Turismo;347796.92;250580.24;32;31;11219.26
2024;3;Secretaria de Mobilidade;300259.05;210936.37;31;30;10008.64
2024;3;Secretaria de Relações Institucionais e Metropolitanas;133313.15;96163.2;10;9;14812.57
2024;4;Secretaria da Educação;44270319.95;29232179.33;8005;7757;5707.14
2024;4;Secretaria da Saúde;29858772.5;20498835.51;3113;2607;11453.31
2024;4;Secretaria de Segurança Urbana;4377779.51;2730941.23;409;371;11799.94
2024;4;Secretaria da Cidadania;2517602.92;1860260.44;316;280;8991.44
2024;4;Secretaria de Administração;2387186.43;1684599.75;329;289;8260.16
2024;4;Secretaria de Assuntos Jurídicos e Patrimônio;2077493.38;1433290.53;138;121;17169.37
2024;4;Secretaria de Governo;1926006.48;1548261.48;147;141;13659.62
2024;4;Secretaria da Fazenda;1768608.65;1204184.2;197;167;10590.47
2024;4;Secretaria de Planejamento e Desenvolvimento Urbano;1683461.65;1198012.01;216;195;8633.14
2024;4;Secretaria de Serviços Públicos e Obras;1585638.66;1212837.34;148;140;11325.99
2024;4;Secretaria do Meio Ambiente, Parques e Jardins;1278941.56;973392.52;149;135;9473.64
2024;4;Secretaria de Gabinete Central;1172771.98;914143.35;86;82;14302.1
2024;4;Inativos e Pensionistas (Encargos);1147594.79;620470.51;258;246;4665.02
2024;4;Secretaria de Recursos Humanos;1078829.88;791990.52;143;125;8630.64
2024;4;Secretaria de Esportes e Lazer;1007972.97;732529.96;93;86;11720.62
2024;4;Secretaria de Cultura;553721.82;411273.39;73;68;8142.97
2024;4;Secretaria de Comunicação;542125.33;459311.29;39;36;15059.04
2024;4;Secretaria da Habitação e Regularização Fundiária;430044.29;325254.38;51;42;10239.15
2024;4;Secretaria de Relações do Trabalho e Qualificação Profissional;407503.42;299287.21;50;41;9939.11
2024;4;Secretaria de Mobilidade;349812.09;268552.45;38;34;10288.59
2024;4;Secretaria de Desenvolvimento Econômico, Trabalho e Turismo;324472.53;237967.19;35;32;10139.77
2024;4;Secretaria de Relações Institucionais e Metropolitanas;266429.56;228660.33;17;15;17761.97
2024;5;Secretaria da Educação;44702873.12;29594093.169999998;8156;7943;5627.96
2024;5;Secretaria da Saúde;29034589.74;19455624.34;2891;2596;11184.36
2024;5;Secretaria de Segurança Urbana;4517305.14;2898455.56;403;370;12208.93
2024;5;Secretaria da Cidadania;2460974.94;1771058.28;332;274;8981.66
2024;5;Secretaria de Administração;2346332.84;1625291.42;320;292;8035.39
2024;5;Secretaria de Assuntos Jurídicos e Patrimônio;2198475.48;1530805.97;130;118;18631.15
2024;5;Secretaria da Fazenda;2079698.31;1417139.23;183;166;12528.3
2024;5;Secretaria de Planejamento e Desenvolvimento Urbano;1650321.09;1140515.84;229;192;8595.42
2024;5;Secretaria de Governo;1306940.33;950821.92;128;121;10801.16
2024;5;Secretaria de Serviços Públicos e Obras;1274761.19;898557.76;145;132;9657.28
2024;5;Inativos e Pensionistas (Encargos);1127065.15;610300.33;245;241;4676.62
2024;5;Secretaria de Recursos Humanos;1077129.3599999999;783558.54;141;125;8617.03
2024;5;Secretaria do Meio Ambiente, Parques e Jardins;1030328.81;709727.39;142;127;8112.83
2024;5;Secretaria de Gabinete Central;823685.46;564113.12;86;75;10982.47
2024;5;Secretaria de Esportes e Lazer;798364.8;520392.77;98;83;9618.85
2024;5;Secretaria de Cultura;571107.24;432457.6;73;68;8398.64
2024;5;Secretaria da Habitação e Regularização Fundiária;369121.32;265049.77;42;39;9464.65
2024;5;Secretaria de Mobilidade;348829.69;274661.68;38;35;9966.56
2024;5;Secretaria de Desenvolvimento Econômico, Trabalho e Turismo;343195.59;259526.43;36;34;10093.99
2024;5;Secretaria de Comunicação;338059.83999999997;235082.91999999998;33;30;11268.66
2024;5;Secretaria de Relações do Trabalho e Qualificação Profissional;318383.94;216762.26;50;43;7404.28
2024;5;Secretaria de Relações Institucionais e Metropolitanas;153241.75;111568.91;13;12;12770.15
2024;6;Secretaria da Educação;44361096.75;29234628.57;8136;7977;5561.13
2024;6;Secretaria da Saúde;28911650.16;19601480.15;2916;2597;11132.71
2024;6;Secretaria de Segurança Urbana;4344058.32;2724299.15;398;367;11836.67
2024;6;Secretaria da Cidadania;2446898.43;1794119.82;294;272;8995.95
2024;6;Secretaria de Administração;2334038.6;1630992.68;323;286;8160.97
2024;6;Secretaria de Assuntos Jurídicos e Patrimônio;2101645.99;1499484.7;127;118;17810.56
2024;6;Secretaria da Fazenda;1817159.97;1234071.28;196;165;11013.09
2024;6;Secretaria de Planejamento e Desenvolvimento Urbano;1622555.42;1128755.45;222;191;8495.05
2024;6;Secretaria de Serviços Públicos e Obras;1198740.33;823699.58;146;133;9013.09
2024;6;Secretaria de Governo;1151698.19;838362.76;120;114;10102.62
2024;6;Inativos e Pensionistas (Encargos);1126123.12;611528.64;241;241;4672.71
2024;6;Secretaria do Meio Ambiente, Parques e Jardins;1086925.77;778953.16;139;125;8695.41
2024;6;Secretaria de Recursos Humanos;1025082.04;725650.54;141;126;8135.57
2024;6;Secretaria de Esportes e Lazer;920646.64;654046.77;98;86;10705.19
2024;6;Secretaria de Gabinete Central;917530.73;651723.6;88;76;12072.77
2024;6;Secretaria de Cultura;552060.78;417260.11;76;65;8493.24
2024;6;Secretaria da Habitação e Regularização Fundiária;376594.3;273191.31;43;40;9414.86
2024;6;Secretaria de Comunicação;338392.36;246597.55000000002;34;31;10915.88
2024;6;Secretaria de Relações do Trabalho e Qualificação Profissional;328956.75;227714.59;46;42;7832.3
2024;6;Secretaria de Desenvolvimento Econômico, Trabalho e Turismo;303595.33;219253.1;38;34;8929.27
2024;6;Secretaria de Mobilidade;264409.71;187961.44;36;34;7776.76
2024;6;Secretaria de Relações Institucionais e Metropolitanas;156523.06;113377.36;13;13;12040.24
2024;6;Chefia do Poder Executivo;134426.85;89743.4;7;7;19203.84
2024;7;Secretaria da Educação;44951105.1;29761902.14;8230;7992;5624.51
2024;7;Secretaria da Saúde;30183849.38;20707366.42;3579;2590;11654.0
2024;7;Secretaria de Segurança Urbana;4636975.53;2987051.52;421;366;12669.33
2024;7;Secretaria de Administração;2451677.76;1741619.19;335;281;8724.83
2024;7;Secretaria da Cidadania;2399598.98;1762877.73;322;271;8854.61
2024;7;Secretaria de Assuntos Jurídicos e Patrimônio;1992668.78;1372854.78;153;115;17327.55
2024;7;Secretaria da Fazenda;1833074.26;1257885.47;201;166;11042.62
2024;7;Secretaria de Planejamento e Desenvolvimento Urbano;1768946.3;1285835.98;237;192;9213.26
2024;7;Secretaria de Governo;1292040.73;950066.35;136;112;11536.08
2024;7;Secretaria de Serviços Públicos e Obras;1206408.08;840355.2;154;132;9139.46
2024;7;Secretaria do Meio Ambiente, Parques e Jardins;1130203.11;822968.67;155;127;8899.24
2024;7;Inativos e Pensionistas (Encargos);1110933.42;602686.71;237;237;4687.48
2024;7;Secretaria de Recursos Humanos;984266.0;712471.34;146;126;7811.63
2024;7;Secretaria de Gabinete Central;833127.2999999999;592720.71;87;75;11108.36
2024;7;Secretaria de Esportes e Lazer;824104.47;573410.48;107;89;9259.6
2024;7;Secretaria de Cultura;400830.35;266573.56;71;69;5809.14
2024;7;Secretaria da Habitação e Regularização Fundiária;346752.72;254618.81;41;40;8668.82
2024;7;Secretaria de Comunicação;325239.55;234155.3;35;33;9855.74
2024;7;Secretaria de Relações do Trabalho e Qualificação Profissional;323763.29;222291.85;51;41;7896.67
2024;7;Secretaria de Desenvolvimento Econômico, Trabalho e Turismo;304943.89;214616.57;41;34;8968.94
2024;7;Secretaria de Mobilidade;249296.41;167556.71;40;38;6560.43
2024;7;Secretaria de Relações Institucionais e Metropolitanas;161240.66;114046.56;14;13;12403.13
2024;7;Chefia do Poder Executivo;153730.41;104707.73;8;7;21961.49
2024;8;Secretaria da Educação;43030796.87;27961247.01;7868;7573;5682.13
2024;8;Secretaria da Saúde;28230920.41;19115685.4;2979;2602;10849.7
2024;8;Secretaria de Segurança Urbana;4719416.53;3012235.86;392;364;12965.43
2024;8;Secretaria da Cidadania;2409472.86;1755934.29;318;274;8793.7
2024;8;Secretaria de Administração;2347476.73;1633383.81;317;285;8236.76
2024;8;Secretaria da Fazenda;1860238.6;1269501.98;205;170;10942.58
2024;8;Secretaria de Assuntos Jurídicos e Patrimônio;1694798.1;1140306.36;135;119;14242.0
2024;8;Secretaria de Planejamento e Desenvolvimento Urbano;1536191.34;1064720.32;207;186;8259.09
2024;8;Secretaria de Serviços Públicos e Obras;1222295.62;852131.33;159;141;8668.76
2024;8;Inativos e Pensionistas (Encargos);1101651.31;596944.32;235;235;4687.88
2024;8;Secretaria de Governo;1098712.18;791547.87;133;116;9471.66
2024;8;Secretaria do Meio Ambiente, Parques e Jardins;1021951.25;710748.35;138;128;7983.99
2024;8;Secretaria de Recursos Humanos;980132.4299999999;694829.9;141;131;7481.93
2024;8;Secretaria de Gabinete Central;846005.19;612265.74;87;76;11131.65
2024;8;Secretaria de Esportes e Lazer;808678.36;544838.2;95;92;8789.98
2024;8;Secretaria de Cultura;447603.72;307041.89;78;72;6216.72
2024;8;Secretaria da Habitação e Regularização Fundiária;360365.94;258183.06;43;39;9240.15
2024;8;Secretaria de Comunicação;346505.23;256063.67;36;34;10191.33
2024;8;Secretaria de Desenvolvimento Econômico, Trabalho e Turismo;345836.12;257860.53;41;36;9606.56
2024;8;Secretaria de Relações do Trabalho e Qualificação Profissional;322088.68;218552.23;49;44;7320.2
2024;8;Secretaria de Mobilidade;271114.79;186121.75;43;42;6455.11
2024;8;Chefia do Poder Executivo;178614.09;123992.37;10;7;25516.3
2024;8;Secretaria de Relações Institucionais e Metropolitanas;136950.73;106593.15;13;10;13695.07
2024;9;Secretaria da Educação;45453569.77;30135237.08;8299;8017;5669.65
2024;9;Secretaria da Saúde;28500538.71;19334956.76;2930;2599;10965.96
2024;9;Secretaria de Segurança Urbana;4202413.52;2617450.2;387;361;11641.03
2024;9;Secretaria da Cidadania;2339968.67;1687150.97;300;275;8508.98
2024;9;Secretaria de Administração;2293813.49;1584452.65;310;286;8020.33
2024;9;Secretaria da Fazenda;2063738.6199999999;1385726.18;188;170;12139.64
2024;9;Secretaria de Assuntos Jurídicos e Patrimônio;1801162.48;1202050.37;129;115;15662.28
2024;9;Secretaria de Planejamento e Desenvolvimento Urbano;1618596.36;1115401.96;216;199;8133.65
2024;9;Secretaria de Serviços Públicos e Obras;1263437.63;893466.26;147;138;9155.35
2024;9;Inativos e Pensionistas (Encargos);1122335.64;611689.36;234;234;4796.31
2024;9;Secretaria de Governo;1110580.11;785034.91;120;112;9915.89
2024;9;Secretaria de Recursos Humanos;1065176.83;773809.66;151;132;8069.52
2024;9;Secretaria do Meio Ambiente, Parques e Jardins;1053644.44;736589.68;136;129;8167.79
2024;9;Secretaria de Gabinete Central;818769.0;593507.67;82;72;11371.79
2024;9;Secretaria de Esportes e Lazer;783590.05;521051.12;95;90;8706.56
2024;9;Secretaria de Cultura;486596.74;336041.11;79;73;6665.71
2024;9;Secretaria da Habitação e Regularização Fundiária;361732.4;260728.81;45;40;9043.31
2024;9;Secretaria de Comunicação;360934.24;271378.31;38;32;11279.2
2024;9;Secretaria de Desenvolvimento Econômico, Trabalho e Turismo;325696.63;237353.86;39;36;9047.13
2024;9;Secretaria de Relações do Trabalho e Qualificação Profissional;312583.32;214668.02;53;44;7104.17
2024;9;Secretaria de Mobilidade;238209.38;157262.25;41;38;6268.67
2024;9;Secretaria de Relações Institucionais e Metropolitanas;138528.2;108277.11;11;10;13852.82
2024;9;Chefia do Poder Executivo;121783.88;82131.09;8;7;17397.7
2024;10;Secretaria da Educação;45725641.98;30394124.13;8299;8099;5645.84
2024;10;Secretaria da Saúde;28253774.61;19046631.99;2905;2597;10879.39
2024;10;Secretaria de Segurança Urbana;4236437.38;2634899.98;386;363;11670.63
2024;10;Secretaria de Assuntos Jurídicos e Patrimônio;2559734.48;1497929.95;123;113;22652.52
2024;10;Secretaria de Administração;2412093.85;1656308.71;313;290;8317.56
2024;10;Secretaria da Cidadania;2294097.46;1640020.29;300;276;8311.95
2024;10;Secretaria da Fazenda;1780630.66;1190521.0;183;168;10598.99
2024;10;Secretaria de Planejamento e Desenvolvimento Urbano;1690897.31;1203800.85;216;194;8715.97
2024;10;Secretaria de Serviços Públicos e Obras;1246471.89;888857.93;144;134;9302.03
2024;10;Secretaria de Governo;1154792.16;792927.52;117;114;10129.76
2024;10;Inativos e Pensionistas (Encargos);1116450.53;601526.56;232;232;4812.29
2024;10;Secretaria do Meio Ambiente, Parques e Jardins;1074861.14;753679.69;145;127;8463.47
2024;10;Secretaria de Recursos Humanos;1041214.63;746904.42;152;132;7887.99
2024;10;Secretaria de Esportes e Lazer;814726.15;547524.19;98;92;8855.72
2024;10;Secretaria de Gabinete Central;787706.83;561904.36;81;74;10644.69
2024;10;Secretaria de Cultura;480377.84;335603.62;75;73;6580.52
2024;10;Secretaria da Habitação e Regularização Fundiária;373643.52999999997;271541.79;44;40;9341.09
2024;10;Secretaria de Comunicação;350082.14;260097.52;38;33;10608.55
2024;10;Secretaria de Relações do Trabalho e Qualificação Profissional;320906.22;220442.13999999998;45;44;7293.32
2024;10;Secretaria de Desenvolvimento Econômico, Trabalho e Turismo;314913.27;226268.76;37;36;8747.59
2024;10;Secretaria de Mobilidade;245783.85;162651.06;41;39;6302.15
2024;10;Chefia do Poder Executivo;126306.01999999999;82345.75;7;7;18043.72
2024;10;Secretaria de Relações Institucionais e Metropolitanas;114662.17;86491.5;12;11;10423.83
2024;11;Secretaria da Educação;77760337.72;46020140.45;13288;7969;9757.85
2024;11;Secretaria da Saúde;45714960.29;27777417.3;5397;2607;17535.47
2024;11;Secretaria de Segurança Urbana;7496647.78;4352281.6;743;366;20482.64
2024;11;Secretaria de Administração;4074251.82;2521423.48;542;286;14245.64
2024;11;Secretaria da Cidadania;4042562.53;2506896.06;563;273;14807.92
2024;11;Secretaria de Assuntos Jurídicos e Patrimônio;3696095.88;2159130.23;232;114;32421.89
2024;11;Secretaria da Fazenda;3021423.38;1836194.17;354;166;18201.35
2024;11;Secretaria de Planejamento e Desenvolvimento Urbano;2782398.38;1738882.2;358;192;14491.66
2024;11;Secretaria de Serviços Públicos e Obras;2024074.89;1250905.16;276;135;14993.15
2024;11;Inativos e Pensionistas (Encargos);1951563.9;930883.83;436;231;8448.33
2024;11;Secretaria de Governo;1886026.77;1169157.13;195;108;17463.21
2024;11;Secretaria do Meio Ambiente, Parques e Jardins;1878673.3;1177630.05;247;129;14563.36
2024;11;Secretaria de Recursos Humanos;1839066.33;1165994.66;257;134;13724.38
2024;11;Secretaria de Gabinete Central;1455264.0;897086.72;149;77;18899.53
2024;11;Secretaria de Esportes e Lazer;1288225.58;753081.43;166;90;14313.62
2024;11;Secretaria de Cultura;785354.92;484654.38;124;71;11061.34
2024;11;Secretaria da Habitação e Regularização Fundiária;602960.27;372378.46;73;39;15460.52
2024;11;Secretaria de Desenvolvimento Econômico, Trabalho e Turismo;600757.71;404450.13;65;37;16236.69
2024;11;Secretaria de Comunicação;557290.74;354259.36;62;32;17415.34
2024;11;Secretaria de Relações do Trabalho e Qualificação Profissional;501499.75;301381.37;80;44;11397.72
2024;11;Secretaria de Mobilidade;464899.44;286371.19;65;39;11920.5
2024;11;Secretaria de Relações Institucionais e Metropolitanas;211523.64;136047.84;23;11;19229.42
2024;11;Chefia do Poder Executivo;206474.44;121572.39;12;7;29496.35
2024;12;Secretaria da Educação;78301583.8;36369695.4;13177;7880;9936.75
2024;12;Secretaria da Saúde;52832868.21;27337274.98;5671;2601;20312.52
2024;12;Secretaria de Segurança Urbana;7672018.08;3468190.45;714;362;21193.42
2024;12;Secretaria de Administração;4268883.32;2148656.72;566;285;14978.54
2024;12;Secretaria da Cidadania;4200296.96;2117096.78;620;274;15329.55
2024;12;Secretaria de Assuntos Jurídicos e Patrimônio;4055388.04;1924039.99;239;112;36208.82
2024;12;Secretaria da Fazenda;3330095.4;1709535.84;368;166;20060.82
2024;12;Secretaria de Planejamento e Desenvolvimento Urbano;2846579.86;1409031.1;382;191;14903.56
2024;12;Secretaria de Serviços Públicos e Obras;2179004.97;1130568.39;287;135;16140.78
2024;12;Inativos e Pensionistas (Encargos);2164432.86;852495.59;429;228;9493.13
2024;12;Secretaria de Governo;1973058.96;990607.05;204;111;17775.31
2024;12;Secretaria de Recursos Humanos;1948537.25;1095280.69;270;133;14650.66
2024;12;Secretaria do Meio Ambiente, Parques e Jardins;1905856.81;962870.53;251;125;15246.85
2024;12;Secretaria de Esportes e Lazer;1454252.95;719900.75;182;90;16158.37
2024;12;Secretaria de Gabinete Central;1442805.28;707145.21;159;76;18984.28
2024;12;Secretaria de Cultura;777203.58;384903.79;124;71;10946.53
2024;12;Secretaria da Habitação e Regularização Fundiária;661768.4;344236.04;80;41;16140.69
2024;12;Secretaria de Comunicação;588289.89;305074.10000000003;62;32;18384.06
2024;12;Secretaria de Relações do Trabalho e Qualificação Profissional;560456.77;269554.93;85;44;12737.65
2024;12;Secretaria de Desenvolvimento Econômico, Trabalho e Turismo;501332.17;264261.77;70;36;13925.89
2024;12;Secretaria de Mobilidade;496256.41;246043.91;69;40;12406.41
2024;12;Chefia do Poder Executivo;315628.64;198678.38;13;7;45089.81
2024;12;Secretaria de Relações Institucionais e Metropolitanas;210713.83;113489.31;22;11;19155.8
2025;1;Secretaria da Educação;53165063.28;35833809.04;11728;7326;7257.04
2025;1;Secretaria da Saúde;27457839.33;18264996.18;2883;2590;10601.48
2025;1;Secretaria de Segurança Urbana;4191643.44;2624514.18;398;363;11547.23
2025;1;Secretaria de Administração;2535623.46;1804596.74;310;288;8804.25
2025;1;Secretaria de Assuntos Jurídicos e Patrimônio;2503752.01;1587686.75;130;112;22354.93
2025;1;Secretaria da Cidadania;2221439.98;1570484.35;303;276;8048.7
2025;1;Secretaria da Fazenda;1727819.66;1152857.16;182;165;10471.63
2025;1;Secretaria de Planejamento e Desenvolvimento Urbano;1639488.33;1143560.98;202;193;8494.76
2025;1;Secretaria de Serviços Públicos e Obras;1211555.08;867798.3;141;134;9041.46
2025;1;Secretaria do Meio Ambiente, Parques e Jardins;1077923.19;757177.72;138;129;8355.99
2025;1;Inativos e Pensionistas (Encargos);1075154.34;567994.6;225;225;4778.46
2025;1;Secretaria de Recursos Humanos;1068275.45;771546.15;153;129;8281.21
2025;1;Secretaria de Governo;1043079.58;721078.29;117;107;9748.41
2025;1;Secretaria de Esportes e Lazer;837722.57;551551.03;102;90;9308.03
2025;1;Secretaria de Gabinete Central;817263.52;573326.97;73;70;11675.19
2025;1;Secretaria de Cultura;423217.12;302557.83;71;66;6412.38
2025;1;Secretaria da Habitação e Regularização Fundiária;363995.82;260691.7;43;40;9099.9
2025;1;Secretaria de Relações do Trabalho e Qualificação Profissional;333962.51;222025.98;58;54;6184.49
2025;1;Secretaria de Comunicação;320944.19;237567.2;33;29;11067.04
2025;1;Secretaria de Desenvolvimento Econômico, Trabalho e Turismo;299560.69;222132.41;41;36;8321.13
2025;1;Secretaria de Mobilidade;271807.27;181111.22;43;41;6629.45
2025;1;Secretaria de Relações Institucionais e Metropolitanas;174480.32;133976.80000000002;13;11;15861.85
2025;1;Chefia do Poder Executivo;142833.09;95902.62;7;7;20404.73
2025;1;Secretaria de Inclusão e Transtorno do Espectro Autista;11745.2;8721.35;1;1;11745.2
2025;2;Secretaria da Educação;41786471.26;26384784.77;5907;5810;7192.16
2025;2;Secretaria da Saúde;30010552.07;20207446.98;3028;2620;11454.41
2025;2;Secretaria de Segurança Urbana;4649408.5;2940812.39;442;408;11395.61
2025;2;Secretaria da Cidadania;2499378.05;1761257.44;314;280;8926.35
2025;2;Secretaria de Assuntos Jurídicos e Patrimônio;2254530.03;1457371.68;130;116;19435.6
2025;2;Secretaria da Fazenda;1813042.32;1210206.24;189;164;11055.14
2025;2;Secretaria de Planejamento e Desenvolvimento Urbano;1614838.35;1115795.2;209;185;8728.86
2025;2;Secretaria de Administração;1455878.39;1036155.4;213;194;7504.53
2025;2;Secretaria de Serviços Públicos e Obras;1380707.86;990284.08;156;139;9933.15
2025;2;Secretaria de Gabinete Central;1357749.82;921444.0;132;120;11314.58
2025;2;Secretaria de Governo;1284192.68;924477.61;123;115;11166.89
2025;2;Secretaria do Meio Ambiente, Parques e Jardins;1125731.95;796803.45;145;127;8864.03
2025;2;Inativos e Pensionistas (Encargos);1121971.7;599584.24;227;227;4942.61
2025;2;Secretaria de Recursos Humanos;1045937.83;734475.39;147;126;8301.09
2025;2;Secretaria de Esportes e Lazer;893395.33;573607.33;103;98;9116.28
2025;2;Secretaria de Parcerias;464041.28;327823.52;47;41;11318.08
2025;2;Secretaria de Cultura;442086.86;313057.33;73;69;6407.06
2025;2;Secretaria da Habitação e Regularização Fundiária;398361.98;294561.93;44;38;10483.21
2025;2;Secretaria de Relações do Trabalho e Qualificação Profissional;372970.02;256239.81;60;52;7172.5
2025;2;Secretaria de Comunicação;355028.97;259587.94;37;34;10442.03
2025;2;Secretaria de Mobilidade;286192.03;191121.24;45;42;6814.1
2025;2;Secretaria de Desenvolvimento Econômico, Trabalho e Turismo;162456.18;114331.47;17;16;10153.51
2025;2;Secretaria de Turismo;159586.02000000002;111157.16;17;17;9387.41
2025;2;Secretaria de Relações Institucionais e Metropolitanas;149782.43;105159.36;13;11;13616.58
2025;2;Chefia do Poder Executivo;131156.47;86685.20999999999;6;6;21859.41
2025;2;Secretaria de Inclusão e Transtorno do Espectro Autista;84733.59999999999;61558.840000000004;7;7;12104.8
2025;2;Secretaria da Mulher;54709.63;39192.29;5;5;10941.93
2025;2;Secretaria de Empreendedorismo da Micro e Pequena Empresa;39148.21;24775.43;3;3;13049.4
2025;3;Secretaria da Educação;57735136.25;37568376.28;13233;8148;7085.8
2025;3;Secretaria da Saúde;33967178.25;22467035.58;5505;2617;12979.43
2025;3;Secretaria de Segurança Urbana;5891978.7;3703532.59;881;457;12892.73
2025;3;Secretaria da Cidadania;2820515.11;1914819.49;574;276;10219.26
2025;3;Secretaria de Assuntos Jurídicos e Patrimônio;2565791.7;1679633.36;237;114;22506.94
2025;3;Secretaria da Fazenda;2181636.09;1420699.67;347;163;13384.27
2025;3;Secretaria de Planejamento e Desenvolvimento Urbano;1955445.89;1320803.04;355;182;10744.21
2025;3;Secretaria de Administração;1679995.65;1164098.32;339;185;9081.06
2025;3;Secretaria de Gabinete Central;1672097.1;1114427.0;251;124;13484.65
2025;3;Secretaria de Serviços Públicos e Obras;1598843.11;1123337.3800000001;280;138;11585.82
2025;3;Secretaria de Governo;1490171.9;1027227.5599999999;204;114;13071.68
2025;3;Secretaria do Meio Ambiente, Parques e Jardins;1357594.17;929101.02;230;119;11408.35
2025;3;Secretaria de Recursos Humanos;1317874.3699999999;914105.41;250;125;10542.99
2025;3;Inativos e Pensionistas (Encargos);1196757.42;637419.04;419;223;5366.63
2025;3;Secretaria de Esportes e Lazer;1148666.97;751193.15;180;96;11965.28
2025;3;Secretaria de Parcerias;582868.59;404671.63;89;41;14216.31
2025;3;Secretaria de Cultura;531291.93;369491.77;124;68;7813.12
2025;3;Secretaria da Habitação e Regularização Fundiária;469683.24;322466.71;78;40;11742.08
2025;3;Secretaria de Comunicação;385388.4;264620.91;62;33;11678.44
2025;3;Secretaria de Mobilidade;374904.65;241983.15;68;40;9372.62
2025;3;Secretaria de Relações do Trabalho e Qualificação Profissional;364368.51;234448.43;74;41;8887.04
2025;3;Secretaria de Desenvolvimento Econômico, Trabalho e Turismo;225081.37;151516.35;32;16;14067.59
2025;3;Secretaria de Relações Institucionais e Metropolitanas;224573.32;159421.27000000002;23;12;18714.44
2025;3;Secretaria de Empreendedorismo da Micro e Pequena Empresa;181031.86000000002;121171.72;33;17;10648.93
2025;3;Chefia do Poder Executivo;146684.37;95545.73000000001;9;6;24447.4
2025;3;Secretaria da Mulher;127825.68;84507.85;15;7;18260.81
2025;3;Secretaria de Turismo;112468.14;79520.89;17;11;10224.38
2025;3;Secretaria de Inclusão e Transtorno do Espectro Autista;108262.27;75592.92;12;7;15466.04
2025;4;Secretaria da Educação;49660708.43;32107650.86;8036;7784;6379.84
2025;4;Secretaria da Saúde;30154046.49;20168612.73;3051;2612;11544.43
2025;4;Secretaria de Segurança Urbana;5043603.5;3227277.4899999998;485;456;11060.53
2025;4;Secretaria da Cidadania;2472825.08;1705026.37;311;272;9091.27
2025;4;Secretaria de Assuntos Jurídicos e Patrimônio;2250033.95;1459181.42;127;112;20089.59
2025;4;Secretaria da Fazenda;1950381.84;1310506.0;193;161;12114.17
2025;4;Secretaria de Planejamento e Desenvolvimento Urbano;1704188.26;1166153.92;218;183;9312.5
2025;4;Secretaria de Gabinete Central;1580060.31;1082547.06;145;124;12742.42
2025;4;Secretaria de Administração;1495565.09;1056984.72;203;179;8355.11
2025;4;Secretaria de Serviços Públicos e Obras;1340833.16;945750.97;147;133;10081.45
2025;4;Secretaria de Governo;1314434.79;923877.47;124;113;11632.17
2025;4;Secretaria de Recursos Humanos;1210244.48;841632.01;142;126;9605.11
2025;4;Secretaria do Meio Ambiente, Parques e Jardins;1174518.62;817520.3200000001;135;120;9787.66
2025;4;Inativos e Pensionistas (Encargos);1103402.18;591660.7;223;223;4947.99
2025;4;Secretaria de Esportes e Lazer;994585.55;653596.28;105;98;10148.83
2025;4;Secretaria de Parcerias;487265.64;346553.89;49;42;11601.56
2025;4;Secretaria de Cultura;473397.63;337358.5;74;68;6961.73
2025;4;Secretaria de Comunicação;453671.46;309023.68;39;33;13747.62
2025;4;Secretaria da Habitação e Regularização Fundiária;378545.31;262600.13;47;42;9012.98
2025;4;Secretaria de Mobilidade;341343.07;238415.36;42;38;8982.71
2025;4;Secretaria de Relações do Trabalho e Qualificação Profissional;312251.87;205354.28;50;44;7096.63
2025;4;Secretaria de Empreendedorismo da Micro e Pequena Empresa;209886.81;134885.12;23;21;9994.61
2025;4;Secretaria de Desenvolvimento Econômico, Trabalho e Turismo;199043.82;137328.14;16;16;12440.24
2025;4;Secretaria de Relações Institucionais e Metropolitanas;183236.36000000002;127539.58;14;12;15269.7
2025;4;Secretaria da Mulher;145931.9;96442.48999999999;9;9;16214.66
2025;4;Chefia do Poder Executivo;137983.89;88156.48999999999;6;6;22997.32
2025;4;Secretaria de Inclusão e Transtorno do Espectro Autista;130046.22;92419.01;9;9;14449.58
2025;4;Secretaria de Turismo;125071.35;83094.55;13;12;10422.61
2025;5;Secretaria da Educação;50127912.13;32372970.04;8143;7817;6412.68
2025;5;Secretaria da Saúde;30530113.06;20567536.88;3115;2731;11179.1
2025;5;Secretaria de Segurança Urbana;4990101.39;3145555.07;496;456;10943.2
2025;5;Secretaria da Cidadania;2600474.62;1793861.71;350;273;9525.55
2025;5;Secretaria da Fazenda;2188680.26;1540694.44;214;164;13345.61
2025;5;Secretaria de Assuntos Jurídicos e Patrimônio;2057532.12;1351120.12;131;118;17436.71
2025;5;Secretaria de Planejamento e Desenvolvimento Urbano;1830411.95;1266182.33;221;193;9484.0
2025;5;Secretaria de Gabinete Central;1559217.88;1078526.26;161;128;12181.39
2025;5;Secretaria de Administração;1427811.77;1004412.4;210;181;7888.46
2025;5;Secretaria de Serviços Públicos e Obras;1315597.44;925481.82;150;136;9673.51
2025;5;Secretaria de Governo;1269317.34;893759.82;129;116;10942.39
2025;5;Secretaria de Recursos Humanos;1198944.44;846420.38;157;129;9294.14
2025;5;Secretaria do Meio Ambiente, Parques e Jardins;1147651.06;784035.29;148;121;9484.72
2025;5;Inativos e Pensionistas (Encargos);1100378.67;583576.15;217;217;5070.87
2025;5;Secretaria de Esportes e Lazer;949798.26;614705.4;104;95;9997.88
2025;5;Secretaria de Comunicação;519656.23;367149.22000000003;39;33;15747.16
2025;5;Secretaria de Parcerias;510035.04;366187.81;59;48;10625.73
2025;5;Secretaria de Cultura;454717.27;319459.05;82;72;6315.52
2025;5;Secretaria da Habitação e Regularização Fundiária;419285.38;296174.32;53;43;9750.82
2025;5;Secretaria de Mobilidade;333552.71;224018.38;50;41;8135.43
2025;5;Secretaria de Relações do Trabalho e Qualificação Profissional;309478.22;202761.53;50;48;6447.46
2025;5;Secretaria de Empreendedorismo da Micro e Pequena Empresa;207689.36000000002;133557.78;23;21;9889.97
2025;5;Secretaria de Desenvolvimento Econômico, Trabalho e Turismo;202352.01;142006.76;18;16;12647.0
2025;5;Secretaria de Relações Institucionais e Metropolitanas;198203.88999999998;141092.9;15;13;15246.45
2025;5;Secretaria da Mulher;167620.74;116885.23999999999;11;10;16762.07
2025;5;Chefia do Poder Executivo;150515.57;99523.18;7;7;21502.22
2025;5;Secretaria de Inclusão e Transtorno do Espectro Autista;137816.19;99880.73;12;11;12528.74
2025;5;Secretaria de Turismo;122372.48;80998.18000000001;14;13;9413.27
2025;6;Secretaria da Educação;51919078.52;33334463.94;8250;7957;6524.96
2025;6;Secretaria da Saúde;31684933.53;20906646.2;3037;2718;11657.44
2025;6;Secretaria de Segurança Urbana;5506809.39;3534612.87;471;447;12319.48
2025;6;Secretaria da Cidadania;2649433.12;1827027.52;311;271;9776.51
2025;6;Secretaria de Assuntos Jurídicos e Patrimônio;2172909.16;1439955.03;140;120;18107.58
2025;6;Secretaria da Fazenda;2137409.44;1420303.25;188;160;13358.81
2025;6;Secretaria de Planejamento e Desenvolvimento Urbano;1872066.99;1253534.52;222;194;9649.83
2025;6;Secretaria de Gabinete Central;1655039.43;1137391.96;149;130;12731.07
2025;6;Secretaria de Governo;1614380.54;1161011.54;130;119;13566.22
2025;6;Secretaria de Administração;1505809.69;1051884.23;200;177;8507.4
2025;6;Secretaria de Serviços Públicos e Obras;1328816.6300000001;911101.79;155;136;9770.71
2025;6;Secretaria do Meio Ambiente, Parques e Jardins;1265929.36;863999.09;138;123;10292.11
2025;6;Secretaria de Recursos Humanos;1168737.95;812620.03;142;126;9275.7
2025;6;Inativos e Pensionistas (Encargos);1106489.67;594141.56;214;214;5170.51
2025;6;Secretaria de Esportes e Lazer;1006765.1;635860.89;103;94;10710.27
2025;6;Secretaria de Parcerias;521705.0;357005.36;54;47;11100.11
2025;6;Secretaria de Mobilidade;494934.55;320146.22;58;53;9338.39
2025;6;Secretaria de Cultura;481042.93;331256.0;74;70;6872.04
2025;6;Secretaria da Habitação e Regularização Fundiária;412695.01;290201.09;47;42;9826.07
2025;6;Secretaria de Comunicação;411956.86;299270.23;37;33;12483.54
2025;6;Secretaria de Relações do Trabalho e Qualificação Profissional;342808.81;228330.71;51;49;6996.1
2025;6;Secretaria de Desenvolvimento Econômico, Trabalho e Turismo;227458.46;171019.79;17;16;14216.15
2025;6;Secretaria de Empreendedorismo da Micro e Pequena Empresa;216188.41999999998;137056.24;23;21;10294.69
2025;6;Secretaria de Relações Institucionais e Metropolitanas;188460.2;123938.16;14;13;14496.94
2025;6;Secretaria da Mulher;168239.76;117377.86;11;10;16823.98
2025;6;Secretaria de Inclusão e Transtorno do Espectro Autista;162745.09;120118.87;14;12;13562.09
2025;6;Secretaria de Turismo;155101.96;106732.77;16;13;11930.92
2025;6;Chefia do Poder Executivo;136294.18;89783.98;6;6;22715.7
2025;7;Secretaria da Educação;51256003.1;33028330.91;8241;7939;6456.23
2025;7;Secretaria da Saúde;31787175.02;21476943.43;3393;2716;11703.67
2025;7;Secretaria de Segurança Urbana;5635738.88;3716313.3;555;495;11385.33
2025;7;Secretaria da Cidadania;2585563.32;1794919.53;326;274;9436.36
2025;7;Secretaria de Assuntos Jurídicos e Patrimônio;2239239.3;1499309.49;144;116;19303.79
2025;7;Secretaria da Fazenda;2151939.88;1465526.31;198;159;13534.21
2025;7;Secretaria de Planejamento e Desenvolvimento Urbano;1918383.05;1364371.77;238;193;9939.81
2025;7;Secretaria de Gabinete Central;1826681.47;1287536.59;159;132;13838.5
2025;7;Secretaria de Governo;1755215.6400000001;1303977.31;143;124;14154.96
2025;7;Secretaria de Administração;1504274.55;1050268.37;207;175;8595.85
2025;7;Secretaria de Serviços Públicos e Obras;1355570.12;937975.41;154;136;9967.43
2025;7;Secretaria do Meio Ambiente, Parques e Jardins;1217314.33;844049.36;145;123;9896.86
2025;7;Secretaria de Recursos Humanos;1204731.55;848666.81;158;125;9637.85
2025;7;Inativos e Pensionistas (Encargos);1108889.7;596996.14;214;214;5181.73
2025;7;Secretaria de Esportes e Lazer;1041586.73;691351.84;115;95;10964.07
2025;7;Secretaria de Parcerias;542560.04;387723.53;54;49;11072.65
2025;7;Secretaria de Cultura;477962.53;333954.76;71;66;7241.86
2025;7;Secretaria de Mobilidade;468036.93;312483.55;57;53;8830.89
2025;7;Secretaria da Habitação e Regularização Fundiária;424559.58;312935.68;44;40;10613.99
2025;7;Secretaria de Comunicação;391512.55;279292.15;36;34;11515.08
2025;7;Secretaria de Relações do Trabalho e Qualificação Profissional;361432.95;245263.67;65;58;6231.6
2025;7;Secretaria de Empreendedorismo da Micro e Pequena Empresa;247214.7;167948.91999999998;27;21;11772.13
2025;7;Secretaria de Relações Institucionais e Metropolitanas;196345.01;131021.65;14;13;15103.46
2025;7;Secretaria de Desenvolvimento Econômico, Trabalho e Turismo;171252.23;123018.25;17;14;12232.3
2025;7;Secretaria de Inclusão e Transtorno do Espectro Autista;165883.43;122474.25;15;12;13823.62
2025;7;Secretaria da Mulher;164719.69;113522.14;10;9;18302.19
2025;7;Secretaria de Turismo;162757.33;121425.41;16;14;11625.52
2025;7;Chefia do Poder Executivo;160238.71;113192.45000000001;6;6;26706.45
2025;8;Secretaria da Educação;49739907.77;31631571.41;7808;7595;6549.03
2025;8;Secretaria da Saúde;30678380.98;20428925.91;3041;2707;11332.98
2025;8;Secretaria de Segurança Urbana;5819482.08;3843399.69;515;488;11925.17
2025;8;Secretaria de Assuntos Jurídicos e Patrimônio;2768664.21;1960547.95;145;121;22881.52
2025;8;Secretaria da Cidadania;2703478.74;1883597.73;313;281;9620.92
2025;8;Secretaria da Fazenda;1957743.72;1309389.44;190;160;12235.9
2025;8;Secretaria de Planejamento e Desenvolvimento Urbano;1888840.53;1327321.84;205;191;9889.22
2025;8;Secretaria de Administração;1683589.57;1194529.16;193;170;9903.47
2025;8;Secretaria de Governo;1652023.25;1198936.84;129;118;14000.2
2025;8;Secretaria de Gabinete Central;1616839.28;1096221.36;151;132;12248.78
2025;8;Secretaria de Serviços Públicos e Obras;1449340.42;1041547.24;161;147;9859.46
2025;8;Secretaria de Recursos Humanos;1224695.62;847155.33;144;125;9797.56
2025;8;Secretaria do Meio Ambiente, Parques e Jardins;1176657.3;792996.18;139;127;9265.02
2025;8;Inativos e Pensionistas (Encargos);1102157.2;593723.39;212;212;5198.85
2025;8;Secretaria de Esportes e Lazer;1084594.39;732401.64;100;93;11662.31
2025;8;Secretaria de Parcerias;549462.51;392489.77;56;51;10773.77
2025;8;Secretaria de Cultura;505618.72;357312.68;77;69;7327.81
2025;8;Secretaria de Mobilidade;501085.75;328088.23;68;57;8790.98
2025;8;Secretaria de Comunicação;445329.4;323728.47;34;32;13916.54
2025;8;Secretaria da Habitação e Regularização Fundiária;401117.88;289840.57;42;38;10555.73
2025;8;Secretaria de Relações do Trabalho e Qualificação Profissional;340479.29;227089.53;65;59;5770.84
2025;8;Secretaria de Empreendedorismo da Micro e Pequena Empresa;206674.47;134085.84;23;21;9841.64
2025;8;Secretaria de Relações Institucionais e Metropolitanas;184938.29;118037.13;13;13;14226.02
2025;8;Secretaria de Turismo;166488.4;120725.44;15;14;11892.03
2025;8;Secretaria da Mulher;160332.32;110483.11;10;9;17814.7
2025;8;Chefia do Poder Executivo;156480.9;109736.95;6;6;26080.15
2025;8;Secretaria de Desenvolvimento Econômico, Trabalho e Turismo;152422.9;105218.97;14;14;10887.35
2025;8;Secretaria de Inclusão e Transtorno do Espectro Autista;146573.35;105945.23;12;12;12214.45
2025;9;Secretaria da Educação;51678368.94;33345207.32;8458;8080;6395.84
2025;9;Secretaria da Saúde;31168371.35;20804187.1;3191;2712;11492.76
2025;9;Secretaria de Segurança Urbana;5649605.1;3754925.61;523;484;11672.74
2025;9;Secretaria da Cidadania;2747408.08;1904656.94;320;286;9606.32
2025;9;Secretaria de Assuntos Jurídicos e Patrimônio;2158335.46;1456562.18;140;121;17837.48
2025;9;Secretaria da Fazenda;2105027.04;1413136.51;186;162;12993.99
2025;9;Secretaria de Governo;1768285.96;1332951.33;129;124;14260.37
2025;9;Secretaria de Planejamento e Desenvolvimento Urbano;1697682.78;1121814.28;202;183;9276.96
2025;9;Secretaria de Gabinete Central;1540100.34;1029855.02;154;136;11324.27
2025;9;Secretaria de Administração;1455007.47;1011315.52;186;168;8660.76
2025;9;Secretaria de Serviços Públicos e Obras;1429983.22;1013689.03;175;148;9662.05
2025;9;Secretaria do Meio Ambiente, Parques e Jardins;1197824.4;812880.8;143;127;9431.69
2025;9;Secretaria de Recursos Humanos;1128582.44;767301.05;143;127;8886.48
2025;9;Inativos e Pensionistas (Encargos);1094068.51;588701.34;190;190;5758.26
2025;9;Secretaria de Esportes e Lazer;1002435.52;653779.33;105;94;10664.21
2025;9;Secretaria de Mobilidade;522441.17;347807.87;61;57;9165.63
2025;9;Secretaria de Parcerias;521970.77999999997;369250.94;56;50;10439.42
2025;9;Secretaria de Cultura;495939.2;352803.24;75;67;7402.08
2025;9;Secretaria de Comunicação;404061.23;282020.91;42;34;11884.15
2025;9;Secretaria da Habitação e Regularização Fundiária;366366.75;259201.84;45;38;9641.23
2025;9;Secretaria de Relações do Trabalho e Qualificação Profissional;341125.47;225872.76;59;57;5984.66
2025;9;Secretaria de Empreendedorismo da Micro e Pequena Empresa;235372.35;155253.56;30;22;10698.74
2025;9;Secretaria de Relações Institucionais e Metropolitanas;202230.95;139222.76;14;13;15556.23
2025;9;Secretaria da Mulher;186731.74;124087.45999999999;12;11;16975.61
2025;9;Secretaria de Desenvolvimento Econômico, Trabalho e Turismo;164522.24;116532.64;18;16;10282.64
2025;9;Chefia do Poder Executivo;161614.73;113705.63;7;7;23087.82
2025;9;Secretaria de Turismo;158961.99;114656.68;14;14;11354.43
2025;9;Secretaria de Inclusão e Transtorno do Espectro Autista;151610.11;109421.41;13;12;12634.18
2025;10;Secretaria da Educação;52097363.76;33585901.74;8355;8206;6348.69
2025;10;Secretaria da Saúde;30005210.94;19731834.07;3124;2701;11108.93
2025;10;Secretaria de Segurança Urbana;5217498.35;3404931.72;507;482;10824.69
2025;10;Secretaria da Cidadania;2661707.19;1817775.19;319;283;9405.33
2025;10;Secretaria de Assuntos Jurídicos e Patrimônio;2136600.1;1429631.47;131;121;17657.85
2025;10;Secretaria da Fazenda;1927531.05;1287155.03;174;160;12047.07
2025;10;Secretaria de Planejamento e Desenvolvimento Urbano;1741011.17;1160771.88;204;185;9410.87
2025;10;Secretaria de Gabinete Central;1679420.54;1127697.65;158;139;12082.16
2025;10;Secretaria de Governo;1514410.41;1072069.36;131;124;12212.99
2025;10;Secretaria de Administração;1489311.85;1025244.9;185;167;8918.04
2025;10;Secretaria de Serviços Públicos e Obras;1368808.84;948711.27;162;146;9375.4
2025;10;Secretaria do Meio Ambiente, Parques e Jardins;1217808.2;828939.75;145;126;9665.14
2025;10;Secretaria de Recursos Humanos;1211955.23;813086.32;144;129;9395.0
2025;10;Inativos e Pensionistas (Encargos);1088006.94;585422.82;188;188;5787.27
2025;10;Secretaria de Esportes e Lazer;1066407.2;695000.91;100;92;11591.38
2025;10;Secretaria de Cultura;532941.03;371165.41;79;71;7506.21
2025;10;Secretaria de Parcerias;513536.02999999997;364559.5;55;50;10270.72
2025;10;Secretaria de Mobilidade;472242.62;296269.79;61;59;8004.11
2025;10;Secretaria de Comunicação;419293.42;303204.05;38;35;11979.81
2025;10;Secretaria da Habitação e Regularização Fundiária;387633.34;279037.72;44;39;9939.32
2025;10;Secretaria de Relações do Trabalho e Qualificação Profissional;344371.69;229031.37;61;58;5937.44
2025;10;Secretaria de Empreendedorismo da Micro e Pequena Empresa;234286.77;158187.07;25;22;10649.4
2025;10;Secretaria de Relações Institucionais e Metropolitanas;180117.12;117491.23;13;12;15009.76
2025;10;Secretaria da Mulher;177919.91;119031.42;12;11;16174.54
2025;10;Secretaria de Desenvolvimento Econômico, Trabalho e Turismo;158292.2;110387.58;16;16;9893.26
2025;10;Secretaria de Inclusão e Transtorno do Espectro Autista;150142.88;107828.38;12;12;12511.91
2025;10;Secretaria de Turismo;145187.91;103763.53;13;13;11168.3
2025;10;Chefia do Poder Executivo;140537.79;92890.69;7;7;20076.83
2025;11;Secretaria da Educação;70033217.81;51488873.49;8425;8116;8629.03
2025;11;Secretaria da Saúde;39811096.33;29547984.17;3047;2697;14761.25
2025;11;Secretaria de Segurança Urbana;6779769.4799999995;4945543.6;508;474;14303.31
2025;11;Secretaria da Cidadania;3602833.2;2755771.94;341;288;12509.84
2025;11;Secretaria de Assuntos Jurídicos e Patrimônio;2952703.53;2230051.19;132;122;24202.49
2025;11;Secretaria da Fazenda;2529041.8;1882268.99;171;158;16006.59
2025;11;Secretaria de Planejamento e Desenvolvimento Urbano;2290412.03;1707121.88;205;186;12314.04
2025;11;Secretaria de Gabinete Central;2152484.27;1629265.33;158;137;15711.56
2025;11;Secretaria de Governo;2041084.68;1605429.14;134;121;16868.47
2025;11;Secretaria de Administração;1873828.39;1418980.06;189;162;11566.84
2025;11;Secretaria de Serviços Públicos e Obras;1810162.16;1387406.32;155;143;12658.48
2025;11;Inativos e Pensionistas (Encargos);1614531.69;897897.1;189;189;8542.5
2025;11;Secretaria do Meio Ambiente, Parques e Jardins;1605327.9;1211990.49;147;123;13051.45
2025;11;Secretaria de Recursos Humanos;1568260.44;1204599.38;142;130;12063.54
2025;11;Secretaria de Esportes e Lazer;1312569.83;948900.5599999999;96;91;14423.84
2025;11;Secretaria de Parcerias;688716.73;546767.15;58;52;13244.55
2025;11;Secretaria de Cultura;662176.82;507682.14999999997;78;71;9326.43
2025;11;Secretaria de Mobilidade;655724.51;480863.77;63;59;11113.97
2025;11;Secretaria da Habitação e Regularização Fundiária;537744.12;425378.81;46;39;13788.31
2025;11;Secretaria de Comunicação;535233.09;427594.60000000003;41;33;16219.18
2025;11;Secretaria de Relações do Trabalho e Qualificação Profissional;467663.15;345059.42;62;61;7666.61
2025;11;Secretaria de Empreendedorismo da Micro e Pequena Empresa;309752.17;236121.76;22;22;14079.64
2025;11;Secretaria de Relações Institucionais e Metropolitanas;284048.09;225686.59;13;12;23670.67
2025;11;Chefia do Poder Executivo;275080.99;223366.49;8;7;39297.28
2025;11;Secretaria de Desenvolvimento Econômico, Trabalho e Turismo;272525.8;224666.43;19;17;16030.93
2025;11;Secretaria da Mulher;256990.87;198867.68;12;11;23362.81
2025;11;Secretaria de Inclusão e Transtorno do Espectro Autista;218890.16999999998;176323.12;13;12;18240.85
2025;11;Secretaria de Turismo;213210.09;167337.5;14;13;16400.78
2025;12;Secretaria da Educação;88943092.6;42984186.81;13385;8019;11091.54
2025;12;Secretaria da Saúde;56475386.67;29131610.38;5734;2703;20893.59
2025;12;Secretaria de Segurança Urbana;9053092.77;4449267.89;935;471;19221.0
2025;12;Secretaria da Cidadania;4795413.71;2359615.16;634;289;16593.13
2025;12;Secretaria de Assuntos Jurídicos e Patrimônio;4003034.24;1983184.92;247;122;32811.76
2025;12;Secretaria da Fazenda;3387810.79;1704518.57;329;160;21173.82
2025;12;Secretaria de Planejamento e Desenvolvimento Urbano;3070336.35;1523051.51;374;190;16159.66
2025;12;Secretaria de Gabinete Central;2911921.17;1413287.83;303;146;19944.67
2025;12;Secretaria de Governo;2709045.15;1341038.92;230;121;22388.8
2025;12;Secretaria de Administração;2546270.0100000002;1331806.87;322;162;15717.72
2025;12;Secretaria de Serviços Públicos e Obras;2428002.78;1262005.94;304;143;16979.04
2025;12;Secretaria de Recursos Humanos;2203237.23;1213142.8699999999;264;131;16818.6
2025;12;Secretaria do Meio Ambiente, Parques e Jardins;2181816.73;1090373.64;243;126;17316.01
2025;12;Inativos e Pensionistas (Encargos);2176084.2600000002;883281.57;376;188;11574.92
2025;12;Secretaria de Esportes e Lazer;1871811.75;937797.42;190;94;19912.89
2025;12;Secretaria de Parcerias;917660.08;462886.35;99;52;17647.31
2025;12;Secretaria de Cultura;889234.98;466798.62;127;73;12181.3
2025;12;Secretaria de Mobilidade;864879.22;403030.66;106;60;14414.65
2025;12;Secretaria de Comunicação;696931.97;369773.85;66;33;21119.15
2025;12;Secretaria da Habitação e Regularização Fundiária;666295.17;333950.93;76;39;17084.49
2025;12;Secretaria de Relações do Trabalho e Qualificação Profissional;597826.1900000001;287817.12;94;61;9800.43
2025;12;Secretaria de Empreendedorismo da Micro e Pequena Empresa;420185.10000000003;202764.23;47;22;19099.32
2025;12;Secretaria da Mulher;366635.79;176366.24;24;10;36663.58
2025;12;Secretaria de Relações Institucionais e Metropolitanas;312723.64;142763.07;25;11;28429.42
2025;12;Secretaria de Turismo;306021.64;174984.17;25;13;23540.13
2025;12;Secretaria de Inclusão e Transtorno do Espectro Autista;300117.76;159207.19;26;12;25009.81
2025;12;Secretaria de Desenvolvimento Econômico, Trabalho e Turismo;296111.43;152066.07;31;17;17418.32
2025;12;Chefia do Poder Executivo;227662.81;117702.08;10;6;37943.8
2026;1;Secretaria da Educação;61090853.28;41306620.04;11964;7495;8150.88
2026;1;Secretaria da Saúde;29573034.09;20084698.75;2979;2705;10932.73
2026;1;Secretaria de Segurança Urbana;4892906.47;3230606.48;499;465;10522.38
2026;1;Secretaria de Assuntos Jurídicos e Patrimônio;2906696.69;1904592.37;147;121;24022.29
2026;1;Secretaria da Cidadania;2671991.17;1854711.67;325;289;9245.64
2026;1;Secretaria da Fazenda;2195232.99;1471673.07;183;159;13806.5
2026;1;Secretaria de Planejamento e Desenvolvimento Urbano;1740330.3900000001;1180295.48;200;183;9510.0
2026;1;Secretaria de Gabinete Central;1684839.06;1209470.83;162;147;11461.49
2026;1;Secretaria de Governo;1457697.41;1057098.31;125;114;12786.82
2026;1;Secretaria de Administração;1450144.8699999999;996140.6;172;156;9295.8
2026;1;Secretaria de Serviços Públicos e Obras;1446474.1;1016487.93;154;146;9907.36
2026;1;Secretaria do Meio Ambiente, Parques e Jardins;1238110.7;867721.97;147;133;9309.1
2026;1;Secretaria de Recursos Humanos;1183741.93;824351.2;151;129;9176.29
2026;1;Inativos e Pensionistas (Encargos);1098289.23;542788.45;188;188;5841.96
2026;1;Secretaria de Esportes e Lazer;920910.14;592571.21;105;93;9902.26
2026;1;Secretaria de Parcerias;507888.6;358254.71;55;52;9767.09
2026;1;Secretaria de Cultura;488384.0;346711.11;75;71;6878.65
2026;1;Secretaria de Mobilidade;484812.95;309373.8;61;58;8358.84
2026;1;Secretaria de Comunicação;463803.55;360129.97;37;32;14493.86
2026;1;Secretaria da Habitação e Regularização Fundiária;399203.55;291133.81;43;39;10235.99
2026;1;Secretaria de Relações do Trabalho e Qualificação Profissional;341125.21;227704.9;58;55;6202.28
2026;1;Secretaria de Empreendedorismo da Micro e Pequena Empresa;271493.82;197062.67;30;23;11804.08
2026;1;Chefia do Poder Executivo;251564.05;166324.61000000002;13;12;20963.67
2026;1;Secretaria de Desenvolvimento Econômico, Trabalho e Turismo;184743.72;141383.3;18;17;10867.28
2026;1;Secretaria da Mulher;181881.29;137344.44;11;10;18188.13
2026;1;Secretaria de Turismo;166213.85;125146.83;16;13;12785.68
2026;1;Secretaria de Relações Institucionais e Metropolitanas;159357.9;101813.34999999999;12;11;14487.08
2026;1;Secretaria de Inclusão e Transtorno do Espectro Autista;149910.44;107919.53;13;12;12492.54
2026;2;Secretaria da Educação;42945787.25;26750304.78;5682;5505;7801.23
2026;2;Secretaria da Saúde;31803850.15;21664722.62;3152;2691;11818.6
2026;2;Secretaria de Segurança Urbana;4897269.03;3202918.93;493;459;10669.43
2026;2;Secretaria da Cidadania;2863904.89;1989262.94;348;288;9944.11
2026;2;Secretaria de Assuntos Jurídicos e Patrimônio;2420220.53;1651134.82;142;122;19837.87
2026;2;Secretaria da Fazenda;1912672.67;1287579.49;185;159;12029.39
2026;2;Secretaria de Planejamento e Desenvolvimento Urbano;1702215.48;1142138.76;195;182;9352.83
2026;2;Secretaria de Gabinete Central;1675685.1300000001;1178510.76;171;149;11246.21
2026;2;Secretaria de Governo;1548118.51;1145277.21;129;116;13345.85
2026;2;Secretaria de Administração;1527743.19;1080050.14;174;156;9793.23
2026;2;Secretaria de Serviços Públicos e Obras;1399471.2;972725.67;159;143;9786.51
2026;2;Secretaria do Meio Ambiente, Parques e Jardins;1323784.78;933433.04;147;129;10261.9
2026;2;Secretaria de Recursos Humanos;1247661.83;871631.16;151;130;9597.4
2026;2;Inativos e Pensionistas (Encargos);1086874.99;536066.1;187;187;5812.17
2026;2;Secretaria de Esportes e Lazer;1041342.59;714097.12;95;91;11443.33
2026;2;Secretaria de Parcerias;622643.0;477405.21;60;53;11747.98
2026;2;Secretaria de Mobilidade;559449.04;381917.03;66;58;9645.67
2026;2;Secretaria de Cultura;512585.99;363045.35;74;69;7428.78
2026;2;Secretaria da Habitação e Regularização Fundiária;376619.83;276577.98;42;35;10760.57
2026;2;Secretaria de Relações do Trabalho e Qualificação Profissional;373007.47;256512.56;54;49;7612.4
2026;2;Secretaria de Comunicação;366228.89;264932.14;37;32;11444.65
2026;2;Secretaria de Empreendedorismo da Micro e Pequena Empresa;319790.36;247997.62;28;24;13324.6
2026;2;Chefia do Poder Executivo;273414.66;188960.26;13;12;22784.55
2026;2;Secretaria de Desenvolvimento Econômico, Trabalho e Turismo;190140.41;151465.09;19;17;11184.73
2026;2;Secretaria de Inclusão e Transtorno do Espectro Autista;165421.55000000002;125903.79;13;12;13785.13
2026;2;Secretaria de Relações Institucionais e Metropolitanas;164414.33;113245.61;13;11;14946.76
2026;2;Secretaria da Mulher;155250.61000000002;101488.23000000001;9;9;17250.07
2026;2;Secretaria de Turismo;132215.91;95189.96;12;12;11017.99
2026;3;Secretaria da Educação;62019615.93;41782964.94;8461;8215;7549.56
2026;3;Secretaria da Saúde;35713904.06;24334083.23;3055;2683;13311.18
2026;3;Secretaria de Segurança Urbana;5782823.12;3876389.66;504;451;12822.22
2026;3;Secretaria da Cidadania;3324522.32;2357420.93;329;289;11503.54
2026;3;Secretaria de Assuntos Jurídicos e Patrimônio;2656063.65;1782170.51;136;123;21594.01
2026;3;Secretaria da Fazenda;2284503.83;1554823.91;181;156;14644.26
2026;3;Secretaria de Planejamento e Desenvolvimento Urbano;2162920.12;1530852.23;207;180;12016.22
2026;3;Secretaria de Gabinete Central;1788949.56;1215896.26;164;143;12510.14
2026;3;Secretaria de Serviços Públicos e Obras;1639135.16;1170139.16;163;142;11543.21
2026;3;Secretaria de Governo;1625758.86;1157767.6;125;117;13895.37
2026;3;Secretaria de Administração;1615167.49;1152275.0;165;150;10767.78
2026;3;Secretaria do Meio Ambiente, Parques e Jardins;1558232.26;1099364.52;148;131;11894.9
2026;3;Secretaria de Recursos Humanos;1360205.29;965903.97;142;127;10710.28
2026;3;Inativos e Pensionistas (Encargos);1214794.5;655658.6;186;186;6531.15
2026;3;Secretaria de Esportes e Lazer;1088505.64;707762.13;102;89;12230.4
2026;3;Secretaria de Parcerias;641123.81;473833.95;65;53;12096.68
2026;3;Secretaria de Mobilidade;595905.35;399286.44;62;59;10100.09
2026;3;Secretaria de Cultura;536996.56;380225.39;72;68;7897.01
2026;3;Secretaria de Comunicação;471018.76;359734.09;35;30;15700.63
2026;3;Secretaria da Habitação e Regularização Fundiária;451768.39;334984.16;38;35;12907.67
2026;3;Secretaria de Relações do Trabalho e Qualificação Profissional;416928.74;285931.36;52;48;8686.02
2026;3;Chefia do Poder Executivo;268107.23;173626.15;11;11;24373.38
2026;3;Secretaria de Empreendedorismo da Micro e Pequena Empresa;250400.65;169610.58;23;22;11381.85
2026;3;Secretaria da Mulher;202950.09;133941.75;11;10;20295.01
2026;3;Secretaria de Relações Institucionais e Metropolitanas;182864.23;123244.97;13;11;16624.02
2026;3;Secretaria de Desenvolvimento Econômico, Trabalho e Turismo;172237.85;122776.04000000001;16;16;10764.87
2026;3;Secretaria de Turismo;160365.58;117878.23;13;12;13363.8
2026;3;Secretaria de Inclusão e Transtorno do Espectro Autista;155471.16999999998;107476.33;11;11;14133.74
2026;4;Secretaria da Educação;55398579.66;35989175.59;8482;8199;6756.75
2026;4;Secretaria da Saúde;32711913.77;21937009.64;3172;2767;11822.16
2026;4;Secretaria de Segurança Urbana;5095531.69;3338678.01;484;449;11348.62
2026;4;Secretaria da Cidadania;2852787.35;1972880.43;332;289;9871.24
2026;4;Secretaria de Assuntos Jurídicos e Patrimônio;2333930.86;1557036.67;143;122;19130.58
2026;4;Secretaria da Fazenda;2075365.7;1404628.81;187;160;12971.04
2026;4;Secretaria de Planejamento e Desenvolvimento Urbano;1877682.65;1298200.04;199;177;10608.38
2026;4;Secretaria de Gabinete Central;1766919.73;1262875.92;173;146;12102.19
2026;4;Secretaria de Administração;1601932.01;1165696.54;170;149;10751.22
2026;4;Secretaria de Serviços Públicos e Obras;1533787.71;1079996.21;158;142;10801.32
2026;4;Secretaria de Governo;1521827.26;1108323.83;133;124;12272.8
2026;4;Secretaria do Meio Ambiente, Parques e Jardins;1459137.25;1035586.79;151;131;11138.45
2026;4;Secretaria de Recursos Humanos;1294090.72;915868.13;155;130;9954.54
2026;4;Secretaria de Esportes e Lazer;1116742.98;793456.8;100;90;12408.26
2026;4;Inativos e Pensionistas (Encargos);1114212.4;569620.2;184;184;6055.5
2026;4;Secretaria de Parcerias;565153.61;410546.39;64;54;10465.81
2026;4;Secretaria de Mobilidade;559403.86;375396.7;64;58;9644.89
2026;4;Secretaria de Cultura;530666.24;387458.12;78;68;7803.92
2026;4;Secretaria da Habitação e Regularização Fundiária;450865.06;331243.43;41;37;12185.54
2026;4;Secretaria de Relações do Trabalho e Qualificação Profissional;398197.15;266798.82;53;49;8126.47
2026;4;Secretaria de Comunicação;368791.55;273115.43;38;33;11175.5
2026;4;Secretaria de Empreendedorismo da Micro e Pequena Empresa;286149.22000000003;193052.27;30;27;10598.12
2026;4;Secretaria da Mulher;240151.39;167541.78999999998;13;13;18473.18
2026;4;Secretaria de Desenvolvimento Econômico, Trabalho e Turismo;178980.69;142633.68;21;17;10528.28
2026;4;Secretaria de Relações Institucionais e Metropolitanas;168665.37;111664.01000000001;13;12;14055.45
2026;4;Secretaria de Turismo;164936.58000000002;124339.27;16;14;11781.18
2026;4;Chefia do Poder Executivo;155126.92;106126.62000000001;9;9;17236.32
2026;4;Secretaria de Inclusão e Transtorno do Espectro Autista;117197.06;87185.88;11;10;11719.71
2026;5;Secretaria da Educação;55769419.54;35959432.08;8430;8039;6937.36
2026;5;Secretaria da Saúde;33727022.71;22271462.58;3252;2805;12023.89
2026;5;Secretaria de Segurança Urbana;5461095.72;3647723.48;516;483;11306.62
2026;5;Secretaria da Cidadania;2854903.29;1961159.59;311;284;10052.48
2026;5;Secretaria de Assuntos Jurídicos e Patrimônio;2674175.85;1823467.98;136;124;21565.93
2026;5;Secretaria da Fazenda;2509524.99;1729481.4;193;164;15301.98
2026;5;Secretaria de Planejamento e Desenvolvimento Urbano;1773237.18;1183400.57;203;180;9851.32
2026;5;Secretaria de Gabinete Central;1626652.19;1098597.25;163;147;11065.66
2026;5;Secretaria de Serviços Públicos e Obras;1560630.59;1104824.06;156;143;10913.5
2026;5;Secretaria de Governo;1527122.5;1053851.65;138;122;12517.4
2026;5;Secretaria de Administração;1517721.75;1062900.73;168;148;10254.88
2026;5;Secretaria de Recursos Humanos;1367719.56;959951.96;155;131;10440.61
2026;5;Secretaria do Meio Ambiente, Parques e Jardins;1260211.91;866633.65;145;125;10081.7
2026;5;Inativos e Pensionistas (Encargos);1125434.68;578590.12;184;184;6116.49
2026;5;Secretaria de Esportes e Lazer;963439.09;631984.41;92;88;10948.17
2026;5;Secretaria de Parcerias;545154.92;378889.27999999997;62;58;9399.22
2026;5;Secretaria de Mobilidade;532711.79;343912.66;67;59;9029.01
2026;5;Secretaria de Cultura;522426.27;373914.97;77;69;7571.4
2026;5;Secretaria da Habitação e Regularização Fundiária;439381.02;308409.05;41;37;11875.16
2026;5;Secretaria de Comunicação;412032.85000000003;309196.19;37;32;12876.03
2026;5;Secretaria de Relações do Trabalho e Qualificação Profissional;395903.8;269096.02;45;45;8797.86
2026;5;Secretaria de Empreendedorismo da Micro e Pequena Empresa;288453.58;191998.77;28;27;10683.47
2026;5;Secretaria da Mulher;267772.04000000004;188861.71000000002;15;13;20597.85
2026;5;Secretaria de Relações Institucionais e Metropolitanas;239721.58000000002;161525.3;14;12;19976.8
2026;5;Secretaria de Desenvolvimento Econômico, Trabalho e Turismo;213762.06;166600.71;20;15;14250.8
2026;5;Secretaria de Inclusão e Transtorno do Espectro Autista;178628.3;132218.43;14;12;14885.69
2026;5;Secretaria de Turismo;157588.29;113649.88;14;14;11256.31
2026;5;Chefia do Poder Executivo;157569.38;105618.85;8;8;19696.17
2026;6;Secretaria da Educação;58167803.57;37433996.03;8418;8178;7112.72
2026;6;Secretaria da Saúde;33870804.88;22183040.8;3210;2842;11917.95
2026;6;Secretaria de Segurança Urbana;5979397.19;4033605.56;614;584;10238.69
2026;6;Secretaria da Cidadania;2999186.14;2082391.04;328;284;10560.51
2026;6;Secretaria de Assuntos Jurídicos e Patrimônio;2710064.64;1861529.23;146;127;21339.09
2026;6;Secretaria da Fazenda;2125390.93;1486455.2;196;164;12959.7
2026;6;Secretaria de Planejamento e Desenvolvimento Urbano;1924925.07;1318080.73;203;180;10694.03
2026;6;Secretaria de Gabinete Central;1693489.6;1141065.7;168;149;11365.7
2026;6;Secretaria de Administração;1540721.39;1073861.56;177;149;10340.41
2026;6;Secretaria de Governo;1511796.64;1050035.17;134;122;12391.78
2026;6;Secretaria de Serviços Públicos e Obras;1484122.32;1018557.48;153;141;10525.69
2026;6;Secretaria do Meio Ambiente, Parques e Jardins;1411738.82;997718.37;141;124;11384.99
2026;6;Secretaria de Recursos Humanos;1406478.14;983086.1;153;135;10418.36
2026;6;Inativos e Pensionistas (Encargos);1120747.43;577695.21;183;183;6124.3
2026;6;Secretaria de Esportes e Lazer;985455.29;645613.89;94;89;11072.53
2026;6;Secretaria de Parcerias;638088.85;463694.36;65;56;11394.44
2026;6;Secretaria de Mobilidade;609563.31;404051.77;69;63;9675.61
2026;6;Secretaria de Cultura;599783.73;433397.95;78;70;8568.34
2026;6;Secretaria da Habitação e Regularização Fundiária;486956.58;350788.66;43;39;12486.07
2026;6;Secretaria de Comunicação;361814.6;264521.06;36;32;11306.71
2026;6;Secretaria de Relações do Trabalho e Qualificação Profissional;347798.19;222832.72;44;40;8694.95
2026;6;Secretaria de Empreendedorismo da Micro e Pequena Empresa;340511.44;242101.41999999998;30;28;12161.12
2026;6;Secretaria da Mulher;226589.94;175090.99;14;11;20599.09
2026;6;Chefia do Poder Executivo;189447.28;125889.1;9;9;21049.7
2026;6;Secretaria de Desenvolvimento Econômico, Trabalho e Turismo;182616.66;132498.29;17;16;11413.54
2026;6;Secretaria de Turismo;160433.11;115829.53;15;15;10695.54
2026;6;Secretaria de Relações Institucionais e Metropolitanas;157074.1;102326.06;11;10;15707.41
2026;6;Secretaria de Inclusão e Transtorno do Espectro Autista;151376.85;106331.93;12;11;13761.53
2026;7;Secretaria da Educação;66651078.86;39923112.14;11091;8166;8162.02
2026;7;Secretaria da Saúde;36762471.2;24010334.44;4114;2855;12876.52
2026;7;Secretaria de Segurança Urbana;7683726.05;4852064.13;848;586;13112.16
2026;7;Secretaria da Cidadania;3166848.87;2139563.96;425;288;10996.0
2026;7;Secretaria da Fazenda;2767288.84;1724692.43;304;165;16771.45
2026;7;Secretaria de Assuntos Jurídicos e Patrimônio;2660290.61;1723839.2;196;126;21113.42
2026;7;Secretaria de Planejamento e Desenvolvimento Urbano;2291203.64;1608531.54;292;186;12318.3
2026;7;Secretaria de Gabinete Central;1963509.97;1342717.9;231;152;12917.83
2026;7;Secretaria de Governo;1748586.73;1260785.54;161;123;14216.15
2026;7;Secretaria de Serviços Públicos e Obras;1574356.15;1080500.95;192;144;10933.03
2026;7;Secretaria de Administração;1565934.0;1053551.7;237;153;10234.86
2026;7;Secretaria de Recursos Humanos;1560661.82;1076689.7;217;135;11560.46
2026;7;Secretaria do Meio Ambiente, Parques e Jardins;1506712.3599999999;1021592.26;179;126;11958.03
2026;7;Secretaria de Esportes e Lazer;1151810.97;768174.3;141;93;12385.06
2026;7;Inativos e Pensionistas (Encargos);1104776.27;573432.37;180;180;6137.65
2026;7;Secretaria de Mobilidade;640281.65;410285.52;91;75;8537.09
2026;7;Secretaria de Parcerias;633234.1;429609.12;79;58;10917.83
2026;7;Secretaria da Habitação e Regularização Fundiária;577876.42;413747.08999999997;64;40;14446.91
2026;7;Secretaria de Cultura;569569.63;379760.13;93;69;8254.63
2026;7;Secretaria de Comunicação;436945.68;328835.91000000003;40;31;14095.02
2026;7;Secretaria de Relações do Trabalho e Qualificação Profissional;365058.96;228715.66;51;41;8903.88
2026;7;Secretaria de Empreendedorismo da Micro e Pequena Empresa;328726.69;225601.77;40;30;10957.56
2026;7;Secretaria de Inclusão e Transtorno do Espectro Autista;227152.19;180671.09;18;12;18929.35
2026;7;Chefia do Poder Executivo;208250.38;142920.4;12;9;23138.93
2026;7;Secretaria de Desenvolvimento Econômico, Trabalho e Turismo;196982.86;142553.72999999998;22;18;10943.49
2026;7;Secretaria da Mulher;189759.76;134984.97;14;11;17250.89
2026;7;Secretaria de Relações Institucionais e Metropolitanas;179675.09;137119.82;14;10;17967.51
2026;7;Secretaria de Turismo;173560.63;125750.23999999999;18;16;10847.54
2026;8;Secretaria da Educação;58336717.14;37193462.12;8324;8154;7154.37
2026;8;Secretaria da Saúde;34507539.16;22889008.69;3188;2878;11990.11
2026;8;Secretaria de Segurança Urbana;6239013.66;4132043.83;623;580;10756.92
2026;8;Secretaria da Cidadania;3074167.49;2103498.35;337;298;10316.0
2026;8;Secretaria de Assuntos Jurídicos e Patrimônio;2513724.96;1615733.08;148;128;19638.48
2026;8;Secretaria da Fazenda;2204462.34;1500809.32;186;164;13441.84
2026;8;Secretaria de Planejamento e Desenvolvimento Urbano;1792840.78;1185693.66;197;183;9796.94
2026;8;Secretaria de Gabinete Central;1779903.19;1213819.77;191;160;11124.39
2026;8;Secretaria de Governo;1724632.07;1196273.15;142;126;13687.56
2026;8;Secretaria de Administração;1557756.52;1099381.09;169;150;10385.04
2026;8;Secretaria de Serviços Públicos e Obras;1424701.09;964360.01;154;142;10033.11
2026;8;Secretaria do Meio Ambiente, Parques e Jardins;1376466.89;926609.41;144;129;10670.29
2026;8;Secretaria de Recursos Humanos;1367845.75;956852.28;144;130;10521.89
2026;8;Inativos e Pensionistas (Encargos);1097987.4;569198.11;179;179;6134.01
2026;8;Secretaria de Esportes e Lazer;1035656.43;697161.98;107;101;10254.02
2026;8;Secretaria de Mobilidade;912183.76;698296.37;80;75;12162.45
2026;8;Secretaria de Parcerias;624955.2000000001;449198.11;65;55;11362.82
2026;8;Secretaria de Cultura;593271.14;422201.29;80;72;8239.88
2026;8;Secretaria da Habitação e Regularização Fundiária;467092.28;332962.39;42;38;12291.9
2026;8;Secretaria de Relações do Trabalho e Qualificação Profissional;421830.17;303036.54;42;39;10816.16
2026;8;Secretaria de Comunicação;404743.12;297897.31;36;33;12264.94
2026;8;Secretaria de Empreendedorismo da Micro e Pequena Empresa;285887.79;188098.52;29;27;10588.44
2026;8;Secretaria de Desenvolvimento Econômico, Trabalho e Turismo;215435.44;156801.52;19;18;11968.64
2026;8;Chefia do Poder Executivo;183051.72;123637.94;11;9;20339.08
2026;8;Secretaria da Mulher;172978.62;117907.88;11;11;15725.33
2026;8;Secretaria de Turismo;163429.03;118071.36;16;16;10214.31
2026;8;Secretaria de Relações Institucionais e Metropolitanas;163347.6;125550.09;9;9;18149.73
2026;8;Secretaria de Inclusão e Transtorno do Espectro Autista;142942.03;96945.78;12;12;11911.84
